timestamp,x,y,z
2025-09-23T16:19:07.699153,-0.2847459,9.815358,-0.059820566
2025-09-23T16:19:07.905943,-0.31585258,9.779466,-0.14356937
2025-09-23T16:19:07.906036,-0.35174492,9.805787,-0.0741775
2025-09-23T16:19:07.906062,-0.44985065,9.793823,0.0023928226
2025-09-23T16:19:07.906083,-0.45942193,9.772287,-0.06699903
2025-09-23T16:19:07.906103,-0.47138608,9.810573,-0.11006984
2025-09-23T16:19:07.906122,-0.46181476,9.834501,-0.016749758
2025-09-23T16:19:07.906141,-0.37088752,9.762716,-0.11485548
2025-09-23T16:19:07.906159,-0.3684947,9.777073,-0.21774685
2025-09-23T16:19:07.906178,-0.36610186,9.88475,-0.043070808
2025-09-23T16:19:07.906196,-0.45942193,9.84168,-0.016749758
2025-09-23T16:19:07.906215,-0.46660042,9.736395,-0.076570325
2025-09-23T16:19:07.906234,-0.37328035,9.731609,-0.1268196
2025-09-23T16:19:07.906252,-0.33020952,9.815358,-0.09571291
2025-09-23T16:19:07.906270,-0.27756742,9.870394,-0.05742774
2025-09-23T16:19:07.906289,-0.30388847,9.834501,-0.047856454
2025-09-23T16:19:07.906308,-0.3278167,9.779466,0.043070808
2025-09-23T16:19:07.906326,-0.36610186,9.786645,0.021535404
2025-09-23T16:19:07.906344,-0.3924229,9.779466,0.014356935
2025-09-23T16:19:07.906362,-0.27756742,9.772287,0.014356935
2025-09-23T16:19:07.906380,-0.19142582,9.738789,0.014356935
2025-09-23T16:19:08.102029,-0.13878371,9.798609,0.011964113
2025-09-23T16:19:08.291961,-0.124426775,9.853643,0.0071784677
2025-09-23T16:19:08.292033,-0.06460621,9.846465,0.0526421
2025-09-23T16:19:08.292076,-0.05742774,9.77468,0.08135597
2025-09-23T16:19:08.292096,-0.08853444,9.707682,0.043070808
2025-09-23T16:19:08.292116,-0.124426775,9.750752,0.05742774
2025-09-23T16:19:08.292134,-0.11006984,9.822537,0.11964113
2025-09-23T16:19:08.292151,-0.11006984,9.822537,0.10049855
2025-09-23T16:19:08.292168,-0.09571291,9.743574,-0.12203395
2025-09-23T16:19:08.292186,-0.1363909,9.700503,-0.11964113
2025-09-23T16:19:08.292205,-0.124426775,9.760324,0.040677983
2025-09-23T16:19:08.292223,-0.15792629,9.805787,-0.011964113
2025-09-23T16:19:08.292240,-0.28235307,9.793823,-0.10289137
2025-09-23T16:19:08.292257,-0.31345975,9.731609,-0.038285162
2025-09-23T16:19:08.292274,-0.37806597,9.767502,0.12921242
2025-09-23T16:19:08.292291,-0.42592242,9.781859,0.083748795
2025-09-23T16:19:08.292311,-0.44745782,9.789038,-0.11485548
2025-09-23T16:19:08.313191,-0.44506502,9.856036,-0.09571291
2025-09-23T16:19:08.313275,-0.5240282,9.851251,0.0741775
2025-09-23T16:19:08.313300,-0.5623133,9.8321085,0.016749758
2025-09-23T16:19:08.313321,-0.46660042,9.738789,-0.07178468
2025-09-23T16:19:08.313341,-0.38524446,9.762716,0.040677983
2025-09-23T16:19:08.487266,-0.44506502,9.793823,0.06460621
2025-09-23T16:19:08.521578,-0.42831525,9.793823,0.016749758
2025-09-23T16:19:08.521680,-0.35653058,9.789038,0.019142581
2025-09-23T16:19:08.521704,-0.29192436,9.822537,0.06699903
2025-09-23T16:19:08.521725,-0.25124636,9.8321085,-0.09332009
2025-09-23T16:19:08.521745,-0.2440679,9.77468,-0.11246266
2025-09-23T16:19:08.521764,-0.19860429,9.743574,0.038285162
2025-09-23T16:19:08.521782,-0.21774685,9.769895,0.13399807
2025-09-23T16:19:08.521800,-0.21296121,9.762716,0.09092726
2025-09-23T16:19:08.521819,-0.11964113,9.71486,-0.043070808
2025-09-23T16:19:08.682878,-0.038285162,9.745967,-0.033499517
2025-09-23T16:19:08.792935,-0.043070808,9.769895,-0.023928227
2025-09-23T16:19:08.793022,-0.06699903,9.79143,-0.009571291
2025-09-23T16:19:08.793044,-0.07178468,9.798609,0.059820566
2025-09-23T16:19:08.793064,-0.124426775,9.812965,0.05742774
2025-09-23T16:19:08.793083,-0.19860429,9.789038,-0.021535404
2025-09-23T16:19:08.793100,-0.26799613,9.829716,-0.05742774
2025-09-23T16:19:08.793117,-0.36131623,9.848858,-0.014356935
2025-09-23T16:19:08.793134,-0.40677986,9.834501,-0.0023928226
2025-09-23T16:19:08.793151,-0.45942193,9.810573,-0.02871387
2025-09-23T16:19:08.793171,-0.57906306,9.779466,-0.0071784677
2025-09-23T16:19:08.889469,-0.6412765,9.772287,0.047856454
2025-09-23T16:19:08.920112,-0.57906306,9.793823,-0.043070808
2025-09-23T16:19:08.920215,-0.53599226,9.82493,-0.031106694
2025-09-23T16:19:08.920283,-0.4977071,9.858429,0.038285162
2025-09-23T16:19:08.920351,-0.43788654,9.846465,-0.009571291
2025-09-23T16:19:08.920402,-0.3182454,9.80818,-0.10767702
2025-09-23T16:19:08.920453,-0.12203395,9.798609,-0.10289137
2025-09-23T16:19:08.920502,-0.0047856453,9.805787,-0.043070808
2025-09-23T16:19:08.920552,0.050249275,9.784252,-0.13878371
2025-09-23T16:19:08.920617,0.10289137,9.712467,-0.25842485
2025-09-23T16:19:08.920664,0.12203395,9.726824,-0.2440679
2025-09-23T16:19:09.093843,0.09571291,9.805787,-0.10049855
2025-09-23T16:19:09.202896,0.0023928226,9.851251,-0.06699903
2025-09-23T16:19:09.202996,-0.09571291,9.860822,-0.09810573
2025-09-23T16:19:09.203054,-0.29192436,9.856036,0.0
2025-09-23T16:19:09.203106,-0.33738798,9.80818,-0.13878371
2025-09-23T16:19:09.203159,-0.37088752,9.810573,-0.35413775
2025-09-23T16:19:09.203210,-0.30149564,9.786645,-0.31106696
2025-09-23T16:19:09.203259,-0.20578274,9.729217,-0.29671
2025-09-23T16:19:09.203308,-0.040677983,9.657433,-0.4953143
2025-09-23T16:19:09.203358,0.0023928226,9.628718,-0.3804588
2025-09-23T16:19:09.279804,-0.2321038,9.755538,-0.1698904
2025-09-23T16:19:09.355917,-1.0552348,9.973285,0.5024927
2025-09-23T16:19:09.356033,-1.6510476,10.114461,0.86859465
2025-09-23T16:19:09.356099,-1.1676974,9.817751,0.30388847
2025-09-23T16:19:09.356154,-0.5766702,9.552148,-0.13160525
2025-09-23T16:19:09.356204,-0.25124636,9.413364,-0.21774685
2025-09-23T16:19:09.356253,-0.22971097,9.695718,-0.2847459
2025-09-23T16:19:09.356301,-0.17706887,9.889536,-0.46181476
2025-09-23T16:19:09.356350,-0.02632105,9.8727865,-0.47856453
2025-09-23T16:19:09.356399,0.011964113,9.80818,-0.30388847
2025-09-23T16:19:09.356449,-0.069391854,9.829716,-0.10289137
2025-09-23T16:19:09.484091,-0.16271193,9.868001,-0.050249275
2025-09-23T16:19:09.660505,-0.21296121,9.891929,-0.11485548
2025-09-23T16:19:09.660611,-0.19142582,9.887143,-0.19381863
2025-09-23T16:19:09.660666,-0.26081768,9.858429,-0.18903299
2025-09-23T16:19:09.660832,-0.36370903,9.784252,-0.21774685
2025-09-23T16:19:09.660930,-0.46660042,9.762716,-0.2416751
2025-09-23T16:19:09.660956,-0.59581286,9.762716,-0.31106696
2025-09-23T16:19:09.660977,-0.74895346,9.803394,-0.28713873
2025-09-23T16:19:09.660995,-0.87338024,9.772287,-0.12921242
2025-09-23T16:19:09.661013,-0.85184485,9.729217,0.02871387
2025-09-23T16:19:09.661030,-0.71306115,9.71486,0.047856454
2025-09-23T16:19:09.661048,-0.57427746,9.757931,-0.09571291
2025-09-23T16:19:09.661065,-0.4833502,9.74836,-0.24885355
2025-09-23T16:19:09.661084,-0.32063824,9.724431,-0.21774685
2025-09-23T16:19:09.661102,-0.17467605,9.74836,-0.14356937
2025-09-23T16:19:09.661120,-0.15553348,9.793823,-0.18903299
2025-09-23T16:19:09.661139,-0.16510476,9.805787,-0.28235307
2025-09-23T16:19:09.674621,-0.22971097,9.858429,-0.31345975
2025-09-23T16:19:09.674685,-0.31345975,9.769895,-0.2727818
2025-09-23T16:19:09.674709,-0.33738798,9.734002,-0.26081768
2025-09-23T16:19:09.819804,-0.33738798,9.767502,-0.39481574
2025-09-23T16:19:09.819888,-0.44027936,9.817751,-0.4977071
2025-09-23T16:19:09.819918,-0.5168497,9.812965,-0.3804588
2025-09-23T16:19:09.819938,-0.49292147,9.755538,-0.25603202
2025-09-23T16:19:09.819959,-0.4953143,9.7196455,-0.30388847
2025-09-23T16:19:09.819994,-0.4977071,9.729217,-0.3062813
2025-09-23T16:19:09.820013,-0.39720857,9.743574,-0.2321038
2025-09-23T16:19:09.820047,-0.32542387,9.753145,-0.24646074
2025-09-23T16:19:09.935943,-0.27517462,9.796216,-0.3684947
2025-09-23T16:19:09.935996,-0.28713873,9.762716,-0.4331009
2025-09-23T16:19:09.936030,-0.27038896,9.736395,-0.45224348
2025-09-23T16:19:09.936050,-0.31585258,9.712467,-0.45702913
2025-09-23T16:19:09.936068,-0.38285163,9.786645,-0.4354937
2025-09-23T16:19:09.936087,-0.44027936,9.8727865,-0.40917268
2025-09-23T16:19:09.936121,-0.4426722,9.889536,-0.37328035
2025-09-23T16:19:09.951893,-0.4235296,9.812965,-0.3589234
2025-09-23T16:19:10.071701,-0.37567315,9.762716,-0.37088752
2025-09-23T16:19:10.071770,-0.3589234,9.762716,-0.3684947
2025-09-23T16:19:10.071794,-0.40677986,9.757931,-0.41156548
2025-09-23T16:19:10.071820,-0.4426722,9.79143,-0.4354937
2025-09-23T16:19:10.071845,-0.45702913,9.834501,-0.39720857
2025-09-23T16:19:10.071903,-0.5072784,9.870394,-0.33260235
2025-09-23T16:19:10.224975,-0.5096712,9.803394,-0.35413775
2025-09-23T16:19:10.225044,-0.4833502,9.781859,-0.5240282
2025-09-23T16:19:10.225068,-0.51445687,9.80818,-0.57427746
2025-09-23T16:19:10.225098,-0.5838487,9.779466,-0.52163535
2025-09-23T16:19:10.225117,-0.6125626,9.741181,-0.5312066
2025-09-23T16:19:10.225135,-0.6269195,9.695718,-0.6580262
2025-09-23T16:19:10.225153,-0.6628119,9.657433,-0.8039884
2025-09-23T16:19:10.225186,-0.715454,9.683753,-0.8662018
2025-09-23T16:19:10.237808,-0.69152576,9.743574,-0.90448695
2025-09-23T16:19:10.252430,-0.56470615,9.767502,-0.91166544
2025-09-23T16:19:10.310815,-0.4546363,9.796216,-0.8662018
2025-09-23T16:19:10.310896,-0.4211368,9.80818,-0.7537391
2025-09-23T16:19:10.310935,-0.37328035,9.839287,-0.6149554
2025-09-23T16:19:10.336618,-0.27517462,9.769895,-0.55752766
2025-09-23T16:19:10.346052,-0.24646074,9.705289,-0.57188463
2025-09-23T16:19:10.362851,-0.2536392,9.74836,-0.6053841
2025-09-23T16:19:10.400064,-0.34456646,9.834501,-0.6556334
2025-09-23T16:19:10.419407,-0.36131623,9.858429,-0.7537391
2025-09-23T16:19:10.425770,-0.41635114,9.769895,-0.8039884
2025-09-23T16:19:10.439192,-0.45702913,9.753145,-0.8063812
2025-09-23T16:19:10.464524,-0.51445687,9.812965,-0.78723866
2025-09-23T16:19:10.522298,-0.5766702,9.894321,-0.79441714
2025-09-23T16:19:10.522355,-0.66759753,9.8321085,-0.80877405
2025-09-23T16:19:10.522391,-0.6269195,9.777073,-0.83030945
2025-09-23T16:19:10.565714,-0.5455636,9.7196455,-0.80877405
2025-09-23T16:19:10.565784,-0.4833502,9.702896,-0.8279166
2025-09-23T16:19:10.581199,-0.46181476,9.741181,-0.8781659
2025-09-23T16:19:10.589771,-0.55752766,9.810573,-0.91405827
2025-09-23T16:19:10.615632,-0.55513483,9.84168,-0.8566305
2025-09-23T16:19:10.627425,-0.4977071,9.820144,-0.7920243
2025-09-23T16:19:10.652875,-0.552742,9.7196455,-0.8135597
2025-09-23T16:19:10.663775,-0.5455636,9.631111,-0.8997013
2025-09-23T16:19:10.787707,-0.46181476,9.676575,-0.9403793
2025-09-23T16:19:10.787768,-0.3924229,9.755538,-0.8709874
2025-09-23T16:19:10.787806,-0.3684947,9.784252,-0.82313097
2025-09-23T16:19:10.787824,-0.34217364,9.755538,-0.8350951
2025-09-23T16:19:10.787842,-0.41635114,9.686146,-0.8662018
2025-09-23T16:19:10.787874,-0.4953143,9.60479,-0.8925229
2025-09-23T16:19:10.889706,-0.62931234,9.540184,-0.8877372
2025-09-23T16:19:10.889770,-0.6723832,9.549755,-0.930808
2025-09-23T16:19:10.889792,-0.701097,9.52822,-0.94755775
2025-09-23T16:19:10.889811,-0.70588267,9.58804,-0.94277215
2025-09-23T16:19:10.889841,-0.6771688,9.614362,-0.91405827
2025-09-23T16:19:11.138723,-0.6843473,9.571291,-0.8781659
2025-09-23T16:19:11.138819,-0.7752745,9.509077,-0.9379865
2025-09-23T16:19:11.138843,-0.7082755,9.695718,-1.026521
2025-09-23T16:19:11.138862,-0.64606214,9.968499,-0.94755775
2025-09-23T16:19:11.138880,-0.77766734,10.047462,-0.82313097
2025-09-23T16:19:11.138898,-0.782453,9.726824,-0.7609176
2025-09-23T16:19:11.138916,-0.8063812,9.530613,-0.7920243
2025-09-23T16:19:11.138934,-0.6843473,9.678967,-0.9379865
2025-09-23T16:19:11.138952,-0.59581286,9.970892,-1.0193424
2025-09-23T16:19:11.138971,-0.7082755,10.171889,-1.0815558
2025-09-23T16:19:11.138989,-0.7513463,10.126426,-1.1150553
2025-09-23T16:19:11.139008,-0.7082755,9.829716,-1.0097711
2025-09-23T16:19:11.139026,-0.6723832,9.389436,-0.82313097
2025-09-23T16:19:11.139059,-0.5886344,9.102298,-0.6053841
2025-09-23T16:19:11.249962,-0.51206404,9.152547,-0.50009996
2025-09-23T16:19:11.250010,-0.5623133,9.480363,-0.5766702
2025-09-23T16:19:11.250049,-0.59581286,9.9756775,-0.6939186
2025-09-23T16:19:11.250068,-0.49292147,10.432707,-0.65324056
2025-09-23T16:19:11.250094,-0.4139583,10.542776,-0.5694918
2025-09-23T16:19:11.369656,-0.27038896,10.389636,-0.46181476
2025-09-23T16:19:11.369725,-0.16271193,10.169497,-0.3900301
2025-09-23T16:19:11.369764,-0.11724831,9.870394,-0.33738798
2025-09-23T16:19:11.369785,0.0071784677,9.657433,-0.36610186
2025-09-23T16:19:11.369809,-0.19621146,9.485149,-0.3493521
2025-09-23T16:19:11.369834,-0.44745782,9.415757,-0.37806597
2025-09-23T16:19:11.369866,-0.60059845,9.518648,-0.36131623
2025-09-23T16:19:11.410141,-0.7082755,9.683753,-0.36610186
2025-09-23T16:19:11.410246,-0.81595254,9.812965,-0.40917268
2025-09-23T16:19:11.415880,-1.012164,9.875179,-0.5599205
2025-09-23T16:19:11.434495,-1.2227324,9.853643,-0.62931234
2025-09-23T16:19:11.545563,-1.1629118,9.796216,-0.6197411
2025-09-23T16:19:11.545643,-0.8063812,9.695718,-0.57188463
2025-09-23T16:19:11.545688,-0.64845496,9.6071825,-0.50009996
2025-09-23T16:19:11.545708,-0.66041905,9.595219,-0.3900301
2025-09-23T16:19:11.545739,-0.6125626,9.611969,-0.26799613
2025-09-23T16:19:11.597934,-0.5910272,9.700503,-0.19142582
2025-09-23T16:19:11.597999,-0.6149554,9.803394,-0.20817557
2025-09-23T16:19:11.598061,-0.60059845,9.879965,-0.22731815
2025-09-23T16:19:11.605026,-0.50009996,9.896714,-0.21774685
2025-09-23T16:19:11.626405,-0.47377887,9.829716,-0.22253251
2025-09-23T16:19:11.642812,-0.48095736,9.743574,-0.26799613
2025-09-23T16:19:11.670685,-0.51206404,9.683753,-0.3397808
2025-09-23T16:19:11.679631,-0.58624154,9.760324,-0.31585258
2025-09-23T16:19:11.707887,-0.7298109,9.777073,-0.20338993
2025-09-23T16:19:11.720676,-0.80159557,9.753145,-0.16510476
2025-09-23T16:19:11.734768,-0.7393822,9.736395,-0.26081768
2025-09-23T16:19:11.758896,-0.7082755,9.789038,-0.35413775
2025-09-23T16:19:11.772911,-0.6939186,9.777073,-0.30867413
2025-09-23T16:19:11.790419,-0.55513483,9.722038,-0.18664017
2025-09-23T16:19:11.808947,-0.47377887,9.743574,-0.18424734
2025-09-23T16:19:11.846156,-0.4833502,9.80818,-0.17706887
2025-09-23T16:19:11.851072,-0.51206404,9.846465,-0.10767702
2025-09-23T16:19:11.866751,-0.51206404,9.8321085,-0.038285162
2025-09-23T16:19:11.893791,-0.4977071,9.817751,-0.124426775
2025-09-23T16:19:11.908939,-0.45942193,9.822537,-0.2536392
2025-09-23T16:19:11.922310,-0.4426722,9.784252,-0.27996024
2025-09-23T16:19:11.941932,-0.4953143,9.801002,-0.2632105
2025-09-23T16:19:11.960736,-0.5886344,9.80818,-0.26799613
2025-09-23T16:19:12.038984,-0.6723832,9.79143,-0.25124636
2025-09-23T16:19:12.053892,-0.715454,9.755538,-0.19860429
2025-09-23T16:19:12.054003,-0.7322037,9.741181,-0.22971097
2025-09-23T16:19:12.054083,-0.7298109,9.757931,-0.22971097
2025-09-23T16:19:12.062895,-0.6987042,9.753145,-0.19381863
2025-09-23T16:19:12.078119,-0.567099,9.74836,-0.17467605
2025-09-23T16:19:12.101941,-0.53359944,9.743574,-0.24646074
2025-09-23T16:19:12.135481,-0.50488555,9.745967,-0.28235307
2025-09-23T16:19:12.135606,-0.40917268,9.731609,-0.26081768
2025-09-23T16:19:12.149056,-0.41874397,9.717253,-0.23928227
2025-09-23T16:19:12.168545,-0.46660042,9.710074,-0.2440679
2025-09-23T16:19:12.188682,-0.4881358,9.762716,-0.33499518
2025-09-23T16:19:12.207915,-0.53599226,9.777073,-0.34217364
2025-09-23T16:19:12.224220,-0.6364908,9.769895,-0.28713873
2025-09-23T16:19:12.243786,-0.6963114,9.74836,-0.22492532
2025-09-23T16:19:12.260936,-0.62452674,9.762716,-0.29192436
2025-09-23T16:19:12.292643,-0.5694918,9.777073,-0.38524446
2025-09-23T16:19:12.308121,-0.51206404,9.789038,-0.31345975
2025-09-23T16:19:12.328377,-0.4235296,9.827323,-0.16031912
2025-09-23T16:19:12.338002,-0.3469593,9.82493,-0.08135597
2025-09-23T16:19:12.355075,-0.33020952,9.812965,-0.15792629
2025-09-23T16:19:12.374001,-0.38763726,9.812965,-0.28953153
2025-09-23T16:19:12.431872,-0.43070808,9.851251,-0.35413775
2025-09-23T16:19:12.443762,-0.5192425,9.82493,-0.31585258
2025-09-23T16:19:12.443811,-0.55513483,9.79143,-0.23688944
2025-09-23T16:19:12.454695,-0.5694918,9.79143,-0.25124636
2025-09-23T16:19:12.469825,-0.6029913,9.789038,-0.2656033
2025-09-23T16:19:12.496191,-0.55752766,9.741181,-0.24646074
2025-09-23T16:19:12.505369,-0.5288138,9.753145,-0.22492532
2025-09-23T16:19:12.529816,-0.47856453,9.760324,-0.24885355
2025-09-23T16:19:12.562248,-0.4331009,9.784252,-0.29671
2025-09-23T16:19:12.568333,-0.37567315,9.80818,-0.31585258
2025-09-23T16:19:12.639192,-0.37567315,9.829716,-0.3062813
2025-09-23T16:19:12.654840,-0.38524446,9.88475,-0.2632105
2025-09-23T16:19:12.654905,-0.36131623,9.911072,-0.24646074
2025-09-23T16:19:12.654939,-0.38763726,9.887143,-0.25603202
2025-09-23T16:19:12.675929,-0.4235296,9.827323,-0.28713873
2025-09-23T16:19:12.675978,-0.42831525,9.815358,-0.3062813
2025-09-23T16:19:12.692876,-0.4761717,9.789038,-0.31585258
2025-09-23T16:19:12.712705,-0.54317075,9.77468,-0.31585258
2025-09-23T16:19:12.753946,-0.567099,9.745967,-0.33499518
2025-09-23T16:19:12.819803,-0.59581286,9.734002,-0.3397808
2025-09-23T16:19:12.819884,-0.62452674,9.738789,-0.32542387
2025-09-23T16:19:12.828823,-0.61734825,9.79143,-0.33260235
2025-09-23T16:19:12.828871,-0.5910272,9.757931,-0.29671
2025-09-23T16:19:12.853083,-0.5383851,9.702896,-0.27038896
2025-09-23T16:19:12.853129,-0.45224348,9.705289,-0.2656033
2025-09-23T16:19:12.863383,-0.39481574,9.793823,-0.2009971
2025-09-23T16:19:12.885931,-0.41874397,9.853643,-0.15792629
2025-09-23T16:19:12.908269,-0.36131623,9.853643,-0.11964113
2025-09-23T16:19:12.923065,-0.25603202,9.793823,-0.15074782
2025-09-23T16:19:12.938785,-0.2656033,9.860822,-0.18185452
2025-09-23T16:19:12.979519,-0.21535404,9.856036,-0.17467605
2025-09-23T16:19:12.992919,-0.15792629,9.839287,-0.22013968
2025-09-23T16:19:12.996368,-0.27996024,9.79143,-0.3062813
2025-09-23T16:19:13.016438,-0.3278167,9.786645,-0.28713873
2025-09-23T16:19:13.031952,-0.27996024,9.762716,-0.18424734
2025-09-23T16:19:13.122070,-0.20578274,9.755538,-0.1698904
2025-09-23T16:19:13.129047,-0.2536392,9.777073,-0.18424734
2025-09-23T16:19:13.278688,-0.20578274,9.762716,-0.09571291
2025-09-23T16:19:13.509481,-0.19142582,9.726824,-0.08853444
2025-09-23T16:19:13.509592,-0.23688944,9.736395,-0.1698904
2025-09-23T16:19:13.509648,-0.2440679,9.731609,-0.19860429
2025-09-23T16:19:13.509697,-0.23928227,9.772287,-0.086141616
2025-09-23T16:19:13.509747,-0.18903299,9.79143,-0.050249275
2025-09-23T16:19:13.509795,-0.20817557,9.786645,-0.148355
2025-09-23T16:19:13.509840,-0.15553348,9.8321085,-0.20578274
2025-09-23T16:19:13.509885,-0.20338993,9.772287,-0.20578274
2025-09-23T16:19:13.509930,-0.28235307,9.77468,-0.16031912
2025-09-23T16:19:13.509976,-0.27756742,9.79143,-0.08135597
2025-09-23T16:19:13.510021,-0.28713873,9.781859,0.0
2025-09-23T16:19:13.510067,-0.33738798,9.796216,0.086141616
2025-09-23T16:19:13.510111,-0.3589234,9.817751,0.0526421
2025-09-23T16:19:13.510155,-0.33738798,9.779466,-0.14356937
2025-09-23T16:19:13.510199,-0.26799613,9.755538,-0.05503492
2025-09-23T16:19:13.510243,-0.148355,9.82493,0.19621146
2025-09-23T16:19:13.510288,-0.1794617,9.796216,0.02871387
2025-09-23T16:19:13.510331,-0.18903299,9.772287,-0.13160525
2025-09-23T16:19:13.510377,-0.15074782,9.793823,0.11485548
2025-09-23T16:19:13.510423,-0.19381863,9.839287,0.23688944
2025-09-23T16:19:13.686820,-0.2416751,9.762716,-0.031106694
2025-09-23T16:19:13.888175,-0.25842485,9.669396,-0.22492532
2025-09-23T16:19:13.888272,-0.27996024,9.664611,-0.18664017
2025-09-23T16:19:13.888324,-0.3684947,9.712467,-0.16271193
2025-09-23T16:19:13.888373,-0.4139583,9.722038,-0.17467605
2025-09-23T16:19:13.888420,-0.38763726,9.755538,-0.07178468
2025-09-23T16:19:13.888470,-0.35653058,9.772287,0.0047856453
2025-09-23T16:19:13.888517,-0.32542387,9.801002,0.050249275
2025-09-23T16:19:13.888563,-0.2321038,9.829716,0.03589234
2025-09-23T16:19:13.888629,-0.20817557,9.882358,0.0071784677
2025-09-23T16:19:13.888686,-0.27756742,9.915857,0.076570325
2025-09-23T16:19:13.888733,-0.3684947,9.853643,0.014356935
2025-09-23T16:19:13.888780,-0.44506502,9.815358,-0.014356935
2025-09-23T16:19:13.888829,-0.50488555,9.801002,0.10049855
2025-09-23T16:19:13.888876,-0.50488555,9.77468,0.050249275
2025-09-23T16:19:13.888923,-0.45942193,9.757931,0.02871387
2025-09-23T16:19:13.888968,-0.39960137,9.762716,0.069391854
2025-09-23T16:19:13.898184,-0.3062813,9.765109,0.05742774
2025-09-23T16:19:13.898287,-0.24885355,9.779466,0.033499517
2025-09-23T16:19:13.898341,-0.25603202,9.767502,-0.04546363
2025-09-23T16:19:13.898390,-0.24646074,9.820144,-0.0741775
2025-09-23T16:19:14.088239,-0.30388847,9.851251,-0.0047856453
2025-09-23T16:19:14.097950,-0.3924229,9.834501,0.033499517
2025-09-23T16:19:14.098040,-0.41874397,9.765109,0.021535404
2025-09-23T16:19:14.098091,-0.42831525,9.738789,0.014356935
2025-09-23T16:19:14.098137,-0.44506502,9.781859,0.13399807
2025-09-23T16:19:14.098183,-0.45942193,9.82493,0.09810573
2025-09-23T16:19:14.098238,-0.4139583,9.812965,-0.0741775
2025-09-23T16:19:14.098284,-0.41156548,9.810573,0.033499517
2025-09-23T16:19:14.098329,-0.35174492,9.822537,0.09092726
2025-09-23T16:19:14.098376,-0.35653058,9.836894,0.009571291
2025-09-23T16:19:14.098439,-0.3397808,9.803394,-0.040677983
2025-09-23T16:19:14.288559,-0.35653058,9.77468,0.023928227
2025-09-23T16:19:14.304408,-0.40438703,9.815358,0.10289137
2025-09-23T16:19:14.304506,-0.47856453,9.796216,0.11964113
2025-09-23T16:19:14.304557,-0.45702913,9.712467,-0.038285162
2025-09-23T16:19:14.304617,-0.3804588,9.707682,-0.062213387
2025-09-23T16:19:14.304664,-0.37806597,9.79143,0.011964113
2025-09-23T16:19:14.304710,-0.3684947,9.80818,-0.0071784677
2025-09-23T16:19:14.304755,-0.33260235,9.793823,0.019142581
2025-09-23T16:19:14.304798,-0.3397808,9.84168,0.043070808
2025-09-23T16:19:14.304842,-0.35413775,9.858429,0.02871387
2025-09-23T16:19:14.304925,-0.3804588,9.844072,-0.0047856453
2025-09-23T16:19:14.479964,-0.42831525,9.812965,-0.011964113
2025-09-23T16:19:14.489376,-0.4642076,9.839287,0.016749758
2025-09-23T16:19:14.489478,-0.4977071,9.810573,-0.02871387
2025-09-23T16:19:14.489529,-0.4761717,9.767502,-0.078963146
2025-09-23T16:19:14.489585,-0.46660042,9.734002,-0.086141616
2025-09-23T16:19:14.489634,-0.5192425,9.77468,-0.04546363
2025-09-23T16:19:14.489680,-0.4426722,9.736395,-0.08135597
2025-09-23T16:19:14.489735,-0.38524446,9.695718,-0.11485548
2025-09-23T16:19:14.489781,-0.38285163,9.753145,-0.10289137
2025-09-23T16:19:14.489861,-0.38285163,9.801002,-0.16031912
2025-09-23T16:19:14.682255,-0.33499518,9.829716,-0.18664017
2025-09-23T16:19:14.691512,-0.40438703,9.812965,-0.2009971
2025-09-23T16:19:14.691630,-0.5024927,9.789038,-0.2105684
2025-09-23T16:19:14.691685,-0.5407779,9.839287,-0.09092726
2025-09-23T16:19:14.691733,-0.59581286,9.860822,-0.0023928226
2025-09-23T16:19:14.691779,-0.5982057,9.827323,0.0071784677
2025-09-23T16:19:14.691823,-0.5407779,9.784252,-0.031106694
2025-09-23T16:19:14.691868,-0.51206404,9.71486,-0.05742774
2025-09-23T16:19:14.691912,-0.42592242,9.74836,-0.0047856453
2025-09-23T16:19:14.691957,-0.43070808,9.786645,-0.09092726
2025-09-23T16:19:14.692021,-0.35413775,9.796216,-0.19860429
2025-09-23T16:19:14.898637,-0.2656033,9.793823,-0.10289137
2025-09-23T16:19:14.916728,-0.3469593,9.80818,-0.019142581
2025-09-23T16:19:14.916841,-0.4211368,9.796216,-0.059820566
2025-09-23T16:19:14.916892,-0.4235296,9.784252,-0.1052842
2025-09-23T16:19:14.916939,-0.53359944,9.801002,-0.016749758
2025-09-23T16:19:14.916984,-0.567099,9.789038,0.0047856453
2025-09-23T16:19:14.917028,-0.5312066,9.750752,-0.02632105
2025-09-23T16:19:14.917072,-0.45224348,9.745967,-0.062213387
2025-09-23T16:19:14.917115,-0.4019942,9.762716,0.023928227
2025-09-23T16:19:14.917159,-0.3397808,9.796216,0.083748795
2025-09-23T16:19:14.917221,-0.30388847,9.846465,0.016749758
2025-09-23T16:19:15.088370,-0.3182454,9.860822,-0.07178468
2025-09-23T16:19:15.202799,-0.3589234,9.827323,-0.059820566
2025-09-23T16:19:15.202957,-0.37328035,9.80818,0.0
2025-09-23T16:19:15.202983,-0.42831525,9.777073,-0.09332009
2025-09-23T16:19:15.203003,-0.5024927,9.765109,-0.10767702
2025-09-23T16:19:15.203025,-0.51445687,9.772287,-0.0023928226
2025-09-23T16:19:15.203044,-0.46899325,9.762716,0.031106694
2025-09-23T16:19:15.203063,-0.4139583,9.798609,0.016749758
2025-09-23T16:19:15.203081,-0.35653058,9.827323,0.04546363
2025-09-23T16:19:15.203117,-0.32542387,9.829716,-0.0047856453
2025-09-23T16:19:15.301860,-0.30388847,9.812965,-0.021535404
2025-09-23T16:19:15.410538,-0.33499518,9.784252,-0.014356935
2025-09-23T16:19:15.410656,-0.37567315,9.801002,-0.02632105
2025-09-23T16:19:15.410721,-0.40917268,9.827323,-0.04546363
2025-09-23T16:19:15.410780,-0.45224348,9.767502,-0.031106694
2025-09-23T16:19:15.410826,-0.47138608,9.7196455,0.0
2025-09-23T16:19:15.410871,-0.39481574,9.741181,-0.031106694
2025-09-23T16:19:15.410917,-0.36370903,9.784252,-0.078963146
2025-09-23T16:19:15.410963,-0.3804588,9.84168,-0.062213387
2025-09-23T16:19:15.411012,-0.37328035,9.836894,0.0023928226
2025-09-23T16:19:15.411074,-0.36370903,9.815358,0.062213387
2025-09-23T16:19:15.493256,-0.4642076,9.829716,0.009571291
2025-09-23T16:19:15.507704,-0.46181476,9.769895,-0.1268196
2025-09-23T16:19:15.507804,-0.4019942,9.779466,-0.076570325
2025-09-23T16:19:15.507855,-0.41156548,9.815358,0.02871387
2025-09-23T16:19:15.507902,-0.4139583,9.817751,-0.10767702
2025-09-23T16:19:15.507947,-0.41156548,9.798609,-0.08135597
2025-09-23T16:19:15.507992,-0.40917268,9.77468,-0.0071784677
2025-09-23T16:19:15.508036,-0.39960137,9.726824,-0.011964113
2025-09-23T16:19:15.508080,-0.38524446,9.757931,-0.033499517
2025-09-23T16:19:15.508125,-0.38285163,9.762716,-0.014356935
2025-09-23T16:19:15.508181,-0.3924229,9.801002,-0.06460621
2025-09-23T16:19:15.697710,-0.39720857,9.79143,-0.059820566
2025-09-23T16:19:15.739656,-0.40677986,9.781859,-0.023928227
2025-09-23T16:19:15.739758,-0.37567315,9.779466,-0.11964113
2025-09-23T16:19:15.739813,-0.38285163,9.817751,-0.09571291
2025-09-23T16:19:15.739861,-0.41156548,9.817751,0.040677983
2025-09-23T16:19:15.739906,-0.39720857,9.79143,0.08135597
2025-09-23T16:19:15.739950,-0.3804588,9.769895,-0.0526421
2025-09-23T16:19:15.739995,-0.38285163,9.801002,-0.11485548
2025-09-23T16:19:15.740039,-0.38763726,9.801002,-0.038285162
2025-09-23T16:19:15.740096,-0.35413775,9.77468,-0.047856454
2025-09-23T16:19:15.914976,-0.35174492,9.767502,-0.11006984
2025-09-23T16:19:15.923735,-0.42831525,9.786645,-0.02632105
2025-09-23T16:19:15.923832,-0.37806597,9.798609,-0.0071784677
2025-09-23T16:19:15.923886,-0.36610186,9.786645,-0.10767702
2025-09-23T16:19:15.923933,-0.35413775,9.815358,-0.05742774
2025-09-23T16:19:15.923979,-0.39481574,9.848858,-0.0023928226
2025-09-23T16:19:15.924025,-0.40677986,9.805787,-0.10767702
2025-09-23T16:19:15.924071,-0.39960137,9.772287,-0.1268196
2025-09-23T16:19:15.924116,-0.43070808,9.777073,0.03589234
2025-09-23T16:19:15.924162,-0.44506502,9.793823,0.0047856453
2025-09-23T16:19:15.924220,-0.3900301,9.765109,-0.12921242
2025-09-23T16:19:16.080755,-0.3684947,9.784252,-0.040677983
2025-09-23T16:19:16.125762,-0.40438703,9.784252,0.0047856453
2025-09-23T16:19:16.125860,-0.37567315,9.79143,-0.078963146
2025-09-23T16:19:16.125911,-0.3469593,9.798609,-0.08853444
2025-09-23T16:19:16.125959,-0.3804588,9.781859,-0.06699903
2025-09-23T16:19:16.126005,-0.37567315,9.772287,-0.10767702
2025-09-23T16:19:16.126050,-0.3397808,9.79143,-0.09810573
2025-09-23T16:19:16.126094,-0.3493521,9.820144,-0.069391854
2025-09-23T16:19:16.126139,-0.39481574,9.817751,-0.0071784677
2025-09-23T16:19:16.126184,-0.46181476,9.801002,-0.078963146
2025-09-23T16:19:16.126242,-0.50009996,9.767502,-0.050249275
2025-09-23T16:19:16.286027,-0.45942193,9.738789,0.07178468
2025-09-23T16:19:16.332493,-0.41874397,9.760324,-0.04546363
2025-09-23T16:19:16.332603,-0.41156548,9.805787,-0.15314065
2025-09-23T16:19:16.332657,-0.3924229,9.822537,-0.076570325
2025-09-23T16:19:16.332944,-0.3278167,9.801002,-0.011964113
2025-09-23T16:19:16.332994,-0.31585258,9.801002,-0.0526421
2025-09-23T16:19:16.333016,-0.30388847,9.798609,-0.083748795
2025-09-23T16:19:16.333037,-0.2727818,9.803394,-0.0526421
2025-09-23T16:19:16.333056,-0.32303107,9.820144,-0.033499517
2025-09-23T16:19:16.333091,-0.35174492,9.784252,-0.08135597
2025-09-23T16:19:16.481888,-0.37567315,9.786645,-0.086141616
2025-09-23T16:19:16.533882,-0.41156548,9.769895,-0.09092726
2025-09-23T16:19:16.533999,-0.40677986,9.772287,-0.059820566
2025-09-23T16:19:16.534052,-0.39960137,9.767502,-0.031106694
2025-09-23T16:19:16.534100,-0.39481574,9.769895,-0.031106694
2025-09-23T16:19:16.534146,-0.37806597,9.805787,-0.08853444
2025-09-23T16:19:16.534191,-0.37088752,9.810573,-0.11246266
2025-09-23T16:19:16.534246,-0.39720857,9.803394,-0.02871387
2025-09-23T16:19:16.534301,-0.3493521,9.784252,-0.10049855
2025-09-23T16:19:16.534347,-0.33499518,9.750752,-0.1698904
2025-09-23T16:19:16.534414,-0.35413775,9.803394,-0.1052842
2025-09-23T16:19:16.685858,-0.37328035,9.80818,-0.08853444
2025-09-23T16:19:16.739636,-0.4331009,9.812965,-0.05503492
2025-09-23T16:19:16.739692,-0.4019942,9.755538,-0.086141616
2025-09-23T16:19:16.739715,-0.3924229,9.762716,-0.1268196
2025-09-23T16:19:16.739735,-0.4211368,9.805787,-0.11724831
2025-09-23T16:19:16.739755,-0.35174492,9.810573,-0.086141616
2025-09-23T16:19:16.739797,-0.30388847,9.82493,-0.076570325
2025-09-23T16:19:16.739815,-0.37328035,9.853643,-0.0526421
2025-09-23T16:19:16.739833,-0.42831525,9.810573,-0.04546363
2025-09-23T16:19:16.739852,-0.3804588,9.803394,-0.062213387
2025-09-23T16:19:16.739879,-0.38524446,9.762716,-0.09332009
2025-09-23T16:19:16.878956,-0.4426722,9.779466,-0.050249275
2025-09-23T16:19:16.900710,-0.49292147,9.781859,-0.09810573
2025-09-23T16:19:16.900804,-0.45224348,9.769895,-0.17467605
2025-09-23T16:19:16.900826,-0.37567315,9.762716,-0.13160525
2025-09-23T16:19:16.900845,-0.37567315,9.80818,-0.05742774
2025-09-23T16:19:16.900863,-0.41874397,9.84168,-0.033499517
2025-09-23T16:19:16.900881,-0.35174492,9.817751,-0.08853444
2025-09-23T16:19:16.900898,-0.3804588,9.80818,-0.0047856453
2025-09-23T16:19:16.900915,-0.36610186,9.812965,0.0
2025-09-23T16:19:16.900942,-0.3924229,9.798609,-0.14117654
2025-09-23T16:19:17.085759,-0.4019942,9.786645,-0.1268196
2025-09-23T16:19:17.149529,-0.46181476,9.729217,-0.014356935
2025-09-23T16:19:17.149627,-0.45224348,9.731609,-0.050249275
2025-09-23T16:19:17.149650,-0.4139583,9.760324,-0.16749759
2025-09-23T16:19:17.149669,-0.41874397,9.784252,-0.18903299
2025-09-23T16:19:17.149687,-0.36370903,9.777073,-0.08853444
2025-09-23T16:19:17.149704,-0.36131623,9.810573,0.0023928226
2025-09-23T16:19:17.149722,-0.3684947,9.827323,0.038285162
2025-09-23T16:19:17.149739,-0.4139583,9.834501,-0.050249275
2025-09-23T16:19:17.149756,-0.4211368,9.868001,-0.086141616
2025-09-23T16:19:17.149788,-0.4426722,9.851251,-0.02632105
2025-09-23T16:19:17.279826,-0.40917268,9.786645,0.023928227
2025-09-23T16:19:17.385887,-0.39720857,9.736395,0.0047856453
2025-09-23T16:19:17.385956,-0.43070808,9.738789,-0.10049855
2025-09-23T16:19:17.385978,-0.4331009,9.79143,-0.086141616
2025-09-23T16:19:17.385998,-0.38285163,9.805787,-0.0023928226
2025-09-23T16:19:17.386016,-0.34456646,9.846465,-0.08135597
2025-09-23T16:19:17.386034,-0.3397808,9.82493,-0.11964113
2025-09-23T16:19:17.386051,-0.33260235,9.784252,0.0023928226
2025-09-23T16:19:17.386069,-0.3493521,9.79143,0.083748795
2025-09-23T16:19:17.386097,-0.4211368,9.80818,-0.016749758
2025-09-23T16:19:17.490178,-0.46181476,9.793823,-0.1052842
2025-09-23T16:19:17.668888,-0.45702913,9.784252,-0.040677983
2025-09-23T16:19:17.668964,-0.46660042,9.769895,-0.059820566
2025-09-23T16:19:17.668988,-0.45942193,9.786645,-0.078963146
2025-09-23T16:19:17.669027,-0.4761717,9.789038,-0.043070808
2025-09-23T16:19:17.669047,-0.4019942,9.789038,-0.0741775
2025-09-23T16:19:17.669066,-0.3684947,9.812965,-0.07178468
2025-09-23T16:19:17.669084,-0.3900301,9.796216,-0.059820566
2025-09-23T16:19:17.669102,-0.37806597,9.803394,-0.0526421
2025-09-23T16:19:17.669121,-0.33260235,9.82493,-0.038285162
2025-09-23T16:19:17.669156,-0.32542387,9.844072,-0.05503492
2025-09-23T16:19:17.679693,-0.41635114,9.84168,-0.07178468
2025-09-23T16:19:17.679770,-0.4761717,9.79143,-0.0023928226
2025-09-23T16:19:17.679793,-0.45224348,9.743574,0.0047856453
2025-09-23T16:19:17.679812,-0.46660042,9.738789,-0.08135597
2025-09-23T16:19:17.679830,-0.4331009,9.741181,-0.11724831
2025-09-23T16:19:17.679847,-0.40677986,9.772287,-0.05503492
2025-09-23T16:19:17.679864,-0.39481574,9.798609,0.014356935
2025-09-23T16:19:17.679880,-0.3684947,9.781859,-0.02871387
2025-09-23T16:19:17.679897,-0.30867413,9.805787,-0.14117654
2025-09-23T16:19:17.679914,-0.29192436,9.827323,-0.09092726
2025-09-23T16:19:17.679952,-0.34456646,9.817751,0.0023928226
2025-09-23T16:19:17.886891,-0.4354937,9.796216,-0.06460621
2025-09-23T16:19:17.891184,-0.4139583,9.765109,-0.06460621
2025-09-23T16:19:17.891246,-0.4235296,9.750752,0.0023928226
2025-09-23T16:19:17.891268,-0.4426722,9.731609,-0.016749758
2025-09-23T16:19:17.891286,-0.3684947,9.760324,-0.10049855
2025-09-23T16:19:17.891306,-0.35653058,9.846465,-0.09092726
2025-09-23T16:19:17.891324,-0.39960137,9.834501,-0.03589234
2025-09-23T16:19:17.891343,-0.3397808,9.834501,0.0047856453
2025-09-23T16:19:17.891361,-0.29910284,9.801002,-0.011964113
2025-09-23T16:19:17.891390,-0.3397808,9.767502,-0.062213387
2025-09-23T16:19:18.085865,-0.26081768,9.769895,-0.040677983
2025-09-23T16:19:18.094866,-0.30867413,9.8321085,-0.03589234
2025-09-23T16:19:18.094928,-0.41156548,9.82493,-0.0071784677
2025-09-23T16:19:18.094952,-0.41156548,9.815358,-0.05742774
2025-09-23T16:19:18.094973,-0.3924229,9.772287,-0.13160525
2025-09-23T16:19:18.094993,-0.38524446,9.741181,-0.11485548
2025-09-23T16:19:18.095013,-0.4235296,9.777073,-0.14596218
2025-09-23T16:19:18.095032,-0.4139583,9.769895,-0.19381863
2025-09-23T16:19:18.095053,-0.3900301,9.767502,-0.023928227
2025-09-23T16:19:18.095071,-0.42831525,9.803394,0.09092726
2025-09-23T16:19:18.095094,-0.45942193,9.815358,-0.019142581
2025-09-23T16:19:18.135803,-0.37567315,9.815358,-0.148355
2025-09-23T16:19:18.143029,-0.37328035,9.829716,-0.078963146
2025-09-23T16:19:18.143127,-0.43788654,9.834501,0.047856454
2025-09-23T16:19:18.160128,-0.43788654,9.80818,0.023928227
2025-09-23T16:19:18.166389,-0.4019942,9.772287,-0.10049855
2025-09-23T16:19:18.181349,-0.3924229,9.738789,-0.11724831
2025-09-23T16:19:18.212037,-0.38524446,9.762716,-0.009571291
2025-09-23T16:19:18.238435,-0.36610186,9.834501,-0.0071784677
2025-09-23T16:19:18.271336,-0.38285163,9.805787,-0.11006984
2025-09-23T16:19:18.271452,-0.36610186,9.779466,-0.10289137
2025-09-23T16:19:18.304608,-0.3804588,9.769895,-0.05742774
2025-09-23T16:19:18.304903,-0.3924229,9.796216,-0.083748795
2025-09-23T16:19:18.310580,-0.3900301,9.77468,-0.078963146
2025-09-23T16:19:18.328652,-0.38763726,9.762716,-0.047856454
2025-09-23T16:19:18.347859,-0.41874397,9.848858,-0.08135597
2025-09-23T16:19:18.368806,-0.4235296,9.858429,-0.06699903
2025-09-23T16:19:18.384761,-0.40438703,9.796216,-0.03589234
2025-09-23T16:19:18.403653,-0.38763726,9.74836,-0.05742774
2025-09-23T16:19:18.422740,-0.4019942,9.784252,-0.11485548
2025-09-23T16:19:18.442755,-0.46181476,9.793823,-0.08853444
2025-09-23T16:19:18.466815,-0.4546363,9.777073,-0.059820566
2025-09-23T16:19:18.480810,-0.40438703,9.731609,-0.148355
2025-09-23T16:19:18.498696,-0.36610186,9.745967,-0.11006984
2025-09-23T16:19:18.520655,-0.3493521,9.815358,-0.04546363
2025-09-23T16:19:18.538502,-0.33499518,9.834501,-0.15314065
2025-09-23T16:19:18.555041,-0.32063824,9.79143,-0.17228323
2025-09-23T16:19:18.576740,-0.3397808,9.796216,0.0
2025-09-23T16:19:18.595323,-0.38763726,9.844072,0.043070808
2025-09-23T16:19:18.620626,-0.43070808,9.815358,-0.09092726
2025-09-23T16:19:18.629699,-0.4235296,9.738789,-0.1052842
2025-09-23T16:19:18.650304,-0.4019942,9.767502,-0.016749758
2025-09-23T16:19:18.670136,-0.4761717,9.822537,-0.014356935
2025-09-23T16:19:18.686826,-0.44506502,9.793823,-0.13399807
2025-09-23T16:19:18.737627,-0.4019942,9.769895,-0.14117654
2025-09-23T16:19:18.737935,-0.4211368,9.803394,-0.02871387
2025-09-23T16:19:18.744613,-0.37806597,9.786645,-0.059820566
2025-09-23T16:19:18.770029,-0.37088752,9.801002,-0.14117654
2025-09-23T16:19:18.788464,-0.37328035,9.796216,-0.021535404
2025-09-23T16:19:18.799616,-0.40438703,9.805787,-0.02632105
2025-09-23T16:19:18.825804,-0.36610186,9.789038,-0.11006984
2025-09-23T16:19:18.883900,-0.36131623,9.805787,-0.15314065
2025-09-23T16:19:18.886912,-0.3924229,9.784252,-0.10767702
2025-09-23T16:19:18.886963,-0.4019942,9.817751,0.014356935
2025-09-23T16:19:18.917961,-0.3924229,9.822537,0.011964113
2025-09-23T16:19:18.998752,-0.35174492,9.793823,-0.13878371
2025-09-23T16:19:18.998838,-0.3062813,9.755538,-0.14117654
2025-09-23T16:19:18.998888,-0.3397808,9.77468,-0.02632105
2025-09-23T16:19:19.012726,-0.37567315,9.784252,-0.02632105
2025-09-23T16:19:19.012782,-0.3900301,9.767502,-0.09332009
2025-09-23T16:19:19.027320,-0.40917268,9.753145,-0.08135597
2025-09-23T16:19:19.032770,-0.36610186,9.789038,-0.11006984
2025-09-23T16:19:19.044908,-0.3397808,9.822537,-0.21296121
2025-09-23T16:19:19.067530,-0.32303107,9.822537,-0.16031912
2025-09-23T16:19:19.081686,-0.3493521,9.829716,0.014356935
2025-09-23T16:19:19.101981,-0.40677986,9.803394,0.040677983
2025-09-23T16:19:19.120503,-0.43070808,9.77468,-0.10289137
2025-09-23T16:19:19.140959,-0.41635114,9.745967,-0.13160525
2025-09-23T16:19:19.159794,-0.3684947,9.817751,0.069391854
2025-09-23T16:19:19.176237,-0.37088752,9.8321085,0.031106694
2025-09-23T16:19:19.193609,-0.30867413,9.79143,-0.23928227
2025-09-23T16:19:19.218764,-0.21774685,9.760324,-0.2009971
2025-09-23T16:19:19.234889,-0.2943172,9.793823,-0.0023928226
2025-09-23T16:19:19.273920,-0.38285163,9.815358,-0.11964113
2025-09-23T16:19:19.283921,-0.3493521,9.779466,-0.22253251
2025-09-23T16:19:19.298838,-0.3589234,9.772287,-0.050249275
2025-09-23T16:19:19.319649,-0.39481574,9.796216,-0.016749758
2025-09-23T16:19:19.331463,-0.37806597,9.82493,-0.1268196
2025-09-23T16:19:19.357002,-0.40438703,9.812965,-0.14596218
2025-09-23T16:19:19.364549,-0.41156548,9.779466,0.0023928226
2025-09-23T16:19:19.381480,-0.3589234,9.793823,0.0071784677
2025-09-23T16:19:19.403193,-0.34456646,9.772287,-0.1052842
2025-09-23T16:19:19.434168,-0.36370903,9.817751,-0.02632105
2025-09-23T16:19:19.441707,-0.32542387,9.79143,-0.031106694
2025-09-23T16:19:19.459309,-0.2656033,9.798609,-0.17228323
2025-09-23T16:19:19.476805,-0.3278167,9.812965,-0.13878371
2025-09-23T16:19:19.499674,-0.39481574,9.755538,-0.009571291
2025-09-23T16:19:19.512975,-0.35653058,9.777073,-0.09810573
2025-09-23T16:19:19.538133,-0.33499518,9.762716,-0.11964113
2025-09-23T16:19:19.551439,-0.40677986,9.779466,-0.047856454
2025-09-23T16:19:19.626467,-0.31585258,9.767502,-0.09092726
2025-09-23T16:19:19.669472,-0.2847459,9.786645,-0.11006984
2025-09-23T16:19:19.669582,-0.29910284,9.82493,-0.0071784677
2025-09-23T16:19:19.669649,-0.3469593,9.803394,-0.06699903
2025-09-23T16:19:19.669697,-0.32542387,9.79143,-0.09810573
2025-09-23T16:19:19.669765,-0.32542387,9.779466,-0.0071784677
2025-09-23T16:19:19.682393,-0.32542387,9.805787,-0.0071784677
2025-09-23T16:19:19.701673,-0.32542387,9.793823,-0.10289137
2025-09-23T16:19:19.719135,-0.30149564,9.786645,-0.14117654
2025-09-23T16:19:19.746875,-0.3397808,9.765109,-0.05742774
2025-09-23T16:19:19.786390,-0.3278167,9.769895,-0.043070808
2025-09-23T16:19:19.798781,-0.36131623,9.769895,-0.11724831
2025-09-23T16:19:19.798894,-0.39960137,9.77468,-0.047856454
2025-09-23T16:19:19.814714,-0.40438703,9.829716,0.040677983
2025-09-23T16:19:19.832610,-0.39720857,9.827323,-0.08135597
2025-09-23T16:19:19.852911,-0.3900301,9.856036,-0.07178468
2025-09-23T16:19:19.870701,-0.3469593,9.796216,0.043070808
2025-09-23T16:19:19.892588,-0.36370903,9.769895,-0.021535404
2025-09-23T16:19:19.908069,-0.3493521,9.784252,-0.09810573
2025-09-23T16:19:19.926631,-0.36610186,9.757931,-0.033499517
2025-09-23T16:19:19.945549,-0.3684947,9.772287,-0.019142581
2025-09-23T16:19:20.002044,-0.38285163,9.79143,-0.12921242
2025-09-23T16:19:20.028056,-0.36610186,9.82493,-0.17467605
2025-09-23T16:19:20.028153,-0.35413775,9.805787,-0.12921242
2025-09-23T16:19:20.028223,-0.38763726,9.781859,0.047856454
2025-09-23T16:19:20.039108,-0.35413775,9.801002,0.019142581
2025-09-23T16:19:20.108771,-0.37088752,9.784252,-0.09092726
2025-09-23T16:19:20.116179,-0.35413775,9.777073,-0.0526421
2025-09-23T16:19:20.116305,-0.34456646,9.812965,0.02632105
2025-09-23T16:19:20.119370,-0.38763726,9.844072,0.04546363
2025-09-23T16:19:20.134133,-0.40677986,9.8321085,-0.011964113
2025-09-23T16:19:20.153222,-0.36370903,9.805787,-0.12921242
2025-09-23T16:19:20.170945,-0.35653058,9.767502,-0.10289137
2025-09-23T16:19:20.195529,-0.36610186,9.803394,-0.009571291
2025-09-23T16:19:20.213552,-0.40677986,9.798609,-0.031106694
2025-09-23T16:19:20.231237,-0.33738798,9.755538,-0.10049855
2025-09-23T16:19:20.269819,-0.31106696,9.755538,-0.019142581
2025-09-23T16:19:20.305347,-0.35653058,9.80818,-0.014356935
2025-09-23T16:19:20.305449,-0.39720857,9.793823,-0.09810573
2025-09-23T16:19:20.305515,-0.32063824,9.765109,-0.078963146
2025-09-23T16:19:20.321829,-0.3278167,9.786645,-0.0526421
2025-09-23T16:19:20.344262,-0.36131623,9.79143,-0.0741775
2025-09-23T16:19:20.371725,-0.37567315,9.789038,-0.08853444
2025-09-23T16:19:20.380759,-0.34456646,9.803394,-0.0526421
2025-09-23T16:19:20.399395,-0.4331009,9.829716,-0.019142581
2025-09-23T16:19:20.417307,-0.41874397,9.8321085,-0.0741775
2025-09-23T16:19:20.438489,-0.4019942,9.784252,-0.086141616
2025-09-23T16:19:20.464472,-0.42831525,9.762716,-0.09810573
2025-09-23T16:19:20.494950,-0.5192425,9.741181,-0.19142582
2025-09-23T16:19:20.518265,-0.47377887,9.745967,-0.23688944
2025-09-23T16:19:20.518377,-0.44506502,9.736395,-0.24646074
2025-09-23T16:19:20.527872,-0.4881358,9.765109,-0.26799613
2025-09-23T16:19:20.551529,-0.55034924,9.767502,-0.28713873
2025-09-23T16:19:20.565986,-0.61734825,9.745967,-0.30149564
2025-09-23T16:19:20.625416,-0.6197411,9.750752,-0.35653058
2025-09-23T16:19:20.631814,-0.65324056,9.815358,-0.28235307
2025-09-23T16:19:20.631935,-0.70348984,9.750752,-0.22731815
2025-09-23T16:19:20.641914,-0.6723832,9.71486,-0.22492532
2025-09-23T16:19:20.664353,-0.6269195,9.68136,-0.31106696
2025-09-23T16:19:20.679428,-0.67477596,9.647861,-0.33260235
2025-09-23T16:19:20.697599,-0.68195444,9.671789,-0.20338993
2025-09-23T16:19:20.753909,-0.71306115,9.717253,-0.13399807
2025-09-23T16:19:20.754032,-0.79441714,9.650253,-0.27996024
2025-09-23T16:19:20.762238,-0.83748794,9.568898,-0.44745782
2025-09-23T16:19:20.772928,-0.80159557,9.54497,-0.4642076
2025-09-23T16:19:20.790817,-0.79920274,9.554541,-0.3804588
2025-09-23T16:19:20.809841,-0.83748794,9.573684,-0.4235296
2025-09-23T16:19:20.830557,-0.94277215,9.554541,-0.485743
2025-09-23T16:19:20.851308,-0.99302137,9.549755,-0.5072784
2025-09-23T16:19:20.872305,-0.9451649,9.5665045,-0.47856453
2025-09-23T16:19:20.885702,-0.8853444,9.521041,-0.53359944
2025-09-23T16:19:20.909591,-1.0336994,9.547362,-0.79441714
2025-09-23T16:19:20.922789,-0.997807,9.626326,-0.7704889
2025-09-23T16:19:20.946670,-0.8877372,9.722038,-0.51206404
2025-09-23T16:19:20.967863,-1.0145568,9.779466,-0.21774685
2025-09-23T16:19:20.978496,-1.2801601,9.693324,-0.18664017
2025-09-23T16:19:20.997662,-1.4548361,9.600004,-0.3493521
2025-09-23T16:19:21.031721,-1.457229,9.542577,-0.52163535
2025-09-23T16:19:21.037742,-1.3423735,9.540184,-0.65324056
2025-09-23T16:19:21.059619,-1.4524434,9.489935,-0.6771688
2025-09-23T16:19:21.210661,-1.7850457,9.640682,-0.71306115
2025-09-23T16:19:21.210751,-1.5672989,9.690931,-0.61734825
2025-09-23T16:19:21.210773,-1.3806586,9.60479,-0.46899325
2025-09-23T16:19:21.210792,-1.3447664,9.592826,-0.51445687
2025-09-23T16:19:21.210809,-1.6199409,9.602397,-0.3924229
2025-09-23T16:19:21.210826,-1.8185452,9.640682,-0.6364908
2025-09-23T16:19:21.210860,-1.7946169,9.628718,-0.9379865
2025-09-23T16:19:21.293475,-1.6342978,9.676575,-1.0504491
2025-09-23T16:19:21.293545,-1.579263,9.767502,-0.9667004
2025-09-23T16:19:21.293606,-1.5720844,9.834501,-0.96909314
2025-09-23T16:19:21.293625,-1.3615161,9.690931,-0.8542377
2025-09-23T16:19:21.293644,-1.4715859,9.662218,-0.9499506
2025-09-23T16:19:21.528399,-1.5816557,9.702896,-1.1294123
2025-09-23T16:19:21.528449,-1.8113668,9.765109,-1.3232309
2025-09-23T16:19:21.528470,-2.012364,9.722038,-1.5146568
2025-09-23T16:19:21.528488,-2.160719,9.65504,-1.375873
2025-09-23T16:19:21.528506,-2.28036,9.652647,-1.2634103
2025-09-23T16:19:21.528523,-2.4335005,9.614362,-1.134198
2025-09-23T16:19:21.528540,-2.5316064,9.489935,-0.65324056
2025-09-23T16:19:21.528557,-2.5052853,9.449257,-0.2105684
2025-09-23T16:19:21.528581,-2.4143581,9.652647,0.04546363
2025-09-23T16:19:21.528598,-2.201397,9.815358,-0.13399807
2025-09-23T16:19:21.528615,-2.1870399,9.820144,-0.59342
2025-09-23T16:19:21.528638,-2.469393,9.643075,-0.9379865
2025-09-23T16:19:21.528660,-2.1631117,9.334401,-0.9954142
2025-09-23T16:19:21.542680,-1.7108682,9.19801,-0.72023964
2025-09-23T16:19:21.756658,-1.6151553,9.47797,-0.5623133
2025-09-23T16:19:21.800554,-1.6438692,9.836894,-0.60777694
2025-09-23T16:19:21.800664,-1.9764715,9.868001,-0.5407779
2025-09-23T16:19:21.800688,-1.8975084,9.683753,-0.48095736
2025-09-23T16:19:21.800708,-1.524228,9.552148,-0.55752766
2025-09-23T16:19:21.800726,-1.3256238,9.753145,-0.81595254
2025-09-23T16:19:21.800745,-1.3160524,9.963714,-0.86141616
2025-09-23T16:19:21.800763,-1.6654046,10.114461,-0.65084773
2025-09-23T16:19:21.800781,-1.9310079,10.013963,-0.42592242
2025-09-23T16:19:21.800800,-1.7300107,9.731609,-0.2440679
2025-09-23T16:19:21.800817,-1.3304094,9.2793665,-0.13160525
2025-09-23T16:19:21.962206,-1.5146568,9.32483,-0.2656033
2025-09-23T16:19:22.007711,-2.1559331,9.571291,-0.7513463
2025-09-23T16:19:22.007795,-1.9142581,9.525827,-0.65084773
2025-09-23T16:19:22.007816,-1.8687944,9.851251,-0.2321038
2025-09-23T16:19:22.007835,-1.7419748,9.954143,-0.16749759
2025-09-23T16:19:22.007852,-1.6462619,9.820144,-0.36131623
2025-09-23T16:19:22.007870,-1.6438692,9.523434,-0.4642076
2025-09-23T16:19:22.007887,-0.99302137,9.303294,-0.11485548
2025-09-23T16:19:22.007904,-0.45942193,9.394221,0.16031912
2025-09-23T16:19:22.007922,-0.72263247,9.958928,0.016749758
2025-09-23T16:19:22.159368,-1.1653047,10.305887,-0.485743
2025-09-23T16:19:22.232091,-1.174876,9.8632145,-0.62452674
2025-09-23T16:19:22.232169,-1.4548361,9.2075815,-0.41156548
2025-09-23T16:19:22.232217,-1.8041883,9.152547,-0.11006984
2025-09-23T16:19:22.232237,-2.120041,9.542577,-0.08853444
2025-09-23T16:19:22.232256,-2.3042881,9.939785,-0.51206404
2025-09-23T16:19:22.232275,-1.9190438,10.097712,-0.61734825
2025-09-23T16:19:22.232294,-1.4261223,10.205389,-0.3900301
2025-09-23T16:19:22.232312,-1.3351951,10.207782,-0.21774685
2025-09-23T16:19:22.232331,-1.4117653,10.035499,-0.24885355
2025-09-23T16:19:22.232348,-1.39023,9.8632145,-0.37806597
2025-09-23T16:19:22.353612,-1.2323036,9.755538,-0.4833502
2025-09-23T16:19:22.400935,-1.0360922,9.600004,-0.55034924
2025-09-23T16:19:22.401030,-1.0217353,9.628718,-0.57906306
2025-09-23T16:19:22.401083,-0.8997013,9.444471,-0.68195444
2025-09-23T16:19:22.401130,-1.1270195,9.15494,-0.59342
2025-09-23T16:19:22.401176,-1.3686945,9.123833,-0.3589234
2025-09-23T16:19:22.401221,-1.5457634,9.413364,-0.57906306
2025-09-23T16:19:22.401265,-1.6941184,9.611969,-1.0313065
2025-09-23T16:19:22.401310,-1.6127625,9.683753,-1.0504491
2025-09-23T16:19:22.401355,-1.5314065,9.671789,-0.7513463
2025-09-23T16:19:22.565557,-1.4715859,9.616755,-0.44985065
2025-09-23T16:19:22.665530,-1.4715859,9.777073,-0.2727818
2025-09-23T16:19:22.665639,-1.416551,9.690931,-0.2656033
2025-09-23T16:19:22.665848,-1.4931214,9.410972,-0.4546363
2025-09-23T16:19:22.665928,-1.3639089,9.269794,-0.50488555
2025-09-23T16:19:22.665953,-1.2873386,9.456435,-0.4977071
2025-09-23T16:19:22.665973,-1.4356936,9.80818,-0.60059845
2025-09-23T16:19:22.665991,-1.6319051,9.958928,-0.6987042
2025-09-23T16:19:22.666008,-1.7180467,10.01157,-0.5982057
2025-09-23T16:19:22.666026,-1.3543376,9.860822,-0.4211368
2025-09-23T16:19:22.666043,-1.2586247,9.738789,-0.36610186
2025-09-23T16:19:22.777647,-1.3926228,9.734002,-0.62931234
2025-09-23T16:19:22.867889,-1.375873,9.65504,-0.80877405
2025-09-23T16:19:22.867960,-1.3567305,9.623933,-0.7393822
2025-09-23T16:19:22.868004,-1.3639089,9.549755,-0.57427746
2025-09-23T16:19:22.868022,-1.4093726,9.633504,-0.5192425
2025-09-23T16:19:22.868040,-1.375873,9.734002,-0.5455636
2025-09-23T16:19:22.868057,-1.4093726,9.676575,-0.74177504
2025-09-23T16:19:22.868074,-1.5625132,9.676575,-0.7752745
2025-09-23T16:19:22.868090,-1.3830515,9.669396,-0.72263247
2025-09-23T16:19:22.868107,-1.1365907,9.798609,-0.7704889
2025-09-23T16:19:22.868126,-1.1413764,9.84168,-0.83988076
2025-09-23T16:19:22.978524,-1.1270195,9.753145,-0.76331043
2025-09-23T16:19:23.024534,-1.0552348,9.667004,-0.60059845
2025-09-23T16:19:23.024659,-1.1772687,9.710074,-0.66041905
2025-09-23T16:19:23.024857,-1.3495519,9.74836,-0.83988076
2025-09-23T16:19:23.024960,-1.416551,9.712467,-0.8422736
2025-09-23T16:19:23.024984,-1.3280165,9.671789,-0.76331043
2025-09-23T16:19:23.025004,-1.1916257,9.757931,-0.83748794
2025-09-23T16:19:23.025023,-1.2131611,9.894321,-0.90448695
2025-09-23T16:19:23.025042,-1.2442678,9.875179,-0.9403793
2025-09-23T16:19:23.025061,-1.2083755,9.633504,-0.863809
2025-09-23T16:19:23.161747,-1.1413764,9.430114,-0.74177504
2025-09-23T16:19:23.296820,-1.1246266,9.41815,-0.5982057
2025-09-23T16:19:23.296885,-1.2514462,9.54497,-0.51445687
2025-09-23T16:19:23.296926,-1.3351951,9.71486,-0.552742
2025-09-23T16:19:23.296945,-1.2849457,9.810573,-0.64845496
2025-09-23T16:19:23.296962,-1.2155539,9.755538,-0.6795616
2025-09-23T16:19:23.296980,-1.227518,9.662218,-0.62931234
2025-09-23T16:19:23.296998,-1.1916257,9.595219,-0.51206404
2025-09-23T16:19:23.297016,-1.1892328,9.5760765,-0.3684947
2025-09-23T16:19:23.297036,-1.1246266,9.583255,-0.2632105
2025-09-23T16:19:23.297055,-1.0624132,9.633504,-0.35653058
2025-09-23T16:19:23.369853,-1.2466606,9.702896,-0.701097
2025-09-23T16:19:23.391933,-1.4955142,9.820144,-0.97866446
2025-09-23T16:19:23.392026,-1.4596218,9.875179,-0.98584294
2025-09-23T16:19:23.392079,-1.3351951,9.786645,-0.863809
2025-09-23T16:19:23.392128,-1.294517,9.650253,-0.7752745
2025-09-23T16:19:23.392173,-1.2299109,9.611969,-0.67477596
2025-09-23T16:19:23.392218,-1.1557333,9.523434,-0.5599205
2025-09-23T16:19:23.392262,-1.2107682,9.552148,-0.4235296
2025-09-23T16:19:23.392306,-1.3878372,9.647861,-0.5383851
2025-09-23T16:19:23.392350,-1.39023,9.710074,-0.6963114
2025-09-23T16:19:23.392394,-1.3208381,9.65504,-0.6652047
2025-09-23T16:19:23.597665,-1.3016955,9.712467,-0.5455636
2025-09-23T16:19:23.694628,-1.2897314,9.772287,-0.49292147
2025-09-23T16:19:23.694698,-1.2466606,9.781859,-0.4953143
2025-09-23T16:19:23.694722,-1.2658032,9.781859,-0.634098
2025-09-23T16:19:23.694742,-1.3064811,9.793823,-0.83030945
2025-09-23T16:19:23.694761,-1.4117653,9.633504,-0.8255238
2025-09-23T16:19:23.694780,-1.5601203,9.458828,-0.6795616
2025-09-23T16:19:23.694798,-1.6845472,9.430114,-0.57188463
2025-09-23T16:19:23.694817,-1.6821543,9.518648,-0.5383851
2025-09-23T16:19:23.694836,-1.6749759,9.619147,-0.5407779
2025-09-23T16:19:23.798292,-1.5529419,9.757931,-0.61734825
2025-09-23T16:19:23.840446,-1.4739788,9.961321,-0.72741807
2025-09-23T16:19:23.840513,-1.3998013,9.906285,-0.70588267
2025-09-23T16:19:23.840555,-1.3016955,9.678967,-0.5479564
2025-09-23T16:19:23.840580,-1.1940185,9.657433,-0.51445687
2025-09-23T16:19:23.840598,-1.1796615,9.643075,-0.65084773
2025-09-23T16:19:23.840615,-1.3064811,9.664611,-0.66999036
2025-09-23T16:19:23.840632,-1.3160524,9.82493,-0.66041905
2025-09-23T16:19:23.840650,-1.416551,9.762716,-0.567099
2025-09-23T16:19:23.840667,-1.6342978,9.609575,-0.3589234
2025-09-23T16:19:23.840684,-1.5984055,9.647861,-0.39481574
2025-09-23T16:19:23.960663,-1.4380864,9.659825,-0.51445687
2025-09-23T16:19:24.092251,-1.4093726,9.722038,-0.47377887
2025-09-23T16:19:24.092317,-1.375873,9.765109,-0.4833502
2025-09-23T16:19:24.092359,-1.3663018,9.5760765,-0.42831525
2025-09-23T16:19:24.092377,-1.3615161,9.49472,-0.38524446
2025-09-23T16:19:24.092395,-1.3232309,9.638289,-0.46899325
2025-09-23T16:19:24.092413,-1.3782659,9.726824,-0.49292147
2025-09-23T16:19:24.092430,-1.3950156,9.623933,-0.46660042
2025-09-23T16:19:24.092447,-1.3663018,9.542577,-0.43070808
2025-09-23T16:19:24.092464,-1.4261223,9.571291,-0.39960137
2025-09-23T16:19:24.193719,-1.4476577,9.616755,-0.44985065
2025-09-23T16:19:24.207948,-1.4548361,9.700503,-0.4881358
2025-09-23T16:19:24.208070,-1.4404793,9.726824,-0.49292147
2025-09-23T16:19:24.208100,-1.3854443,9.700503,-0.38763726
2025-09-23T16:19:24.208121,-1.3878372,9.705289,-0.33020952
2025-09-23T16:19:24.208141,-1.4117653,9.731609,-0.36131623
2025-09-23T16:19:24.208160,-1.3950156,9.671789,-0.3924229
2025-09-23T16:19:24.208185,-1.3543376,9.664611,-0.35653058
2025-09-23T16:19:24.208210,-1.2634103,9.793823,-0.42592242
2025-09-23T16:19:24.208228,-1.2203395,9.827323,-0.4953143
2025-09-23T16:19:24.208258,-1.1676974,9.851251,-0.5312066
2025-09-23T16:19:24.356799,-1.134198,9.817751,-0.45702913
2025-09-23T16:19:24.362518,-1.1557333,9.71486,-0.43788654
2025-09-23T16:19:24.362561,-1.1581261,9.643075,-0.40677986
2025-09-23T16:19:24.362603,-1.282553,9.62154,-0.38763726
2025-09-23T16:19:24.362624,-1.4476577,9.537791,-0.38524446
2025-09-23T16:19:24.362642,-1.524228,9.542577,-0.44027936
2025-09-23T16:19:24.362660,-1.4333007,9.705289,-0.51206404
2025-09-23T16:19:24.362677,-1.416551,9.77468,-0.4833502
2025-09-23T16:19:24.362696,-1.375873,9.74836,-0.40677986
2025-09-23T16:19:24.362717,-1.2849457,9.729217,-0.39481574
2025-09-23T16:19:24.563707,-1.2514462,9.628718,-0.3278167
2025-09-23T16:19:24.590198,-1.2610176,9.602397,-0.31585258
2025-09-23T16:19:24.590293,-1.1892328,9.74836,-0.39960137
2025-09-23T16:19:24.590314,-1.1413764,9.856036,-0.4546363
2025-09-23T16:19:24.590334,-1.119841,9.798609,-0.3684947
2025-09-23T16:19:24.590352,-1.1389836,9.645468,-0.28953153
2025-09-23T16:19:24.590369,-1.2849457,9.542577,-0.30867413
2025-09-23T16:19:24.590386,-1.3591232,9.571291,-0.44027936
2025-09-23T16:19:24.590403,-1.3423735,9.700503,-0.47377887
2025-09-23T16:19:24.590420,-1.3519448,9.822537,-0.44506502
2025-09-23T16:19:24.590455,-1.4093726,9.796216,-0.4211368
2025-09-23T16:19:24.764904,-1.3998013,9.662218,-0.35174492
2025-09-23T16:19:24.800481,-1.3232309,9.60479,-0.32063824
2025-09-23T16:19:24.800547,-1.3040884,9.68136,-0.33260235
2025-09-23T16:19:24.800576,-1.2466606,9.734002,-0.41874397
2025-09-23T16:19:24.800594,-1.2299109,9.745967,-0.46899325
2025-09-23T16:19:24.800612,-1.2442678,9.722038,-0.44745782
2025-09-23T16:19:24.800629,-1.2251252,9.786645,-0.36131623
2025-09-23T16:19:24.800646,-1.2514462,9.765109,-0.38285163
2025-09-23T16:19:24.800663,-1.3136597,9.667004,-0.37567315
2025-09-23T16:19:24.800680,-1.2729816,9.657433,-0.3397808
2025-09-23T16:19:24.800711,-1.2705889,9.635897,-0.37567315
2025-09-23T16:19:24.959899,-1.3160524,9.671789,-0.41156548
2025-09-23T16:19:25.012888,-1.3495519,9.753145,-0.42831525
2025-09-23T16:19:25.012948,-1.3639089,9.767502,-0.4426722
2025-09-23T16:19:25.012971,-1.4356936,9.674182,-0.4881358
2025-09-23T16:19:25.012990,-1.4500505,9.533006,-0.46660042
2025-09-23T16:19:25.013009,-1.4763715,9.501899,-0.40917268
2025-09-23T16:19:25.013027,-1.4333007,9.652647,-0.44027936
2025-09-23T16:19:25.013045,-1.294517,9.784252,-0.61016977
2025-09-23T16:19:25.013063,-1.308874,9.710074,-0.65084773
2025-09-23T16:19:25.013092,-1.2586247,9.580862,-0.45224348
2025-09-23T16:19:25.158140,-1.2299109,9.556933,-0.36610186
2025-09-23T16:19:25.179859,-1.2059826,9.640682,-0.36610186
2025-09-23T16:19:25.179924,-1.1222339,9.789038,-0.40917268
2025-09-23T16:19:25.179945,-1.0097711,9.942178,-0.5192425
2025-09-23T16:19:25.179976,-1.0001999,9.944571,-0.65324056
2025-09-23T16:19:25.179995,-1.0671989,9.781859,-0.58624154
2025-09-23T16:19:25.180013,-1.2490535,9.6071825,-0.44506502
2025-09-23T16:19:25.180031,-1.4285151,9.523434,-0.45702913
2025-09-23T16:19:25.180049,-1.5409778,9.571291,-0.4977071
2025-09-23T16:19:25.180067,-1.5026926,9.707682,-0.49292147
2025-09-23T16:19:25.180101,-1.3639089,9.836894,-0.5024927
2025-09-23T16:19:25.359188,-1.3328022,9.879965,-0.4977071
2025-09-23T16:19:25.379936,-1.2801601,9.765109,-0.4977071
2025-09-23T16:19:25.379996,-1.1509477,9.619147,-0.4761717
2025-09-23T16:19:25.380023,-1.0624132,9.623933,-0.43070808
2025-09-23T16:19:25.380043,-1.0719845,9.638289,-0.45224348
2025-09-23T16:19:25.380061,-1.0671989,9.643075,-0.47856453
2025-09-23T16:19:25.380080,-1.2035898,9.686146,-0.5886344
2025-09-23T16:19:25.380098,-1.4859428,9.755538,-0.701097
2025-09-23T16:19:25.380115,-1.6295122,9.753145,-0.6963114
2025-09-23T16:19:25.380134,-1.5553347,9.707682,-0.55513483
2025-09-23T16:19:25.380168,-1.4261223,9.705289,-0.47138608
2025-09-23T16:19:25.560815,-1.3878372,9.717253,-0.5838487
2025-09-23T16:19:25.671552,-1.4141582,9.623933,-0.7393822
2025-09-23T16:19:25.671649,-1.3256238,9.568898,-0.6987042
2025-09-23T16:19:25.671672,-1.1437693,9.60479,-0.6628119
2025-09-23T16:19:25.671693,-1.1102697,9.674182,-0.66759753
2025-09-23T16:19:25.671712,-1.18684,9.674182,-0.6843473
2025-09-23T16:19:25.671731,-1.294517,9.700503,-0.634098
2025-09-23T16:19:25.671750,-1.4117653,9.702896,-0.5910272
2025-09-23T16:19:25.671768,-1.4237294,9.68136,-0.57188463
2025-09-23T16:19:25.671806,-1.3854443,9.698111,-0.66041905
2025-09-23T16:19:25.771782,-1.3734802,9.765109,-0.72023964
2025-09-23T16:19:25.787696,-1.4787644,9.750752,-0.6963114
2025-09-23T16:19:25.787738,-1.4261223,9.68136,-0.6221339
2025-09-23T16:19:25.787760,-1.3399807,9.5760765,-0.59581286
2025-09-23T16:19:25.787780,-1.3328022,9.58804,-0.52163535
2025-09-23T16:19:25.787800,-1.375873,9.65504,-0.44745782
2025-09-23T16:19:25.787818,-1.3399807,9.745967,-0.46181476
2025-09-23T16:19:25.787836,-1.2873386,9.769895,-0.49052864
2025-09-23T16:19:25.787854,-1.3495519,9.724431,-0.47377887
2025-09-23T16:19:25.787872,-1.308874,9.643075,-0.4881358
2025-09-23T16:19:25.787895,-1.2897314,9.678967,-0.65084773
2025-09-23T16:19:25.961045,-1.2777673,9.765109,-0.7848458
2025-09-23T16:19:25.994613,-1.2418749,9.710074,-0.701097
2025-09-23T16:19:25.994683,-1.3016955,9.583255,-0.56470615
2025-09-23T16:19:25.994706,-1.3926228,9.611969,-0.5479564
2025-09-23T16:19:25.994726,-1.4955142,9.700503,-0.5814559
2025-09-23T16:19:25.994745,-1.5026926,9.707682,-0.5192425
2025-09-23T16:19:25.994763,-1.3567305,9.671789,-0.4354937
2025-09-23T16:19:25.994781,-1.2203395,9.693324,-0.55752766
2025-09-23T16:19:25.994799,-1.2490535,9.698111,-0.6963114
2025-09-23T16:19:25.994818,-1.2873386,9.635897,-0.6436693
2025-09-23T16:19:25.994852,-1.2418749,9.633504,-0.5910272
2025-09-23T16:19:26.153822,-1.1796615,9.707682,-0.63170516
2025-09-23T16:19:26.303711,-1.2035898,9.712467,-0.66759753
2025-09-23T16:19:26.303777,-1.294517,9.690931,-0.60777694
2025-09-23T16:19:26.303809,-1.3136597,9.712467,-0.5479564
2025-09-23T16:19:26.303829,-1.2418749,9.734002,-0.5024927
2025-09-23T16:19:26.303848,-1.2107682,9.753145,-0.44027936
2025-09-23T16:19:26.303866,-1.2203395,9.695718,-0.49292147
2025-09-23T16:19:26.303884,-1.1940185,9.631111,-0.52163535
2025-09-23T16:19:26.303902,-1.2083755,9.626326,-0.44985065
2025-09-23T16:19:26.303939,-1.2729816,9.68136,-0.44745782
2025-09-23T16:19:26.354344,-1.2777673,9.736395,-0.55752766
2025-09-23T16:19:26.380694,-1.2035898,9.74836,-0.5838487
2025-09-23T16:19:26.380785,-1.2251252,9.662218,-0.50009996
2025-09-23T16:19:26.380836,-1.2610176,9.609575,-0.45702913
2025-09-23T16:19:26.380885,-1.2346965,9.647861,-0.45942193
2025-09-23T16:19:26.380931,-1.2299109,9.712467,-0.50009996
2025-09-23T16:19:26.380975,-1.253839,9.705289,-0.5312066
2025-09-23T16:19:26.381019,-1.1988041,9.734002,-0.5623133
2025-09-23T16:19:26.381063,-1.2658032,9.745967,-0.4642076
2025-09-23T16:19:26.381107,-1.3064811,9.803394,-0.4211368
2025-09-23T16:19:26.381163,-1.3375878,9.796216,-0.4642076
2025-09-23T16:19:26.566511,-1.3519448,9.650253,-0.44506502
2025-09-23T16:19:26.678050,-1.4069797,9.638289,-0.39481574
2025-09-23T16:19:26.678150,-1.308874,9.745967,-0.44985065
2025-09-23T16:19:26.678202,-1.2466606,9.796216,-0.4139583
2025-09-23T16:19:26.678249,-1.2634103,9.891929,-0.40438703
2025-09-23T16:19:26.678295,-1.227518,9.877572,-0.44745782
2025-09-23T16:19:26.678341,-1.1126626,9.760324,-0.37088752
2025-09-23T16:19:26.678387,-1.1270195,9.487542,-0.25842485
2025-09-23T16:19:26.678433,-1.2849457,9.370294,-0.24646074
2025-09-23T16:19:26.678480,-1.5864414,9.394221,-0.23688944
2025-09-23T16:19:26.678526,-1.7443677,9.516255,-0.27756742
2025-09-23T16:19:26.678584,-1.5768701,9.700503,-0.37088752
2025-09-23T16:19:26.678787,-1.3495519,9.899107,-0.47377887
2025-09-23T16:19:26.678882,-1.1389836,9.913465,-0.5694918
2025-09-23T16:19:26.678922,-0.9810573,9.741181,-0.485743
2025-09-23T16:19:26.849266,-1.0193424,9.573684,-0.36370903
2025-09-23T16:19:26.904957,-1.1629118,9.580862,-0.38285163
2025-09-23T16:19:26.905068,-1.3136597,9.578469,-0.44985065
2025-09-23T16:19:26.905129,-1.4285151,9.58804,-0.47138608
2025-09-23T16:19:26.905177,-1.457229,9.619147,-0.4211368
2025-09-23T16:19:26.905222,-1.3423735,9.707682,-0.43788654
2025-09-23T16:19:26.905268,-1.2155539,9.779466,-0.45942193
2025-09-23T16:19:26.905314,-1.2011969,9.8727865,-0.46181476
2025-09-23T16:19:26.905359,-1.2011969,9.789038,-0.44745782
2025-09-23T16:19:26.905402,-1.1988041,9.662218,-0.46660042
2025-09-23T16:19:26.905460,-1.18684,9.645468,-0.41635114
2025-09-23T16:19:26.949819,-1.1772687,9.650253,-0.3924229
2025-09-23T16:19:26.969261,-1.1413764,9.712467,-0.45224348
2025-09-23T16:19:26.969357,-1.105484,9.8321085,-0.53599226
2025-09-23T16:19:26.969409,-1.1485549,9.801002,-0.5288138
2025-09-23T16:19:26.969455,-1.2658032,9.628718,-0.47377887
2025-09-23T16:19:26.969501,-1.2897314,9.611969,-0.42831525
2025-09-23T16:19:27.155667,-1.2634103,9.693324,-0.4426722
2025-09-23T16:19:27.371853,-1.2777673,9.777073,-0.40917268
2025-09-23T16:19:27.371950,-1.1892328,9.757931,-0.38524446
2025-09-23T16:19:27.372003,-1.1581261,9.779466,-0.42831525
2025-09-23T16:19:27.372052,-1.1629118,9.767502,-0.46899325
2025-09-23T16:19:27.372098,-1.2418749,9.698111,-0.42831525
2025-09-23T16:19:27.372143,-1.2514462,9.645468,-0.40677986
2025-09-23T16:19:27.372187,-1.2705889,9.597611,-0.3684947
2025-09-23T16:19:27.372233,-1.3567305,9.600004,-0.46181476
2025-09-23T16:19:27.372280,-1.3710874,9.664611,-0.552742
2025-09-23T16:19:27.372325,-1.282553,9.729217,-0.59342
2025-09-23T16:19:27.372370,-1.2083755,9.777073,-0.60777694
2025-09-23T16:19:27.372416,-1.2011969,9.767502,-0.5383851
2025-09-23T16:19:27.372460,-1.2179468,9.693324,-0.4211368
2025-09-23T16:19:27.372504,-1.1629118,9.717253,-0.45942193
2025-09-23T16:19:27.372548,-1.0695918,9.777073,-0.59342
2025-09-23T16:19:27.372604,-1.0911272,9.762716,-0.70588267
2025-09-23T16:19:27.383325,-1.1318051,9.65504,-0.64606214
2025-09-23T16:19:27.383443,-1.2035898,9.564112,-0.5312066
2025-09-23T16:19:27.383496,-1.2969099,9.537791,-0.45702913
2025-09-23T16:19:27.383546,-1.3208381,9.556933,-0.37806597
2025-09-23T16:19:27.559635,-1.2658032,9.657433,-0.41156548
2025-09-23T16:19:27.679330,-1.1724831,9.767502,-0.4977071
2025-09-23T16:19:27.679401,-1.0863415,9.889536,-0.552742
2025-09-23T16:19:27.679446,-1.0695918,9.91825,-0.52163535
2025-09-23T16:19:27.679465,-1.1365907,9.868001,-0.4977071
2025-09-23T16:19:27.679483,-1.1796615,9.729217,-0.49052864
2025-09-23T16:19:27.679500,-1.1006985,9.652647,-0.47377887
2025-09-23T16:19:27.679516,-1.079163,9.633504,-0.4881358
2025-09-23T16:19:27.679533,-1.1557333,9.623933,-0.5455636
2025-09-23T16:19:27.679550,-1.227518,9.628718,-0.64606214
2025-09-23T16:19:27.679593,-1.2777673,9.678967,-0.6029913
2025-09-23T16:19:27.762530,-1.3064811,9.717253,-0.49292147
2025-09-23T16:19:27.880257,-1.2323036,9.755538,-0.46899325
2025-09-23T16:19:27.880356,-1.1485549,9.753145,-0.4953143
2025-09-23T16:19:27.880409,-1.1030912,9.757931,-0.5312066
2025-09-23T16:19:27.880456,-1.0863415,9.698111,-0.5838487
2025-09-23T16:19:27.880501,-1.1102697,9.643075,-0.60777694
2025-09-23T16:19:27.880546,-1.1533405,9.631111,-0.59342
2025-09-23T16:19:27.880766,-1.1916257,9.650253,-0.61734825
2025-09-23T16:19:27.880904,-1.253839,9.698111,-0.62931234
2025-09-23T16:19:27.880949,-1.2897314,9.7196455,-0.567099
2025-09-23T16:19:27.984752,-1.282553,9.676575,-0.44745782
2025-09-23T16:19:28.096645,-1.2562319,9.688539,-0.43788654
2025-09-23T16:19:28.096732,-1.2562319,9.77468,-0.5838487
2025-09-23T16:19:28.096753,-1.2610176,9.77468,-0.57906306
2025-09-23T16:19:28.096772,-1.2394822,9.698111,-0.4426722
2025-09-23T16:19:28.096790,-1.160519,9.676575,-0.4019942
2025-09-23T16:19:28.096808,-1.1270195,9.724431,-0.49052864
2025-09-23T16:19:28.096826,-1.1724831,9.7196455,-0.57906306
2025-09-23T16:19:28.096844,-1.1772687,9.671789,-0.5766702
2025-09-23T16:19:28.096862,-1.2155539,9.664611,-0.567099
2025-09-23T16:19:28.096897,-1.2634103,9.662218,-0.55752766
2025-09-23T16:19:28.153937,-1.2753744,9.690931,-0.5383851
2025-09-23T16:19:28.187475,-1.3184453,9.707682,-0.5599205
2025-09-23T16:19:28.187533,-1.3136597,9.717253,-0.54317075
2025-09-23T16:19:28.187574,-1.3280165,9.68136,-0.48095736
2025-09-23T16:19:28.187594,-1.3136597,9.664611,-0.42831525
2025-09-23T16:19:28.187612,-1.2394822,9.657433,-0.4761717
2025-09-23T16:19:28.187629,-1.2634103,9.640682,-0.5192425
2025-09-23T16:19:28.187646,-1.294517,9.745967,-0.4331009
2025-09-23T16:19:28.187664,-1.308874,9.80818,-0.47377887
2025-09-23T16:19:28.187682,-1.3016955,9.755538,-0.5407779
2025-09-23T16:19:28.187710,-1.2753744,9.7196455,-0.5096712
2025-09-23T16:19:28.384580,-1.2514462,9.700503,-0.49052864
2025-09-23T16:19:28.401806,-1.2179468,9.700503,-0.53359944
2025-09-23T16:19:28.401901,-1.2155539,9.671789,-0.5766702
2025-09-23T16:19:28.401952,-1.2418749,9.669396,-0.5407779
2025-09-23T16:19:28.401998,-1.2442678,9.678967,-0.5288138
2025-09-23T16:19:28.402043,-1.2442678,9.652647,-0.5240282
2025-09-23T16:19:28.402088,-1.2490535,9.662218,-0.51206404
2025-09-23T16:19:28.402132,-1.2059826,9.724431,-0.5192425
2025-09-23T16:19:28.402176,-1.1916257,9.762716,-0.51206404
2025-09-23T16:19:28.402233,-1.1940185,9.745967,-0.51445687
2025-09-23T16:19:28.608301,-1.1557333,9.736395,-0.5312066
2025-09-23T16:19:28.615134,-1.1150553,9.726824,-0.53359944
2025-09-23T16:19:28.615244,-1.160519,9.65504,-0.53359944
2025-09-23T16:19:28.615301,-1.2011969,9.6071825,-0.55513483
2025-09-23T16:19:28.615350,-1.2179468,9.597611,-0.53599226
2025-09-23T16:19:28.615397,-1.1844472,9.62154,-0.36131623
2025-09-23T16:19:28.615443,-1.2370893,9.573684,-0.1268196
2025-09-23T16:19:28.615489,-1.3806586,9.643075,-0.050249275
2025-09-23T16:19:28.615534,-1.5218352,9.729217,-0.18664017
2025-09-23T16:19:28.615596,-1.4763715,9.724431,-0.4546363
2025-09-23T16:19:28.615666,-1.0456635,9.633504,-0.52163535
2025-09-23T16:19:28.758177,-0.6795616,9.676575,-0.40438703
2025-09-23T16:19:28.853731,-0.849452,9.939785,-0.37328035
2025-09-23T16:19:28.853831,-1.3591232,10.207782,-0.6221339
2025-09-23T16:19:28.853883,-1.3878372,10.0881405,-0.8470592
2025-09-23T16:19:28.853931,-1.1294123,9.616755,-0.79920274
2025-09-23T16:19:28.853978,-1.1581261,9.377472,-0.6580262
2025-09-23T16:19:28.854024,-1.5074782,9.420543,-0.6053841
2025-09-23T16:19:28.854079,-1.6917256,9.611969,-0.6891329
2025-09-23T16:19:28.854125,-1.4189439,9.753145,-0.57906306
2025-09-23T16:19:28.854170,-1.402194,9.913465,-0.46660042
2025-09-23T16:19:28.854228,-1.7012969,10.092926,-0.24885355
2025-09-23T16:19:28.951598,-1.4931214,9.930214,-0.13878371
2025-09-23T16:19:28.959009,-1.6199409,9.786645,-0.22013968
2025-09-23T16:19:28.959108,-1.6462619,9.580862,-0.33738798
2025-09-23T16:19:28.959160,-1.6630118,9.458828,-0.4642076
2025-09-23T16:19:28.959208,-1.3543376,9.329616,-0.44506502
2025-09-23T16:19:28.959254,-1.442872,9.408579,-0.35413775
2025-09-23T16:19:28.959300,-1.6319051,9.611969,-0.5288138
2025-09-23T16:19:28.959345,-1.6701902,9.762716,-0.6053841
2025-09-23T16:19:28.959390,-1.6319051,9.717253,-0.5383851
2025-09-23T16:19:28.959447,-1.6510476,9.678967,-0.47377887
2025-09-23T16:19:29.148626,-1.7706888,9.726824,-0.47138608
2025-09-23T16:19:29.187858,-1.9477576,9.848858,-0.40917268
2025-09-23T16:19:29.187952,-1.9669002,9.781859,-0.18664017
2025-09-23T16:19:29.187975,-2.0937197,9.695718,0.05742774
2025-09-23T16:19:29.187993,-2.184647,9.47797,0.27756742
2025-09-23T16:19:29.188011,-2.036292,9.327223,0.5024927
2025-09-23T16:19:29.188028,-2.0865414,9.336794,0.60059845
2025-09-23T16:19:29.188045,-2.7302105,9.49472,0.52163535
2025-09-23T16:19:29.188062,-2.9766715,9.540184,0.29671
2025-09-23T16:19:29.188079,-2.8761728,9.669396,0.3062813
2025-09-23T16:19:29.188111,-2.6225336,9.647861,0.19860429
2025-09-23T16:19:29.348849,-2.565106,9.489935,-0.021535404
2025-09-23T16:19:29.352438,-2.5411777,9.456435,-0.23928227
2025-09-23T16:19:29.352529,-2.4741786,9.554541,-0.51445687
2025-09-23T16:19:29.352591,-2.306681,9.635897,-0.7728817
2025-09-23T16:19:29.352640,-2.143969,9.810573,-1.0289137
2025-09-23T16:19:29.352685,-2.2731814,10.083355,-1.3304094
2025-09-23T16:19:29.352738,-2.4765713,10.305887,-1.6007984
2025-09-23T16:19:29.352791,-2.2492533,10.124033,-1.4500505
2025-09-23T16:19:29.352835,-1.8951155,9.817751,-1.2203395
2025-09-23T16:19:29.352892,-2.184647,9.743574,-0.81595254
2025-09-23T16:19:29.569374,-2.1774685,9.724431,-0.2847459
2025-09-23T16:19:29.624044,-2.0865414,9.765109,0.4235296
2025-09-23T16:19:29.624141,-1.6390835,9.738789,0.7728817
2025-09-23T16:19:29.624195,-1.6797615,9.74836,0.6987042
2025-09-23T16:19:29.624244,-1.9645073,9.77468,0.31106696
2025-09-23T16:19:29.624292,-2.0721843,9.745967,-0.11724831
2025-09-23T16:19:29.624339,-1.7419748,9.616755,-0.3397808
2025-09-23T16:19:29.624385,-1.4333007,9.420543,-0.3278167
2025-09-23T16:19:29.624431,-1.3639089,9.205189,-0.2536392
2025-09-23T16:19:29.624476,-1.3160524,9.15494,-0.05742774
2025-09-23T16:19:29.624533,-1.1988041,9.317652,0.05742774
2025-09-23T16:19:29.753389,-1.227518,9.5665045,-0.14596218
2025-09-23T16:19:29.870284,-1.3950156,9.79143,-0.3469593
2025-09-23T16:19:29.870389,-1.3830515,9.789038,-0.35413775
2025-09-23T16:19:29.870445,-1.2490535,9.753145,-0.21296121
2025-09-23T16:19:29.870492,-1.105484,9.686146,-0.18664017
2025-09-23T16:19:29.870537,-0.8662018,9.600004,-0.20817557
2025-09-23T16:19:29.870593,-0.8111669,9.466006,-0.11964113
2025-09-23T16:19:29.870646,-0.83030945,9.30808,0.02871387
2025-09-23T16:19:29.870690,-0.8446664,9.272188,-0.0741775
2025-09-23T16:19:29.870734,-0.83988076,9.468399,-0.30388847
2025-09-23T16:19:29.870790,-0.9954142,9.600004,-0.46660042
2025-09-23T16:19:29.990636,-1.1437693,9.662218,-0.5096712
2025-09-23T16:19:29.990935,-1.0600204,9.700503,-0.49052864
2025-09-23T16:19:29.990992,-1.0193424,9.755538,-0.4881358
2025-09-23T16:19:29.991014,-1.1413764,9.851251,-0.41635114
2025-09-23T16:19:29.991035,-1.134198,9.908679,-0.43070808
2025-09-23T16:19:29.991054,-1.0671989,9.760324,-0.4977071
2025-09-23T16:19:29.991072,-1.0552348,9.688539,-0.6125626
2025-09-23T16:19:29.991091,-0.9667004,9.609575,-0.60777694
2025-09-23T16:19:29.991110,-0.89491564,9.497113,-0.40438703
2025-09-23T16:19:29.991127,-0.8350951,9.410972,-0.23928227
2025-09-23T16:19:30.161307,-0.80877405,9.437292,-0.2440679
2025-09-23T16:19:30.172530,-0.76331043,9.640682,-0.41635114
2025-09-23T16:19:30.172612,-0.8446664,9.810573,-0.6436693
2025-09-23T16:19:30.172635,-0.8805587,9.896714,-0.7513463
2025-09-23T16:19:30.172653,-0.73459655,9.860822,-0.57188463
2025-09-23T16:19:30.172671,-0.715454,9.801002,-0.3397808
2025-09-23T16:19:30.172689,-0.76570326,9.743574,-0.36610186
2025-09-23T16:19:30.172707,-0.7106683,9.662218,-0.485743
2025-09-23T16:19:30.172724,-0.57906306,9.667004,-0.43788654
2025-09-23T16:19:30.172741,-0.5312066,9.698111,-0.38763726
2025-09-23T16:19:30.172780,-0.5168497,9.698111,-0.27996024
2025-09-23T16:19:30.359355,-0.42831525,9.726824,-0.1052842
2025-09-23T16:19:30.474509,-0.35653058,9.80818,-0.11246266
2025-09-23T16:19:30.474620,-0.38763726,9.860822,-0.20817557
2025-09-23T16:19:30.474673,-0.37567315,9.8632145,-0.09092726
2025-09-23T16:19:30.474720,-0.43070808,9.82493,-0.083748795
2025-09-23T16:19:30.474766,-0.4546363,9.779466,-0.062213387
2025-09-23T16:19:30.474814,-0.45702913,9.796216,0.050249275
2025-09-23T16:19:30.474859,-0.50488555,9.801002,0.047856454
2025-09-23T16:19:30.474903,-0.4977071,9.722038,-0.10289137
2025-09-23T16:19:30.474947,-0.44506502,9.750752,-0.11485548
2025-09-23T16:19:30.475003,-0.4426722,9.762716,0.021535404
2025-09-23T16:19:30.561182,-0.44745782,9.738789,0.021535404
2025-09-23T16:19:30.671666,-0.4953143,9.760324,0.13160525
2025-09-23T16:19:30.671745,-0.5192425,9.79143,0.19381863
2025-09-23T16:19:30.671797,-0.5312066,9.772287,0.08135597
2025-09-23T16:19:30.671843,-0.42592242,9.755538,0.02632105
2025-09-23T16:19:30.671887,-0.3062813,9.8321085,0.1363909
2025-09-23T16:19:30.671932,-0.34456646,9.827323,0.148355
2025-09-23T16:19:30.671975,-0.33738798,9.812965,0.0
2025-09-23T16:19:30.672027,-0.2632105,9.789038,-0.0023928226
2025-09-23T16:19:30.672079,-0.25842485,9.82493,0.08135597
2025-09-23T16:19:30.758675,-0.39481574,9.858429,0.083748795
2025-09-23T16:19:30.875732,-0.46181476,9.827323,0.11246266
2025-09-23T16:19:30.875842,-0.5192425,9.750752,0.08135597
2025-09-23T16:19:30.875893,-0.5240282,9.724431,-0.06460621
2025-09-23T16:19:30.875940,-0.5288138,9.762716,-0.16749759
2025-09-23T16:19:30.875986,-0.52163535,9.793823,-0.124426775
2025-09-23T16:19:30.876031,-0.53359944,9.755538,-0.083748795
2025-09-23T16:19:30.876076,-0.4953143,9.68136,-0.11724831
2025-09-23T16:19:30.876120,-0.4881358,9.71486,-0.078963146
2025-09-23T16:19:30.876164,-0.5288138,9.731609,-0.02632105
2025-09-23T16:19:30.876222,-0.49052864,9.793823,-0.076570325
2025-09-23T16:19:30.959741,-0.49052864,9.822537,-0.047856454
2025-09-23T16:19:31.158326,-0.5766702,9.868001,-0.038285162
2025-09-23T16:19:31.158425,-0.5766702,9.894321,-0.09092726
2025-09-23T16:19:31.158476,-0.55513483,9.844072,-0.047856454
2025-09-23T16:19:31.158523,-0.5623133,9.757931,-0.021535404
2025-09-23T16:19:31.158588,-0.5312066,9.690931,-0.10767702
2025-09-23T16:19:31.158638,-0.5599205,9.667004,-0.15792629
2025-09-23T16:19:31.158683,-0.6269195,9.671789,-0.13878371
2025-09-23T16:19:31.158727,-0.6795616,9.743574,-0.12921242
2025-09-23T16:19:31.158770,-0.6771688,9.769895,-0.17467605
2025-09-23T16:19:31.158814,-0.6963114,9.781859,-0.19621146
2025-09-23T16:19:31.158857,-0.7298109,9.772287,-0.28953153
2025-09-23T16:19:31.158901,-0.6963114,9.688539,-0.29671
2025-09-23T16:19:31.158943,-0.63888365,9.645468,-0.1794617
2025-09-23T16:19:31.158986,-0.6843473,9.65504,-0.16031912
2025-09-23T16:19:31.159031,-0.7369894,9.650253,-0.22492532
2025-09-23T16:19:31.159075,-0.75613195,9.60479,-0.25842485
2025-09-23T16:19:31.164986,-0.8111669,9.597611,-0.24646074
2025-09-23T16:19:31.165098,-0.8925229,9.597611,-0.2440679
2025-09-23T16:19:31.165150,-0.930808,9.583255,-0.31345975
2025-09-23T16:19:31.165198,-0.91166544,9.525827,-0.3278167
2025-09-23T16:19:31.369499,-0.95712906,9.516255,-0.39481574
2025-09-23T16:19:31.518998,-1.0552348,9.533006,-0.40677986
2025-09-23T16:19:31.519096,-1.1174482,9.533006,-0.47138608
2025-09-23T16:19:31.519148,-1.1796615,9.513863,-0.54317075
2025-09-23T16:19:31.519196,-1.2418749,9.475577,-0.6149554
2025-09-23T16:19:31.519243,-1.2921243,9.442079,-0.6556334
2025-09-23T16:19:31.519289,-1.3806586,9.370294,-0.72263247
2025-09-23T16:19:31.519334,-1.4476577,9.300901,-0.74895346
2025-09-23T16:19:31.519377,-1.6558332,9.169296,-0.86141616
2025-09-23T16:19:31.519421,-1.8185452,9.0544405,-0.96909314
2025-09-23T16:19:31.519477,-1.9166509,8.958728,-1.0624132
2025-09-23T16:19:31.588178,-1.9884356,8.91805,-1.174876
2025-09-23T16:19:31.603851,-2.0003998,9.190832,-0.9906286
2025-09-23T16:19:31.603955,-1.8185452,10.054641,-0.7800602
2025-09-23T16:19:31.604010,-1.9286151,10.430314,-1.0193424
2025-09-23T16:19:31.604058,-1.3591232,10.358529,-0.8063812
2025-09-23T16:19:31.604103,-0.54317075,10.662417,-0.29910284
2025-09-23T16:19:31.604150,-0.47856453,11.935399,0.9499506
2025-09-23T16:19:31.604195,-0.64845496,11.988042,1.5577276
2025-09-23T16:19:31.604240,-0.930808,10.451849,1.6917256
2025-09-23T16:19:31.604284,-1.6199409,9.06162,1.430908
2025-09-23T16:19:31.604336,-2.0985055,7.881958,0.21535404
2025-09-23T16:19:31.756209,-2.589034,7.281359,0.29910284
2025-09-23T16:19:31.783553,-3.1058838,6.5515485,1.8065811
2025-09-23T16:19:31.783650,-2.9766715,6.178268,4.74736
2025-09-23T16:19:31.783701,-2.5052853,6.472585,7.085148
2025-09-23T16:19:31.783747,-2.1870399,5.9318075,7.6139617
2025-09-23T16:19:31.783792,-2.0267208,5.029713,5.9246287
2025-09-23T16:19:31.783836,-2.7852457,5.3216376,4.0701914
2025-09-23T16:19:31.783879,-2.292324,6.491728,2.0985055
2025-09-23T16:19:31.783923,-0.3900301,7.140183,-0.34217364
2025-09-23T16:19:31.783978,1.9070797,7.2670026,0.15074782
2025-09-23T16:19:31.824954,4.319045,6.611369,2.507678
2025-09-23T16:19:31.861608,4.9172506,6.35773,6.125626
2025-09-23T16:19:31.861831,3.4337006,6.74776,7.5637126
2025-09-23T16:19:31.861955,0.63888365,7.135397,5.2163534
2025-09-23T16:19:32.054726,-0.4426722,5.85763,3.8069808
2025-09-23T16:19:32.065244,-1.5864414,4.9363933,4.8622155
2025-09-23T16:19:32.065314,-1.0911272,4.9938207,6.754938
2025-09-23T16:19:32.065366,0.526421,5.0679984,8.379665
2025-09-23T16:19:32.065387,1.9118652,4.9866424,7.322037
2025-09-23T16:19:32.065405,1.0097711,5.0512486,5.9294147
2025-09-23T16:19:32.065423,-0.22253251,5.76431,8.279166
2025-09-23T16:19:32.065441,0.35413775,6.276374,9.489935
2025-09-23T16:19:32.065459,1.0863415,5.9700923,9.030513
2025-09-23T16:19:32.065477,1.0049855,6.343373,9.006584
2025-09-23T16:19:32.065505,1.3519448,6.582655,9.176475
2025-09-23T16:19:32.229594,1.2705889,5.235496,10.459028
2025-09-23T16:19:32.339005,0.4211368,3.0077782,9.750752
2025-09-23T16:19:32.339104,0.29192436,1.8496519,9.468399
2025-09-23T16:19:32.339155,1.2705889,2.132005,9.133404
2025-09-23T16:19:32.339201,2.8881369,3.400201,10.597812
2025-09-23T16:19:32.339245,3.6466618,3.1393833,9.839287
2025-09-23T16:19:32.339289,3.1226335,2.3569303,10.085748
2025-09-23T16:19:32.339333,2.4765713,1.6606189,11.91865
2025-09-23T16:19:32.339377,2.4622145,2.0147567,10.241281
2025-09-23T16:19:32.339438,3.2997024,4.45065,11.310873
2025-09-23T16:19:32.429086,3.7543387,4.359723,13.067204
2025-09-23T16:19:32.432735,2.9671001,3.1154552,11.4496565
2025-09-23T16:19:32.432819,0.99302137,3.1106694,12.014362
2025-09-23T16:19:32.432871,0.73459655,3.481557,10.786844
2025-09-23T16:19:32.432919,1.8783658,3.438486,10.293923
2025-09-23T16:19:32.432965,1.8592232,3.8117664,9.145369
2025-09-23T16:19:32.433012,0.78723866,3.8237305,8.183454
2025-09-23T16:19:32.433057,-0.21535404,4.098905,8.133204
2025-09-23T16:19:32.433102,-0.7752745,4.9866424,9.001799
2025-09-23T16:19:32.433148,-0.6125626,6.0490556,9.5665045
2025-09-23T16:19:32.433212,0.42831525,6.472585,9.044869
2025-09-23T16:19:32.630974,1.1772687,7.042077,8.355737
2025-09-23T16:19:32.749765,1.1676974,7.058827,8.243274
2025-09-23T16:19:32.749875,-0.50009996,6.491728,8.508878
2025-09-23T16:19:32.749928,-2.3784657,6.3218374,9.537791
2025-09-23T16:19:32.749975,-2.6656044,6.580262,10.059426
2025-09-23T16:19:32.750021,-1.7659031,6.728617,9.12144
2025-09-23T16:19:32.750067,-1.4045869,6.8721867,8.219346
2025-09-23T16:19:32.750113,-1.0480564,6.786045,8.4682
2025-09-23T16:19:32.750158,-1.0552348,6.9798636,8.9108715
2025-09-23T16:19:32.750202,-1.2634103,6.9391856,8.484949
2025-09-23T16:19:32.750266,-1.0767702,6.5898337,8.176275
2025-09-23T16:19:32.841879,-0.82313097,6.2309103,8.286345
2025-09-23T16:19:32.841978,-0.5766702,5.855237,8.410771
2025-09-23T16:19:32.842033,-0.033499517,5.465207,8.367701
2025-09-23T16:19:32.842080,-0.038285162,5.474778,7.834101
2025-09-23T16:19:32.842126,-0.3062813,5.7284174,7.5661054
2025-09-23T16:19:32.842170,-0.08135597,5.2283173,7.960921
2025-09-23T16:19:32.842215,0.06460621,4.9722853,7.7479596
2025-09-23T16:19:32.842259,-1.9812572,13.416556,6.4797635
2025-09-23T16:19:32.842302,0.1794617,2.8570302,18.441484
2025-09-23T16:19:32.842365,-4.0845485,2.603391,5.572884
2025-09-23T16:19:33.033900,-5.4173503,8.350951,6.352944
2025-09-23T16:19:33.148527,0.8446664,6.599405,8.690732
2025-09-23T16:19:33.148634,1.4691931,7.312466,6.8817577
2025-09-23T16:19:33.148687,-0.4953143,6.3601227,7.4584284
2025-09-23T16:19:33.148733,-1.7874385,6.166304,7.4847493
2025-09-23T16:19:33.148778,-2.1774685,6.0825553,8.523234
2025-09-23T16:19:33.148822,-1.713261,5.6757755,8.965906
2025-09-23T16:19:33.148866,-1.3375878,5.8504515,8.3581295
2025-09-23T16:19:33.148910,-0.87338024,5.989235,7.786245
2025-09-23T16:19:33.148954,0.069391854,6.161518,7.3172517
2025-09-23T16:19:33.149015,1.0408778,6.754938,6.71426
2025-09-23T16:19:33.233545,1.579263,7.3340015,5.773881
2025-09-23T16:19:33.346468,0.9595219,7.609176,5.556134
2025-09-23T16:19:33.346579,-0.8279166,7.556534,6.0729837
2025-09-23T16:19:33.346638,-1.942972,7.34118,6.991828
2025-09-23T16:19:33.346685,-2.495714,7.836494,7.0348988
2025-09-23T16:19:33.346730,-2.5603201,8.2456665,6.2644095
2025-09-23T16:19:33.346776,-2.2037897,8.092526,5.5968122
2025-09-23T16:19:33.346821,-2.0291135,7.554141,5.5968122
2025-09-23T16:19:33.346865,-2.115255,7.463214,6.202196
2025-09-23T16:19:33.346909,-1.9286151,7.568498,6.6855464
2025-09-23T16:19:33.346981,-1.7611175,7.348358,6.8602223
2025-09-23T16:19:33.426927,-1.2442678,6.795616,7.1377897
2025-09-23T16:19:33.435024,-0.634098,6.788438,7.190432
2025-09-23T16:19:33.435122,-0.5623133,7.2789664,6.829116
2025-09-23T16:19:33.435177,-0.54317075,7.4823565,6.096912
2025-09-23T16:19:33.435223,-0.2105684,7.54457,5.7690954
2025-09-23T16:19:33.435268,-0.5192425,7.3842506,5.7810597
2025-09-23T16:19:33.435313,-1.0432707,7.3986077,6.068198
2025-09-23T16:19:33.435356,-1.1389836,7.6594253,6.259624
2025-09-23T16:19:33.435400,-1.0097711,7.580462,5.7858453
2025-09-23T16:19:33.435464,-0.6412765,7.759924,5.3886366
2025-09-23T16:19:33.633442,-1.1102697,8.099705,5.7690954
2025-09-23T16:19:33.644063,-1.2873386,7.7001033,5.7020965
2025-09-23T16:19:33.644147,-1.1988041,7.7790666,5.6949177
2025-09-23T16:19:33.644199,-1.1485549,7.881958,5.369494
2025-09-23T16:19:33.644245,-1.0480564,7.9657063,5.54417
2025-09-23T16:19:33.644289,-1.2011969,8.29113,5.759524
2025-09-23T16:19:33.644334,-1.4883357,8.248059,5.773881
2025-09-23T16:19:33.644378,-1.68694,8.248059,5.5776696
2025-09-23T16:19:33.644422,-1.8448663,8.394022,5.395815
2025-09-23T16:19:33.644465,-2.0554347,8.372486,5.0368915
2025-09-23T16:19:33.644527,-2.0219352,8.219346,5.343173
2025-09-23T16:19:33.856139,-1.8735801,8.185846,5.74756
2025-09-23T16:19:33.871383,-1.6654046,7.877172,5.424529
2025-09-23T16:19:33.871480,-1.6558332,8.128419,5.1014977
2025-09-23T16:19:33.871531,-1.7682959,8.408379,4.7162533
2025-09-23T16:19:33.871595,-1.7443677,8.300702,4.3812585
2025-09-23T16:19:33.871643,-1.9046868,8.176275,4.089334
2025-09-23T16:19:33.871687,-2.158326,7.932207,3.900301
2025-09-23T16:19:33.871732,-2.5914268,8.183454,3.694518
2025-09-23T16:19:33.871776,-3.0388846,8.616554,3.5964124
2025-09-23T16:19:33.871830,-3.1944182,8.772088,3.4672
2025-09-23T16:19:33.871893,-3.0556345,8.836694,3.4241292
2025-09-23T16:19:34.028518,-3.034099,9.164511,3.2757742
2025-09-23T16:19:34.047414,-3.0197423,8.839087,3.0987053
2025-09-23T16:19:34.047497,-3.1537402,8.664411,2.9383862
2025-09-23T16:19:34.047519,-3.1872396,8.705089,2.7732813
2025-09-23T16:19:34.047538,-3.2279177,8.829515,2.766103
2025-09-23T16:19:34.047555,-3.2350962,8.807981,2.7110682
2025-09-23T16:19:34.047579,-3.2350962,8.695518,2.6249263
2025-09-23T16:19:34.047596,-3.2350962,8.803194,2.4502504
2025-09-23T16:19:34.047612,-3.2566316,8.961121,2.1774685
2025-09-23T16:19:34.047646,-3.2638102,9.035298,1.9477576
2025-09-23T16:19:34.235925,-3.3810585,9.253045,1.8089739
2025-09-23T16:19:34.367627,-3.5198421,8.803194,1.6558332
2025-09-23T16:19:34.367714,-3.534199,9.025727,1.6199409
2025-09-23T16:19:34.367736,-3.4600215,8.853444,1.5194423
2025-09-23T16:19:34.367755,-3.562913,8.99462,1.3519448
2025-09-23T16:19:34.367772,-3.5294135,8.8701935,1.1246266
2025-09-23T16:19:34.367790,-3.505485,8.956335,0.89730847
2025-09-23T16:19:34.367807,-3.5198421,9.348758,0.72263247
2025-09-23T16:19:34.367824,-3.644269,9.312865,0.6269195
2025-09-23T16:19:34.367841,-3.802195,8.906086,0.6891329
2025-09-23T16:19:34.367874,-3.8787656,8.898908,0.72741807
2025-09-23T16:19:34.425047,-3.792624,8.774481,0.5694918
2025-09-23T16:19:34.448044,-3.7974095,9.083155,0.25124636
2025-09-23T16:19:34.448106,-3.9050865,8.980264,0.023928227
2025-09-23T16:19:34.448128,-3.7088752,7.8867435,-0.14596218
2025-09-23T16:19:34.448147,-3.9601214,9.5760765,0.23449662
2025-09-23T16:19:34.448165,-4.0414777,9.274581,0.19381863
2025-09-23T16:19:34.448182,-4.1036906,9.064013,0.23688944
2025-09-23T16:19:34.448199,-4.113262,8.927621,0.033499517
2025-09-23T16:19:34.448218,-4.0390844,8.939586,-0.17228323
2025-09-23T16:19:34.448238,-4.1084766,8.937193,-0.15553348
2025-09-23T16:19:34.448261,-4.273581,8.79123,-0.11964113
2025-09-23T16:19:34.641034,-4.3525443,8.855837,-0.24885355
2025-09-23T16:19:34.650443,-4.4817567,8.980264,-0.37806597
2025-09-23T16:19:34.650507,-4.35733,9.056833,-0.4139583
2025-09-23T16:19:34.650549,-4.1108694,8.980264,-0.5623133
2025-09-23T16:19:34.650583,-4.0414777,8.879765,-0.6795616
2025-09-23T16:19:34.650608,-4.034299,8.834301,-0.56470615
2025-09-23T16:19:34.650632,-4.0869412,8.973084,-0.5024927
2025-09-23T16:19:34.650650,-4.1443686,8.915657,-0.49292147
2025-09-23T16:19:34.650669,-4.2711883,8.834301,-0.51206404
2025-09-23T16:19:34.650701,-4.316652,8.925228,-0.4977071
2025-09-23T16:19:34.903633,-4.2448673,8.985049,-0.41635114
2025-09-23T16:19:34.910712,-4.173083,8.941978,-0.3924229
2025-09-23T16:19:34.910774,-4.1611185,8.913264,-0.5096712
2025-09-23T16:19:34.910796,-4.098905,8.851051,-0.552742
2025-09-23T16:19:34.910814,-4.098905,8.819944,-0.53599226
2025-09-23T16:19:34.910832,-4.182654,8.877372,-0.4331009
2025-09-23T16:19:34.910849,-4.2592244,8.865408,-0.36370903
2025-09-23T16:19:34.910866,-4.2759743,8.920443,-0.3924229
2025-09-23T16:19:34.910884,-4.2041893,8.939586,-0.51445687
2025-09-23T16:19:34.910903,-4.1084766,8.903693,-0.65084773
2025-09-23T16:19:34.910925,-3.993621,8.853444,-0.72263247
2025-09-23T16:19:35.025834,-3.8548372,8.755338,-0.7322037
2025-09-23T16:19:35.145084,-3.8955152,8.781659,-0.6269195
2025-09-23T16:19:35.145171,-4.098905,8.925228,-0.567099
2025-09-23T16:19:35.145193,-4.1276193,8.987442,-0.61016977
2025-09-23T16:19:35.145212,-4.2257247,8.946764,-0.7465607
2025-09-23T16:19:35.145230,-4.2927237,8.927621,-0.8350951
2025-09-23T16:19:35.145247,-4.278367,8.927621,-0.8135597
2025-09-23T16:19:35.145264,-4.240082,8.965906,-0.7513463
2025-09-23T16:19:35.145281,-4.1611185,8.925228,-0.715454
2025-09-23T16:19:35.145314,-4.0677986,8.85823,-0.6795616
2025-09-23T16:19:35.237297,-4.0127635,8.872586,-0.6891329
2025-09-23T16:19:35.261297,-4.024728,8.874979,-0.66999036
2025-09-23T16:19:35.261392,-4.046263,8.867801,-0.5814559
2025-09-23T16:19:35.261445,-4.048656,8.920443,-0.5694918
2025-09-23T16:19:35.261493,-4.0701914,8.949157,-0.65084773
2025-09-23T16:19:35.261540,-4.156333,8.896515,-0.70348984
2025-09-23T16:19:35.261597,-4.223332,8.865408,-0.6891329
2025-09-23T16:19:35.261657,-4.206582,8.851051,-0.65084773
2025-09-23T16:19:35.261705,-4.168297,8.839087,-0.6580262
2025-09-23T16:19:35.261753,-4.1611185,8.781659,-0.63170516
2025-09-23T16:19:35.261819,-4.139583,8.812766,-0.65084773
2025-09-23T16:19:35.427512,-4.1515474,8.867801,-0.634098
2025-09-23T16:19:35.481223,-4.180261,8.882157,-0.61734825
2025-09-23T16:19:35.481321,-4.211368,8.843872,-0.6269195
2025-09-23T16:19:35.481371,-4.24726,8.834301,-0.62452674
2025-09-23T16:19:35.481418,-4.2329035,8.841479,-0.634098
2025-09-23T16:19:35.481464,-4.1491547,8.8701935,-0.6436693
2025-09-23T16:19:35.481511,-4.106084,8.882157,-0.61734825
2025-09-23T16:19:35.481556,-4.074977,8.891729,-0.59342
2025-09-23T16:19:35.481613,-4.065406,8.874979,-0.5910272
2025-09-23T16:19:35.481659,-4.0797625,8.865408,-0.6029913
2025-09-23T16:19:35.481727,-4.098905,8.85823,-0.6580262
2025-09-23T16:19:35.649915,-4.130012,8.863015,-0.6963114
2025-09-23T16:19:35.687559,-4.182654,8.930014,-0.72023964
2025-09-23T16:19:35.687672,-4.141976,8.9108715,-0.71306115
2025-09-23T16:19:35.687727,-4.098905,8.882157,-0.701097
2025-09-23T16:19:35.687775,-4.048656,8.874979,-0.64845496
2025-09-23T16:19:35.687822,-3.991228,8.9013,-0.6556334
2025-09-23T16:19:35.687869,-3.9840498,8.925228,-0.6795616
2025-09-23T16:19:35.687916,-3.9960139,8.941978,-0.72023964
2025-09-23T16:19:35.687966,-4.0510488,8.927621,-0.7298109
2025-09-23T16:19:35.688029,-4.0558343,8.913264,-0.6987042
2025-09-23T16:19:35.853909,-4.0701914,8.8701935,-0.61734825
2025-09-23T16:19:36.090650,-4.074977,8.879765,-0.59581286
2025-09-23T16:19:36.090942,-4.0965123,8.863015,-0.5814559
2025-09-23T16:19:36.090982,-4.0773697,8.908479,-0.55513483
2025-09-23T16:19:36.091002,-4.0438704,8.903693,-0.55752766
2025-09-23T16:19:36.091020,-4.0151563,8.88455,-0.5910272
2025-09-23T16:19:36.091038,-4.0007997,8.872586,-0.552742
2025-09-23T16:19:36.091055,-4.0510488,8.908479,-0.567099
2025-09-23T16:19:36.091072,-4.0510488,8.949157,-0.6029913
2025-09-23T16:19:36.091089,-4.0151563,8.922835,-0.5982057
2025-09-23T16:19:36.091106,-4.034299,8.886943,-0.61016977
2025-09-23T16:19:36.091122,-4.0510488,8.903693,-0.6556334
2025-09-23T16:19:36.091146,-4.098905,8.915657,-0.60059845
2025-09-23T16:19:36.091170,-4.1180477,8.906086,-0.54317075
2025-09-23T16:19:36.091187,-4.1204405,8.874979,-0.526421
2025-09-23T16:19:36.091203,-4.139583,8.846265,-0.5814559
2025-09-23T16:19:36.091219,-4.1228333,8.839087,-0.62452674
2025-09-23T16:19:36.099938,-4.091727,8.85823,-0.62452674
2025-09-23T16:19:36.100016,-4.0701914,8.927621,-0.6125626
2025-09-23T16:19:36.100039,-4.101298,8.872586,-0.62452674
2025-09-23T16:19:36.100058,-4.115655,8.882157,-0.60777694
2025-09-23T16:19:36.100076,-4.098905,8.9108715,-0.61016977
2025-09-23T16:19:36.242851,-4.1108694,8.898908,-0.62452674
2025-09-23T16:19:36.372350,-4.1036906,8.891729,-0.6125626
2025-09-23T16:19:36.372444,-4.0797625,8.886943,-0.60059845
2025-09-23T16:19:36.372496,-4.082155,8.886943,-0.59342
2025-09-23T16:19:36.372544,-4.089334,8.877372,-0.6149554
2025-09-23T16:19:36.372610,-4.1084766,8.872586,-0.6221339
2025-09-23T16:19:36.372663,-4.0965123,8.879765,-0.61734825
2025-09-23T16:19:36.372711,-4.125226,8.915657,-0.6221339
2025-09-23T16:19:36.372760,-4.130012,8.882157,-0.6364908
2025-09-23T16:19:36.372827,-4.1347976,8.9013,-0.6843473
2025-09-23T16:19:36.426066,-4.132405,8.9013,-0.6771688
2025-09-23T16:19:36.431665,-4.101298,8.894122,-0.62452674
2025-09-23T16:19:36.431757,-4.06062,8.85823,-0.61734825
2025-09-23T16:19:36.431809,-4.072584,8.882157,-0.61016977
2025-09-23T16:19:36.431858,-4.0845485,8.88455,-0.5982057
2025-09-23T16:19:36.431906,-4.1347976,8.9108715,-0.62931234
2025-09-23T16:19:36.431952,-4.1276193,8.915657,-0.64606214
2025-09-23T16:19:36.431997,-4.1108694,8.898908,-0.6029913
2025-09-23T16:19:36.432043,-4.101298,8.85823,-0.5766702
2025-09-23T16:19:36.432090,-4.082155,8.882157,-0.60777694
2025-09-23T16:19:36.432157,-4.082155,8.891729,-0.6197411
2025-09-23T16:19:36.633148,-4.106084,8.913264,-0.634098
2025-09-23T16:19:36.840478,-4.0941195,8.891729,-0.62931234
2025-09-23T16:19:36.840584,-4.106084,8.874979,-0.63888365
2025-09-23T16:19:36.840638,-4.098905,8.894122,-0.6125626
2025-09-23T16:19:36.840685,-4.0797625,8.922835,-0.61016977
2025-09-23T16:19:36.840732,-4.0701914,8.9013,-0.60059845
2025-09-23T16:19:36.840780,-4.0701914,8.860622,-0.5599205
2025-09-23T16:19:36.840825,-4.065406,8.898908,-0.55752766
2025-09-23T16:19:36.840870,-4.06062,8.913264,-0.5623133
2025-09-23T16:19:36.840914,-4.074977,8.920443,-0.60059845
2025-09-23T16:19:36.840957,-4.082155,8.913264,-0.5982057
2025-09-23T16:19:36.841002,-4.074977,8.891729,-0.60777694
2025-09-23T16:19:36.841047,-4.046263,8.874979,-0.63170516
2025-09-23T16:19:36.841090,-4.082155,8.872586,-0.6269195
2025-09-23T16:19:36.841134,-4.1228333,8.91805,-0.634098
2025-09-23T16:19:36.841178,-4.132405,8.889337,-0.6125626
2025-09-23T16:19:36.841222,-4.139583,8.915657,-0.567099
2025-09-23T16:19:36.888067,-4.098905,8.906086,-0.55034924
2025-09-23T16:19:36.888187,-4.063013,8.896515,-0.552742
2025-09-23T16:19:36.888240,-4.031906,8.9013,-0.5694918
2025-09-23T16:19:36.888302,-4.0390844,8.889337,-0.56470615
2025-09-23T16:19:37.015606,-4.0414777,8.898908,-0.5766702
2025-09-23T16:19:37.146522,-4.065406,8.891729,-0.57906306
2025-09-23T16:19:37.146621,-4.0701914,8.906086,-0.60059845
2025-09-23T16:19:37.146675,-4.0845485,8.9108715,-0.5766702
2025-09-23T16:19:37.146725,-4.125226,8.896515,-0.5599205
2025-09-23T16:19:37.146773,-4.1347976,8.886943,-0.57427746
2025-09-23T16:19:37.146820,-4.0965123,8.896515,-0.57427746
2025-09-23T16:19:37.146864,-4.082155,8.872586,-0.57427746
2025-09-23T16:19:37.146912,-4.113262,8.891729,-0.57427746
2025-09-23T16:19:37.146974,-4.1347976,8.886943,-0.52163535
2025-09-23T16:19:37.303003,-4.141976,8.908479,-0.526421
2025-09-23T16:19:37.313692,-4.1036906,8.903693,-0.5599205
2025-09-23T16:19:37.313786,-4.0869412,8.886943,-0.56470615
2025-09-23T16:19:37.313839,-4.0677986,8.867801,-0.552742
2025-09-23T16:19:37.313887,-4.074977,8.898908,-0.52163535
2025-09-23T16:19:37.313935,-4.074977,8.9013,-0.55513483
2025-09-23T16:19:37.313982,-4.0965123,8.879765,-0.5694918
2025-09-23T16:19:37.314027,-4.115655,8.88455,-0.57188463
2025-09-23T16:19:37.314080,-4.115655,8.886943,-0.60777694
2025-09-23T16:19:37.314131,-4.0845485,8.879765,-0.6029913
2025-09-23T16:19:37.314198,-4.0510488,8.886943,-0.60777694
2025-09-23T16:19:37.462048,-4.0438704,8.894122,-0.62931234
2025-09-23T16:19:37.470145,-4.098905,8.922835,-0.59581286
2025-09-23T16:19:37.470243,-4.106084,8.898908,-0.5766702
2025-09-23T16:19:37.470296,-4.1204405,8.894122,-0.57427746
2025-09-23T16:19:37.470344,-4.1276193,8.867801,-0.61016977
2025-09-23T16:19:37.470390,-4.0941195,8.855837,-0.5766702
2025-09-23T16:19:37.470436,-4.0845485,8.9108715,-0.59342
2025-09-23T16:19:37.470481,-4.072584,8.925228,-0.60059845
2025-09-23T16:19:37.470526,-4.063013,8.898908,-0.63888365
2025-09-23T16:19:37.470602,-4.0773697,8.874979,-0.65084773
2025-09-23T16:19:37.623994,-4.115655,8.860622,-0.5838487
2025-09-23T16:19:37.851751,-4.132405,8.879765,-0.5599205
2025-09-23T16:19:37.851848,-4.125226,8.915657,-0.57427746
2025-09-23T16:19:37.851900,-4.1204405,8.908479,-0.58624154
2025-09-23T16:19:37.851947,-4.0965123,8.865408,-0.6053841
2025-09-23T16:19:37.851993,-4.024728,8.874979,-0.6053841
2025-09-23T16:19:37.852042,-4.0390844,8.891729,-0.62931234
2025-09-23T16:19:37.852086,-4.065406,8.9108715,-0.6269195
2025-09-23T16:19:37.852130,-4.0965123,8.9013,-0.62452674
2025-09-23T16:19:37.852175,-4.091727,8.882157,-0.61016977
2025-09-23T16:19:37.852219,-4.1204405,8.874979,-0.61734825
2025-09-23T16:19:37.852263,-4.1084766,8.851051,-0.61734825
2025-09-23T16:19:37.852335,-4.106084,8.891729,-0.6197411
2025-09-23T16:19:37.852382,-4.130012,8.886943,-0.6221339
2025-09-23T16:19:37.852426,-4.1204405,8.872586,-0.5910272
2025-09-23T16:19:37.852470,-4.1228333,8.88455,-0.5766702
2025-09-23T16:19:37.852513,-4.15394,8.88455,-0.5814559
2025-09-23T16:19:37.852556,-4.17069,8.834301,-0.567099
2025-09-23T16:19:37.852610,-4.141976,8.851051,-0.5982057
2025-09-23T16:19:37.852656,-4.130012,8.865408,-0.6364908
2025-09-23T16:19:37.852701,-4.101298,8.903693,-0.6221339
2025-09-23T16:19:37.852748,-4.141976,8.848659,-0.56470615
2025-09-23T16:19:38.020913,-4.173083,8.879765,-0.5288138
2025-09-23T16:19:38.044929,-4.1587257,8.898908,-0.5694918
2025-09-23T16:19:38.045028,-4.139583,8.877372,-0.61016977
2025-09-23T16:19:38.045080,-4.089334,8.874979,-0.6125626
2025-09-23T16:19:38.045126,-4.058227,8.855837,-0.5982057
2025-09-23T16:19:38.045171,-4.0438704,8.860622,-0.57188463
2025-09-23T16:19:38.045215,-4.0965123,8.872586,-0.5694918
2025-09-23T16:19:38.045260,-4.125226,8.906086,-0.57906306
2025-09-23T16:19:38.045307,-4.1611185,8.903693,-0.6197411
2025-09-23T16:19:38.045369,-4.15394,8.872586,-0.62452674
2025-09-23T16:19:38.231068,-4.141976,8.853444,-0.6269195
2025-09-23T16:19:38.239804,-4.139583,8.874979,-0.60777694
2025-09-23T16:19:38.239948,-4.1228333,8.894122,-0.6125626
2025-09-23T16:19:38.239974,-4.125226,8.872586,-0.60059845
2025-09-23T16:19:38.239994,-4.130012,8.894122,-0.6125626
2025-09-23T16:19:38.240012,-4.1443686,8.88455,-0.6364908
2025-09-23T16:19:38.240030,-4.15394,8.872586,-0.6269195
2025-09-23T16:19:38.240047,-4.1347976,8.8701935,-0.63170516
2025-09-23T16:19:38.240064,-4.125226,8.85823,-0.61734825
2025-09-23T16:19:38.240081,-4.130012,8.853444,-0.6029913
2025-09-23T16:19:38.240113,-4.1180477,8.8701935,-0.63170516
2025-09-23T16:19:38.418774,-4.1084766,8.865408,-0.6412765
2025-09-23T16:19:38.443833,-4.125226,8.851051,-0.6029913
2025-09-23T16:19:38.443899,-4.130012,8.872586,-0.57188463
2025-09-23T16:19:38.443921,-4.1204405,8.891729,-0.60059845
2025-09-23T16:19:38.443940,-4.1204405,8.898908,-0.64845496
2025-09-23T16:19:38.443958,-4.1204405,8.894122,-0.66759753
2025-09-23T16:19:38.443975,-4.1371903,8.867801,-0.6652047
2025-09-23T16:19:38.443992,-4.1180477,8.872586,-0.65324056
2025-09-23T16:19:38.444010,-4.1108694,8.863015,-0.66999036
2025-09-23T16:19:38.444026,-4.113262,8.886943,-0.6364908
2025-09-23T16:19:38.444052,-4.132405,8.891729,-0.65324056
2025-09-23T16:19:38.618759,-4.141976,8.879765,-0.6628119
2025-09-23T16:19:38.677127,-4.1778684,8.877372,-0.64606214
2025-09-23T16:19:38.677228,-4.1347976,8.863015,-0.6556334
2025-09-23T16:19:38.677256,-4.1276193,8.843872,-0.6556334
2025-09-23T16:19:38.677274,-4.0965123,8.831908,-0.6556334
2025-09-23T16:19:38.677292,-4.139583,8.889337,-0.6891329
2025-09-23T16:19:38.677309,-4.1347976,8.920443,-0.7178468
2025-09-23T16:19:38.677326,-4.1850467,8.906086,-0.69152576
2025-09-23T16:19:38.677343,-4.2568316,8.9013,-0.62452674
2025-09-23T16:19:38.677376,-4.2424746,8.846265,-0.5910272
2025-09-23T16:19:38.828260,-4.17069,8.812766,-0.6221339
2025-09-23T16:19:38.884679,-4.125226,8.853444,-0.66999036
2025-09-23T16:19:38.884743,-4.089334,8.882157,-0.701097
2025-09-23T16:19:38.884782,-4.0558343,8.851051,-0.6963114
2025-09-23T16:19:38.884801,-4.0869412,8.863015,-0.6795616
2025-09-23T16:19:38.884818,-4.1180477,8.891729,-0.6628119
2025-09-23T16:19:38.884834,-4.1036906,8.913264,-0.66759753
2025-09-23T16:19:38.884851,-4.0701914,8.932407,-0.6364908
2025-09-23T16:19:38.884868,-4.031906,8.930014,-0.6412765
2025-09-23T16:19:38.884886,-4.1036906,8.944371,-0.6867401
2025-09-23T16:19:38.884919,-4.125226,8.894122,-0.7537391
2025-09-23T16:19:39.026691,-4.1635113,8.784052,-0.7728817
2025-09-23T16:19:39.070951,-4.1754756,8.709874,-0.7920243
2025-09-23T16:19:39.071020,-4.139583,8.867801,-0.8255238
2025-09-23T16:19:39.071057,-4.1180477,9.0544405,-0.8111669
2025-09-23T16:19:39.071077,-4.074977,9.008977,-0.8207382
2025-09-23T16:19:39.071095,-4.0438704,8.9013,-0.7752745
2025-09-23T16:19:39.071114,-4.0271206,8.953942,-0.69152576
2025-09-23T16:19:39.071132,-4.0414777,8.76491,-0.65324056
2025-09-23T16:19:39.071151,-4.1443686,8.874979,-0.73459655
2025-09-23T16:19:39.071187,-4.2424746,8.879765,-0.87338024
2025-09-23T16:19:39.223846,-4.261617,8.879765,-0.8422736
2025-09-23T16:19:39.276977,-4.2352962,8.815159,-0.5694918
2025-09-23T16:19:39.277040,-4.2568316,8.772088,-0.1363909
2025-09-23T16:19:39.277064,-4.4051867,8.733803,0.050249275
2025-09-23T16:19:39.277085,-4.3932223,8.8701935,-0.2440679
2025-09-23T16:19:39.277104,-4.17069,9.169296,-0.5312066
2025-09-23T16:19:39.277122,-3.9194436,9.037691,-0.5766702
2025-09-23T16:19:39.277140,-3.926622,8.882157,-0.5886344
2025-09-23T16:19:39.277158,-4.074977,8.781659,-0.47377887
2025-09-23T16:19:39.277175,-4.237689,8.829515,-0.2847459
2025-09-23T16:19:39.277208,-4.347759,8.9013,-0.15074782
2025-09-23T16:19:39.418791,-4.314259,8.922835,-0.1363909
2025-09-23T16:19:39.545898,-4.2161536,8.95155,-0.1698904
2025-09-23T16:19:39.545997,-4.0677986,9.047262,-0.13878371
2025-09-23T16:19:39.546050,-3.9074793,9.018549,-0.08135597
2025-09-23T16:19:39.546099,-3.952943,8.949157,-0.062213387
2025-09-23T16:19:39.546148,-4.1371903,8.999406,0.040677983
2025-09-23T16:19:39.546195,-4.287938,8.975478,0.18664017
2025-09-23T16:19:39.546243,-4.2999024,8.843872,0.2847459
2025-09-23T16:19:39.546291,-4.2975097,8.781659,0.39720857
2025-09-23T16:19:39.546354,-4.3070807,8.843872,0.50488555
2025-09-23T16:19:39.618653,-4.223332,8.877372,0.6197411
2025-09-23T16:19:39.624678,-4.098905,8.874979,0.7298109
2025-09-23T16:19:39.624774,-4.182654,8.810373,0.7968099
2025-09-23T16:19:39.624824,-4.2831526,8.755338,0.930808
2025-09-23T16:19:39.624873,-4.2831526,8.743374,1.0600204
2025-09-23T16:19:39.624922,-4.319045,8.717052,1.2011969
2025-09-23T16:19:39.624970,-4.4051867,8.748159,1.3328022
2025-09-23T16:19:39.625016,-4.331009,8.650054,1.4500505
2025-09-23T16:19:39.625059,-4.2281175,8.52802,1.6510476
2025-09-23T16:19:39.625103,-4.1922255,8.535198,1.8017955
2025-09-23T16:19:39.625170,-4.2041893,8.547162,1.9453648
2025-09-23T16:19:39.825873,-4.223332,8.592627,2.1559331
2025-09-23T16:19:39.880491,-4.2664027,8.453842,2.3234308
2025-09-23T16:19:39.880601,-4.2855453,8.298309,2.5220351
2025-09-23T16:19:39.880654,-4.328616,8.16431,2.6871397
2025-09-23T16:19:39.880700,-4.290331,8.075776,2.8666015
2025-09-23T16:19:39.880746,-4.2281175,8.070991,3.1274192
2025-09-23T16:19:39.880790,-4.1587257,8.018349,3.2183464
2025-09-23T16:19:39.880834,-4.211368,8.003992,3.330809
2025-09-23T16:19:39.880879,-4.211368,7.834101,3.495914
2025-09-23T16:19:39.880925,-4.1204405,7.745567,3.6777685
2025-09-23T16:19:39.881000,-3.9720855,7.652247,3.8763726
2025-09-23T16:19:40.021334,-3.9146578,7.542177,4.034299
2025-09-23T16:19:40.025656,-3.9696927,7.628319,4.3118663
2025-09-23T16:19:40.025949,-4.091727,7.5756764,4.5678983
2025-09-23T16:19:40.025988,-4.1084766,7.298109,4.74736
2025-09-23T16:19:40.026010,-3.9768713,7.092326,4.912465
2025-09-23T16:19:40.026029,-3.7471602,6.8458657,5.0392847
2025-09-23T16:19:40.026048,-3.6107693,6.5778694,5.3144593
2025-09-23T16:19:40.026091,-3.5796626,6.3481584,5.6039906
2025-09-23T16:19:40.026109,-3.6203406,6.161518,5.907879
2025-09-23T16:19:40.026152,-3.739982,6.0155563,6.1998034
2025-09-23T16:19:40.221238,-3.7184465,5.869594,6.4438715
2025-09-23T16:19:40.230559,-3.481557,5.6997037,6.759724
2025-09-23T16:19:40.230607,-3.2350962,5.558527,7.0779696
2025-09-23T16:19:40.230647,-3.1657043,5.395815,7.2670026
2025-09-23T16:19:40.230665,-3.1106694,5.4628143,7.496713
2025-09-23T16:19:40.230682,-3.117848,5.3742795,7.692925
2025-09-23T16:19:40.230699,-3.2327034,5.209175,7.836494
2025-09-23T16:19:40.230716,-3.182454,5.206782,8.049456
2025-09-23T16:19:40.230733,-2.9623144,5.0847483,8.374879
2025-09-23T16:19:40.230749,-2.8953154,4.6492543,8.635697
2025-09-23T16:19:40.230772,-2.7182465,4.4004006,8.908479
2025-09-23T16:19:40.423059,-2.4119651,4.493721,8.95155
2025-09-23T16:19:40.452730,-2.160719,4.5008993,9.032906
2025-09-23T16:19:40.452802,-1.8807586,4.462614,9.126225
2025-09-23T16:19:40.452823,-1.7994026,4.4339004,9.119047
2025-09-23T16:19:40.452841,-1.6917256,4.3812585,9.169296
2025-09-23T16:19:40.452858,-1.5936198,4.1515474,9.305687
2025-09-23T16:19:40.452875,-1.4189439,4.0271206,9.468399
2025-09-23T16:19:40.452892,-1.2418749,3.885944,9.501899
2025-09-23T16:19:40.452909,-1.0408778,3.8476589,9.51147
2025-09-23T16:19:40.452927,-0.8997013,3.6634114,9.669396
2025-09-23T16:19:40.452956,-0.6771688,3.5102708,9.9038925
2025-09-23T16:19:40.627247,-0.3924229,3.266203,10.064212
2025-09-23T16:19:40.746948,-0.10049855,3.249453,10.19821
2025-09-23T16:19:40.747043,0.014356935,3.591627,9.932607
2025-09-23T16:19:40.747065,-0.062213387,3.6681972,9.437292
2025-09-23T16:19:40.747083,0.078963146,3.859623,9.6071825
2025-09-23T16:19:40.747101,-0.14117654,3.8069808,9.099904
2025-09-23T16:19:40.747118,0.30867413,3.3714871,8.810373
2025-09-23T16:19:40.747135,0.45702913,3.1776686,9.372686
2025-09-23T16:19:40.747151,0.08135597,3.278167,9.671789
2025-09-23T16:19:40.747184,-0.20338993,3.3403804,9.554541
2025-09-23T16:19:40.829201,-0.20817557,3.2614172,9.473185
2025-09-23T16:19:40.958882,-0.18903299,3.3619158,9.506684
2025-09-23T16:19:40.958946,-0.033499517,3.345166,9.516255
2025-09-23T16:19:40.958992,0.04546363,3.5988052,9.315259
2025-09-23T16:19:40.959012,-0.16271193,3.8548372,9.250652
2025-09-23T16:19:40.959033,0.1268196,3.586841,9.257831
2025-09-23T16:19:40.959052,0.44985065,3.6729827,9.123833
2025-09-23T16:19:40.959069,0.36610186,3.7208393,9.131011
2025-09-23T16:19:40.959088,0.46181476,3.3762727,9.269794
2025-09-23T16:19:40.959108,0.6197411,3.4360933,9.078369
2025-09-23T16:19:40.959159,0.5599205,3.5892339,9.152547
2025-09-23T16:19:41.019140,0.33020952,3.7758741,9.3104725
2025-09-23T16:19:41.039449,0.3493521,3.5820556,9.343972
2025-09-23T16:19:41.039536,0.4642076,3.3499517,9.288938
2025-09-23T16:19:41.039558,0.46181476,3.3882368,9.372686
2025-09-23T16:19:41.039585,0.50009996,3.2470603,9.556933
2025-09-23T16:19:41.039604,0.8470592,3.1752756,9.492328
2025-09-23T16:19:41.039622,0.74177504,3.4097722,9.41815
2025-09-23T16:19:41.039640,0.5910272,3.3714871,9.485149
2025-09-23T16:19:41.039658,0.4761717,3.3882368,9.410972
2025-09-23T16:19:41.039693,0.41635114,3.3810585,9.413364
2025-09-23T16:19:41.225463,0.4642076,3.3140593,9.367901
2025-09-23T16:19:41.236031,0.48095736,3.2063823,9.399008
2025-09-23T16:19:41.236113,0.41156548,3.4073794,9.442079
2025-09-23T16:19:41.236164,0.7848458,3.3714871,9.38465
2025-09-23T16:19:41.236211,0.77766734,3.249453,9.236296
2025-09-23T16:19:41.236256,0.74177504,3.4432719,9.176475
2025-09-23T16:19:41.236301,0.74416786,3.426522,9.30808
2025-09-23T16:19:41.236354,0.78723866,3.400201,9.219545
2025-09-23T16:19:41.236408,0.62931234,3.6179478,9.23151
2025-09-23T16:19:41.236453,0.86859465,3.2757742,9.272188
2025-09-23T16:19:41.236512,0.7680961,3.3690944,9.147761
2025-09-23T16:19:41.425457,0.6412765,3.3619158,9.375079
2025-09-23T16:19:41.443030,0.6723832,3.3714871,9.456435
2025-09-23T16:19:41.443134,0.56470615,3.4695928,9.468399
2025-09-23T16:19:41.443185,0.7752745,3.237489,9.367901
2025-09-23T16:19:41.443233,0.85184485,3.211168,9.265009
2025-09-23T16:19:41.443277,0.8327023,3.3140593,9.298509
2025-09-23T16:19:41.443322,0.83988076,3.345166,9.346365
2025-09-23T16:19:41.443366,0.8662018,3.3379877,9.32483
2025-09-23T16:19:41.443410,0.7896315,3.330809,9.327223
2025-09-23T16:19:41.443453,0.7609176,3.3140593,9.413364
2025-09-23T16:19:41.443514,0.79920274,3.2925239,9.406186
2025-09-23T16:19:41.624921,0.7800602,3.306881,9.329616
2025-09-23T16:19:41.638439,0.85902333,3.359523,9.3104725
2025-09-23T16:19:41.638534,0.95473623,3.385844,9.286545
2025-09-23T16:19:41.638596,1.0049855,3.4313076,9.188439
2025-09-23T16:19:41.638647,0.95712906,3.4193435,9.1669035
2025-09-23T16:19:41.638696,0.9164511,3.4289148,9.23151
2025-09-23T16:19:41.638743,0.9236295,3.4217365,9.296116
2025-09-23T16:19:41.638789,0.8997013,3.3906298,9.317652
2025-09-23T16:19:41.638834,0.863809,3.4025939,9.329616
2025-09-23T16:19:41.638897,0.8063812,3.359523,9.353543
2025-09-23T16:19:41.826353,0.8350951,3.35713,9.312865
2025-09-23T16:19:41.854642,0.81834537,3.359523,9.276974
2025-09-23T16:19:41.854935,0.8063812,3.3714871,9.29133
2025-09-23T16:19:41.855003,0.8111669,3.3690944,9.296116
2025-09-23T16:19:41.855025,0.8135597,3.3643086,9.284152
2025-09-23T16:19:41.855046,0.782453,3.3882368,9.288938
2025-09-23T16:19:41.855065,0.74895346,3.3786657,9.339187
2025-09-23T16:19:41.855083,0.7465607,3.3619158,9.322437
2025-09-23T16:19:41.855101,0.6795616,3.359523,9.32483
2025-09-23T16:19:41.855119,0.6269195,3.333202,9.372686
2025-09-23T16:19:41.855152,0.74416786,3.345166,9.360723
2025-09-23T16:19:42.025885,0.8757731,3.397808,9.243474
2025-09-23T16:19:42.055889,0.8709874,3.426522,9.274581
2025-09-23T16:19:42.055986,0.8709874,3.4049866,9.293723
2025-09-23T16:19:42.056007,0.8709874,3.4432719,9.243474
2025-09-23T16:19:42.056026,0.8805587,3.4121652,9.241081
2025-09-23T16:19:42.056043,0.8925229,3.397808,9.3104725
2025-09-23T16:19:42.056060,0.8757731,3.3762727,9.332008
2025-09-23T16:19:42.056077,0.930808,3.37388,9.300901
2025-09-23T16:19:42.056094,0.9236295,3.400201,9.257831
2025-09-23T16:19:42.056112,0.9212367,3.397808,9.233903
2025-09-23T16:19:42.056144,0.9451649,3.414558,9.284152
2025-09-23T16:19:42.192734,0.94277215,3.4456646,9.255438
2025-09-23T16:19:42.302447,0.9236295,3.4504502,9.217153
2025-09-23T16:19:42.302546,0.9020941,3.455236,9.202796
2025-09-23T16:19:42.302607,0.86859465,3.414558,9.265009
2025-09-23T16:19:42.302655,0.85184485,3.3690944,9.3200445
2025-09-23T16:19:42.302699,0.8422736,3.3882368,9.334401
2025-09-23T16:19:42.302744,0.8255238,3.3690944,9.281759
2025-09-23T16:19:42.302787,0.7704889,3.3882368,9.29133
2025-09-23T16:19:42.302844,0.77766734,3.3810585,9.293723
2025-09-23T16:19:42.388087,0.7728817,3.3786657,9.305687
2025-09-23T16:19:42.408182,0.7465607,3.3667014,9.3511505
2025-09-23T16:19:42.408280,0.7680961,3.3403804,9.387043
2025-09-23T16:19:42.408333,0.7513463,3.3643086,9.343972
2025-09-23T16:19:42.408379,0.72023964,3.3667014,9.332008
2025-09-23T16:19:42.408424,0.72023964,3.37388,9.312865
2025-09-23T16:19:42.408468,0.76331043,3.3619158,9.300901
2025-09-23T16:19:42.408512,0.79920274,3.3714871,9.303294
2025-09-23T16:19:42.408556,0.81834537,3.3954153,9.262616
2025-09-23T16:19:42.408623,0.82313097,3.4049866,9.221938
2025-09-23T16:19:42.602523,0.80159557,3.414558,9.24826
2025-09-23T16:19:42.719702,0.7968099,3.4025939,9.3104725
2025-09-23T16:19:42.719800,0.82313097,3.3882368,9.300901
2025-09-23T16:19:42.719852,0.8207382,3.37388,9.303294
2025-09-23T16:19:42.719900,0.81595254,3.3810585,9.29133
2025-09-23T16:19:42.719944,0.8255238,3.37388,9.286545
2025-09-23T16:19:42.719996,0.8063812,3.3762727,9.298509
2025-09-23T16:19:42.720050,0.8135597,3.3882368,9.312865
2025-09-23T16:19:42.720096,0.78723866,3.3882368,9.305687
2025-09-23T16:19:42.720142,0.7848458,3.3906298,9.312865
2025-09-23T16:19:42.720197,0.7848458,3.3786657,9.298509
2025-09-23T16:19:42.795590,0.79441714,3.359523,9.3200445
2025-09-23T16:19:42.799402,0.82313097,3.3547373,9.305687
2025-09-23T16:19:42.799500,0.80159557,3.3762727,9.303294
2025-09-23T16:19:42.799553,0.80159557,3.397808,9.274581
2025-09-23T16:19:42.799611,0.8207382,3.3906298,9.286545
2025-09-23T16:19:42.799719,0.83748794,3.4049866,9.296116
2025-09-23T16:19:42.799775,0.8350951,3.3786657,9.3104725
2025-09-23T16:19:42.799797,0.86141616,3.3834512,9.281759
2025-09-23T16:19:42.799817,0.8566305,3.4049866,9.257831
2025-09-23T16:19:42.799836,0.8350951,3.3906298,9.276974
2025-09-23T16:19:42.799869,0.81834537,3.3762727,9.298509
2025-09-23T16:19:42.990067,0.81834537,3.3499517,9.332008
2025-09-23T16:19:42.993242,0.79441714,3.3667014,9.35833
2025-09-23T16:19:42.993283,0.77766734,3.3523445,9.315259
2025-09-23T16:19:42.993316,0.8039884,3.35713,9.315259
2025-09-23T16:19:42.993335,0.81595254,3.3499517,9.332008
2025-09-23T16:19:42.993354,0.8662018,3.3667014,9.296116
2025-09-23T16:19:42.993372,0.8279166,3.3643086,9.260223
2025-09-23T16:19:42.993390,0.7896315,3.3810585,9.243474
2025-09-23T16:19:42.993408,0.7800602,3.400201,9.284152
2025-09-23T16:19:42.993432,0.7920243,3.37388,9.300901
2025-09-23T16:19:43.190323,0.7968099,3.3762727,9.300901
2025-09-23T16:19:43.193968,0.8207382,3.3499517,9.281759
2025-09-23T16:19:43.194015,0.80159557,3.3834512,9.267402
2025-09-23T16:19:43.194038,0.8207382,3.3690944,9.303294
2025-09-23T16:19:43.194058,0.8255238,3.3762727,9.315259
2025-09-23T16:19:43.194077,0.8470592,3.3810585,9.3200445
2025-09-23T16:19:43.194095,0.83748794,3.3643086,9.29133
2025-09-23T16:19:43.194114,0.80877405,3.3762727,9.293723
2025-09-23T16:19:43.194132,0.8135597,3.35713,9.315259
2025-09-23T16:19:43.194150,0.8111669,3.3810585,9.317652
2025-09-23T16:19:43.194173,0.81595254,3.37388,9.3200445
2025-09-23T16:19:43.390787,0.83030945,3.3906298,9.3104725
2025-09-23T16:19:43.398522,0.85184485,3.3882368,9.300901
2025-09-23T16:19:43.398591,0.83748794,3.3786657,9.284152
2025-09-23T16:19:43.398614,0.8279166,3.3690944,9.281759
2025-09-23T16:19:43.398632,0.8207382,3.3690944,9.30808
2025-09-23T16:19:43.398650,0.8063812,3.3690944,9.305687
2025-09-23T16:19:43.398667,0.8063812,3.3810585,9.296116
2025-09-23T16:19:43.398683,0.7896315,3.3810585,9.288938
2025-09-23T16:19:43.398700,0.8135597,3.3643086,9.346365
2025-09-23T16:19:43.398717,0.81595254,3.3690944,9.334401
2025-09-23T16:19:43.398738,0.8063812,3.35713,9.317652
2025-09-23T16:19:43.598798,0.7752745,3.37388,9.322437
2025-09-23T16:19:43.609379,0.78723866,3.385844,9.32483
2025-09-23T16:19:43.609446,0.8207382,3.359523,9.303294
2025-09-23T16:19:43.609468,0.8063812,3.3714871,9.293723
2025-09-23T16:19:43.609510,0.79920274,3.400201,9.253045
2025-09-23T16:19:43.609528,0.8279166,3.4049866,9.236296
2025-09-23T16:19:43.609546,0.79441714,3.3714871,9.267402
2025-09-23T16:19:43.609576,0.79920274,3.3834512,9.317652
2025-09-23T16:19:43.609604,0.80877405,3.3786657,9.303294
2025-09-23T16:19:43.609636,0.7704889,3.3499517,9.274581
2025-09-23T16:19:43.789514,0.72263247,3.318845,9.339187
2025-09-23T16:19:43.799365,0.7393822,3.306881,9.365508
2025-09-23T16:19:43.799427,0.7920243,3.3284163,9.353543
2025-09-23T16:19:43.799449,0.7896315,3.3284163,9.327223
2025-09-23T16:19:43.799467,0.78723866,3.3619158,9.300901
2025-09-23T16:19:43.799484,0.81834537,3.3786657,9.260223
2025-09-23T16:19:43.799501,0.83030945,3.3667014,9.286545
2025-09-23T16:19:43.799518,0.8039884,3.3643086,9.3200445
2025-09-23T16:19:43.799535,0.7920243,3.3690944,9.303294
2025-09-23T16:19:43.799552,0.8063812,3.3714871,9.305687
2025-09-23T16:19:43.799592,0.79441714,3.3403804,9.30808
2025-09-23T16:19:43.994329,0.8039884,3.345166,9.322437
2025-09-23T16:19:44.001058,0.7298109,3.359523,9.296116
2025-09-23T16:19:44.001132,0.6795616,3.3667014,9.298509
2025-09-23T16:19:44.001160,0.74177504,3.3499517,9.363115
2025-09-23T16:19:44.001179,0.8063812,3.330809,9.391829
2025-09-23T16:19:44.001196,0.8327023,3.3116665,9.363115
2025-09-23T16:19:44.001213,0.8279166,3.3523445,9.341579
2025-09-23T16:19:44.001230,0.78723866,3.3762727,9.274581
2025-09-23T16:19:44.001246,0.7704889,3.4193435,9.257831
2025-09-23T16:19:44.001264,0.7920243,3.3930225,9.241081
2025-09-23T16:19:44.001288,0.79441714,3.414558,9.288938
2025-09-23T16:19:44.206936,0.7585248,3.4241292,9.250652
2025-09-23T16:19:44.266698,0.8039884,3.438486,9.202796
2025-09-23T16:19:44.266803,0.8542377,3.4169507,9.200403
2025-09-23T16:19:44.266858,0.81834537,3.4121652,9.272188
2025-09-23T16:19:44.266908,0.782453,3.3427732,9.3104725
2025-09-23T16:19:44.266957,0.74177504,3.3379877,9.332008
2025-09-23T16:19:44.267005,0.67477596,3.345166,9.332008
2025-09-23T16:19:44.267052,0.68195444,3.359523,9.339187
2025-09-23T16:19:44.267098,0.72741807,3.2997024,9.332008
2025-09-23T16:19:44.267159,0.66759753,3.3403804,9.41815
2025-09-23T16:19:44.388238,0.6580262,3.3882368,9.442079
2025-09-23T16:19:44.408894,0.74895346,3.3547373,9.238688
2025-09-23T16:19:44.408992,0.86141616,3.3355947,9.176475
2025-09-23T16:19:44.409043,0.8039884,3.3092737,9.346365
2025-09-23T16:19:44.409090,0.74177504,3.2829528,9.403793
2025-09-23T16:19:44.409134,0.69152576,3.2949169,9.332008
2025-09-23T16:19:44.409179,0.6197411,3.3643086,9.269794
2025-09-23T16:19:44.409222,0.634098,3.3954153,9.224331
2025-09-23T16:19:44.409268,0.70588267,3.3954153,9.267402
2025-09-23T16:19:44.409312,0.76331043,3.3786657,9.327223
2025-09-23T16:19:44.409368,0.70348984,3.35713,9.353543
2025-09-23T16:19:44.597113,0.6269195,3.3379877,9.365508
2025-09-23T16:19:44.614135,0.5623133,3.3930225,9.408579
2025-09-23T16:19:44.614209,0.6269195,3.3547373,9.415757
2025-09-23T16:19:44.614261,0.634098,3.3044882,9.382257
2025-09-23T16:19:44.614307,0.6412765,3.2805598,9.346365
2025-09-23T16:19:44.614354,0.60777694,3.2877383,9.444471
2025-09-23T16:19:44.614400,0.72502524,3.2997024,9.52822
2025-09-23T16:19:44.614446,0.77766734,3.4049866,9.578469
2025-09-23T16:19:44.614488,0.8350951,3.2709885,9.236296
2025-09-23T16:19:44.614531,1.2251252,3.1226335,8.906086
2025-09-23T16:19:44.614590,1.2897314,2.845066,8.927621
2025-09-23T16:19:44.836642,0.9499506,3.2446675,9.504292
2025-09-23T16:19:44.891334,0.8805587,2.9096723,9.745967
2025-09-23T16:19:44.891434,0.9954142,2.6488547,9.559326
2025-09-23T16:19:44.891496,0.6221339,2.4837499,10.030712
2025-09-23T16:19:44.891542,0.39481574,2.5555346,10.317851
2025-09-23T16:19:44.891599,0.069391854,2.7062824,10.3441725
2025-09-23T16:19:44.891647,-0.11246266,2.7732813,10.265209
2025-09-23T16:19:44.891692,-0.4235296,2.8426733,10.234102
2025-09-23T16:19:44.891842,-0.7896315,2.8426733,10.530812
2025-09-23T16:19:44.891935,-1.1294123,3.3140593,10.581061
2025-09-23T16:19:45.083427,-1.2418749,3.4983068,10.423136
2025-09-23T16:19:45.207430,-1.0576276,3.6681972,10.090533
2025-09-23T16:19:45.207525,-0.7728817,3.5724843,9.74836
2025-09-23T16:19:45.207549,-0.9403793,3.4456646,9.336794
2025-09-23T16:19:45.207581,-1.2203395,3.333202,9.233903
2025-09-23T16:19:45.207601,-1.5337993,3.546163,9.176475
2025-09-23T16:19:45.207618,-1.7156538,3.8787656,9.040084
2025-09-23T16:19:45.207635,-1.9166509,4.0127635,8.843872
2025-09-23T16:19:45.207652,-2.1272194,4.0295134,8.585447
2025-09-23T16:19:45.207668,-2.268396,4.402794,8.496913
2025-09-23T16:19:45.207691,-2.2468605,4.6707897,8.29113
2025-09-23T16:19:45.230479,-2.2444677,4.9770713,8.063812
2025-09-23T16:19:45.230562,-2.376073,5.1613183,7.8867435
2025-09-23T16:19:45.230596,-2.6871397,5.2498527,7.7671022
2025-09-23T16:19:45.230615,-2.766103,5.642276,7.5326056
2025-09-23T16:19:45.230632,-2.9120653,5.8839507,7.245467
2025-09-23T16:19:45.230649,-3.0604203,5.895915,6.9702926
2025-09-23T16:19:45.230665,-3.1058838,5.936593,6.762117
2025-09-23T16:19:45.230682,-3.2087753,6.1495543,6.7166533
2025-09-23T16:19:45.230699,-3.225525,6.343373,6.587441
2025-09-23T16:19:45.230731,-3.2398818,6.3385873,6.4797635
2025-09-23T16:19:45.400055,-3.237489,6.381658,6.309873
2025-09-23T16:19:45.442985,-3.2231321,6.3720865,6.233303
2025-09-23T16:19:45.443050,-3.3020952,6.398408,6.1328044
2025-09-23T16:19:45.443089,-3.330809,6.541977,6.058627
2025-09-23T16:19:45.443108,-3.3930225,6.7573314,5.95095
2025-09-23T16:19:45.443125,-3.5509489,6.9248285,5.788238
2025-09-23T16:19:45.443143,-3.7088752,7.0205417,5.682954
2025-09-23T16:19:45.443159,-3.8141594,7.0779696,5.541777
2025-09-23T16:19:45.443176,-3.8380876,7.0229344,5.541777
2025-09-23T16:19:45.443192,-3.900301,7.0085773,5.4699926
2025-09-23T16:19:45.443225,-3.9696927,7.1976104,5.3216376
2025-09-23T16:19:45.598064,-3.9696927,7.3866434,5.218746
2025-09-23T16:19:45.648896,-4.082155,7.348358,5.103891
2025-09-23T16:19:45.648969,-4.2257247,7.2095747,4.9938207
2025-09-23T16:19:45.648992,-4.354937,7.204789,4.8502517
2025-09-23T16:19:45.649012,-4.354937,7.3579297,4.723432
2025-09-23T16:19:45.649030,-4.3118663,7.4943204,4.5966125
2025-09-23T16:19:45.649048,-4.314259,7.556534,4.496114
2025-09-23T16:19:45.649067,-4.3669014,7.661818,4.4410787
2025-09-23T16:19:45.649084,-4.3645086,7.685746,4.3070807
2025-09-23T16:19:45.649101,-4.4339004,7.6259255,4.0510488
2025-09-23T16:19:45.649133,-4.4434714,7.7312098,3.9840498
2025-09-23T16:19:45.799874,-4.426722,7.786245,3.9720855
2025-09-23T16:19:45.916326,-4.503292,7.685746,3.9290147
2025-09-23T16:19:45.916395,-4.6396832,7.702496,3.9768713
2025-09-23T16:19:45.916417,-4.759324,7.7742805,3.9146578
2025-09-23T16:19:45.916436,-4.752146,7.771888,3.7016966
2025-09-23T16:19:45.916454,-4.790431,7.812566,3.5198421
2025-09-23T16:19:45.916473,-4.766503,7.8556366,3.3092737
2025-09-23T16:19:45.916491,-4.6731825,7.9369926,3.129812
2025-09-23T16:19:45.916510,-4.627719,8.013563,3.141776
2025-09-23T16:19:45.916545,-4.6779685,8.10449,2.9671001
2025-09-23T16:19:45.991691,-4.735396,8.140383,2.8929226
2025-09-23T16:19:46.007945,-4.833502,8.056634,2.845066
2025-09-23T16:19:46.008015,-4.87418,8.008778,2.7302105
2025-09-23T16:19:46.008037,-4.8598228,8.068598,2.656033
2025-09-23T16:19:46.008057,-4.8885365,8.126026,2.548356
2025-09-23T16:19:46.008075,-4.9292145,8.133204,2.3904297
2025-09-23T16:19:46.008093,-4.8263235,8.188239,2.2420747
2025-09-23T16:19:46.008111,-4.733003,8.293523,2.2468605
2025-09-23T16:19:46.008128,-4.76411,8.377272,2.1535404
2025-09-23T16:19:46.008146,-4.8119664,8.391629,2.0075781
2025-09-23T16:19:46.008179,-4.8263235,8.362915,1.9142581
2025-09-23T16:19:46.201654,-4.8263235,8.331808,1.8281165
2025-09-23T16:19:46.312448,-4.7952166,8.343773,1.7515461
2025-09-23T16:19:46.312517,-4.8263235,8.334201,1.7443677
2025-09-23T16:19:46.312548,-4.8885365,8.353344,1.6893328
2025-09-23T16:19:46.312579,-4.924429,8.398808,1.6438692
2025-09-23T16:19:46.312606,-4.9268217,8.408379,1.5601203
2025-09-23T16:19:46.312628,-4.8885365,8.34138,1.4883357
2025-09-23T16:19:46.312646,-4.85743,8.334201,1.4213367
2025-09-23T16:19:46.312664,-4.8885365,8.338987,1.3304094
2025-09-23T16:19:46.312696,-4.941179,8.449057,1.2658032
2025-09-23T16:19:46.312729,-4.9459643,8.4347,1.2346965
2025-09-23T16:19:46.430164,-4.9052863,8.370093,1.1940185
2025-09-23T16:19:46.430236,-4.9340005,8.346166,1.160519
2025-09-23T16:19:46.430259,-4.9196434,8.367701,1.0887343
2025-09-23T16:19:46.430278,-4.9459643,8.432307,1.0695918
2025-09-23T16:19:46.430296,-4.996214,8.496913,1.0695918
2025-09-23T16:19:46.430314,-4.962714,8.508878,1.0097711
2025-09-23T16:19:46.430332,-4.922036,8.441878,0.93320084
2025-09-23T16:19:46.430368,-4.900501,8.420342,0.8877372
2025-09-23T16:19:46.430387,-4.924429,8.4705925,0.89491564
2025-09-23T16:19:46.430413,-4.948357,8.458628,0.89491564
2025-09-23T16:19:46.603155,-4.8933225,8.489735,0.8997013
2025-09-23T16:19:46.809511,-4.8598228,8.554341,0.8255238
2025-09-23T16:19:46.809589,-4.8933225,8.547162,0.70348984
2025-09-23T16:19:46.809613,-4.816752,8.535198,0.7465607
2025-09-23T16:19:46.809633,-4.7688956,8.49452,0.7513463
2025-09-23T16:19:46.809652,-4.816752,8.465807,0.7968099
2025-09-23T16:19:46.809670,-4.8789654,8.539984,0.7896315
2025-09-23T16:19:46.809695,-4.924429,8.683554,0.6963114
2025-09-23T16:19:46.809724,-4.8693943,8.633304,0.6628119
2025-09-23T16:19:46.809761,-4.8287163,8.504091,0.7106683
2025-09-23T16:19:46.809779,-4.814359,8.429914,0.67477596
2025-09-23T16:19:46.809795,-4.816752,8.544769,0.64606214
2025-09-23T16:19:46.809812,-4.8239303,8.63809,0.5886344
2025-09-23T16:19:46.809829,-4.776074,8.676374,0.5623133
2025-09-23T16:19:46.809845,-4.692325,8.647661,0.58624154
2025-09-23T16:19:46.809862,-4.682754,8.56152,0.6197411
2025-09-23T16:19:46.809878,-4.666004,8.475378,0.6652047
2025-09-23T16:19:46.827033,-4.6971107,8.463413,0.6364908
2025-09-23T16:19:46.827100,-4.800002,8.535198,0.63170516
2025-09-23T16:19:46.827124,-4.883751,8.642876,0.65084773
2025-09-23T16:19:46.827146,-4.8598228,8.618947,0.66999036
2025-09-23T16:19:46.996444,-4.8263235,8.58784,0.64606214
2025-09-23T16:19:47.219429,-4.807181,8.585447,0.63888365
2025-09-23T16:19:47.219496,-4.752146,8.571091,0.6556334
2025-09-23T16:19:47.219534,-4.7282176,8.58784,0.72263247
2025-09-23T16:19:47.219553,-4.718646,8.602198,0.7465607
2025-09-23T16:19:47.219580,-4.7401814,8.590233,0.7609176
2025-09-23T16:19:47.219608,-4.8191447,8.563912,0.7585248
2025-09-23T16:19:47.219626,-4.8454657,8.551949,0.7369894
2025-09-23T16:19:47.219643,-4.867001,8.539984,0.70348984
2025-09-23T16:19:47.219660,-4.867001,8.5112705,0.6939186
2025-09-23T16:19:47.219679,-4.8622155,8.5112705,0.715454
2025-09-23T16:19:47.219696,-4.7952166,8.506484,0.7298109
2025-09-23T16:19:47.219714,-4.76411,8.513663,0.7465607
2025-09-23T16:19:47.219734,-4.723432,8.559127,0.70348984
2025-09-23T16:19:47.219752,-4.7425747,8.609376,0.7298109
2025-09-23T16:19:47.219769,-4.7832522,8.573483,0.74416786
2025-09-23T16:19:47.219788,-4.831109,8.520842,0.72023964
2025-09-23T16:19:47.783997,-4.85743,8.530413,0.7298109
2025-09-23T16:19:47.784101,-4.871787,8.530413,0.7298109
2025-09-23T16:19:47.784124,-4.84068,8.472985,0.71306115
2025-09-23T16:19:47.784143,-4.8095737,8.472985,0.6891329
2025-09-23T16:19:47.784160,-4.7976093,8.559127,0.715454
2025-09-23T16:19:47.784178,-4.7976093,8.573483,0.72502524
2025-09-23T16:19:47.784195,-4.8191447,8.583055,0.7513463
2025-09-23T16:19:47.784211,-4.8191447,8.556734,0.7728817
2025-09-23T16:19:47.784230,-4.8095737,8.5112705,0.7920243
2025-09-23T16:19:47.784248,-4.7976093,8.506484,0.75613195
2025-09-23T16:19:47.784266,-4.8047876,8.516056,0.69152576
2025-09-23T16:19:47.784284,-4.792824,8.539984,0.7178468
2025-09-23T16:19:47.784302,-4.8502517,8.5423765,0.7609176
2025-09-23T16:19:47.784319,-4.883751,8.544769,0.8063812
2025-09-23T16:19:47.784337,-4.8598228,8.518449,0.79441714
2025-09-23T16:19:47.784355,-4.800002,8.5423765,0.76570326
2025-09-23T16:19:47.784373,-4.7688956,8.535198,0.70588267
2025-09-23T16:19:47.784392,-4.7784667,8.532805,0.6723832
2025-09-23T16:19:47.784410,-4.831109,8.5016985,0.7322037
2025-09-23T16:19:47.784428,-4.855037,8.504091,0.79920274
2025-09-23T16:19:47.815277,-4.8789654,8.46102,0.7920243
2025-09-23T16:19:47.815387,-4.8622155,8.559127,0.8255238
2025-09-23T16:19:47.815441,-4.8239303,8.602198,0.8781659
2025-09-23T16:19:47.815489,-4.7808595,8.537591,0.85184485
2025-09-23T16:19:47.815538,-4.7425747,8.458628,0.6939186
2025-09-23T16:19:47.815594,-4.802395,8.535198,0.62931234
2025-09-23T16:19:47.815640,-4.914858,8.556734,0.6771688
2025-09-23T16:19:47.815684,-4.948357,8.58784,0.7800602
2025-09-23T16:19:47.815730,-4.87418,8.563912,0.88295156
2025-09-23T16:19:47.815775,-4.7569313,8.556734,0.8925229
2025-09-23T16:19:47.815822,-4.7138605,8.463413,0.79920274
2025-09-23T16:19:47.815866,-4.7162533,8.46102,0.6556334
2025-09-23T16:19:47.815910,-4.8239303,8.535198,0.63888365
2025-09-23T16:19:47.815953,-4.938786,8.537591,0.72263247
2025-09-23T16:19:47.815997,-5.0105705,8.513663,0.83748794
2025-09-23T16:19:47.816040,-4.914858,8.504091,0.8542377
2025-09-23T16:19:47.816087,-4.7832522,8.504091,0.7800602
2025-09-23T16:19:47.996159,-4.7377887,8.530413,0.701097
2025-09-23T16:19:48.039624,-4.7808595,8.518449,0.7106683
2025-09-23T16:19:48.039734,-4.8095737,8.580662,0.7728817
2025-09-23T16:19:48.039805,-4.807181,8.58784,0.8207382
2025-09-23T16:19:48.039875,-4.8287163,8.573483,0.81595254
2025-09-23T16:19:48.039928,-4.8693943,8.535198,0.83030945
2025-09-23T16:19:48.039978,-4.87418,8.437093,0.7704889
2025-09-23T16:19:48.040022,-4.8861437,8.441878,0.7585248
2025-09-23T16:19:48.040066,-4.907679,8.504091,0.81834537
2025-09-23T16:19:48.040113,-4.912465,8.518449,0.8279166
2025-09-23T16:19:48.472024,-4.8454657,8.508878,0.80159557
2025-09-23T16:19:48.472127,-4.790431,8.523234,0.81595254
2025-09-23T16:19:48.472179,-4.7784667,8.506484,0.79920274
2025-09-23T16:19:48.472228,-4.831109,8.504091,0.7920243
2025-09-23T16:19:48.472274,-4.8287163,8.532805,0.7848458
2025-09-23T16:19:48.472321,-4.8454657,8.547162,0.78723866
2025-09-23T16:19:48.472367,-4.8358946,8.551949,0.7848458
2025-09-23T16:19:48.472414,-4.7784667,8.551949,0.76331043
2025-09-23T16:19:48.472458,-4.773681,8.556734,0.8063812
2025-09-23T16:19:48.472502,-4.7880383,8.551949,0.76331043
2025-09-23T16:19:48.472547,-4.776074,8.547162,0.782453
2025-09-23T16:19:48.472606,-4.76411,8.5112705,0.79920274
2025-09-23T16:19:48.472666,-4.773681,8.547162,0.8279166
2025-09-23T16:19:48.472710,-4.7784667,8.551949,0.7968099
2025-09-23T16:19:48.472754,-4.8119664,8.532805,0.7968099
2025-09-23T16:19:48.472809,-4.8693943,8.549556,0.8135597
2025-09-23T16:19:48.472853,-4.8646083,8.544769,0.8135597
2025-09-23T16:19:48.499743,-4.8454657,8.523234,0.80877405
2025-09-23T16:19:48.499859,-4.7880383,8.525627,0.782453
2025-09-23T16:19:48.499912,-4.766503,8.549556,0.8039884
2025-09-23T16:19:48.499959,-4.7712884,8.530413,0.7968099
2025-09-23T16:19:48.500007,-4.8263235,8.523234,0.77766734
2025-09-23T16:19:48.932440,-4.8646083,8.520842,0.7704889
2025-09-23T16:19:48.932540,-4.8526444,8.518449,0.8111669
2025-09-23T16:19:48.932605,-4.8598228,8.508878,0.83988076
2025-09-23T16:19:48.932655,-4.843073,8.496913,0.8279166
2025-09-23T16:19:48.932701,-4.8215375,8.518449,0.8135597
2025-09-23T16:19:48.932746,-4.8191447,8.539984,0.81595254
2025-09-23T16:19:48.932791,-4.816752,8.532805,0.80159557
2025-09-23T16:19:48.932836,-4.8095737,8.518449,0.7848458
2025-09-23T16:19:48.932879,-4.8287163,8.544769,0.782453
2025-09-23T16:19:48.932925,-4.871787,8.544769,0.8063812
2025-09-23T16:19:48.932970,-4.8622155,8.530413,0.8039884
2025-09-23T16:19:48.933014,-4.8263235,8.518449,0.75613195
2025-09-23T16:19:48.933058,-4.7952166,8.489735,0.74895346
2025-09-23T16:19:48.933101,-4.8263235,8.516056,0.782453
2025-09-23T16:19:48.933148,-4.8454657,8.532805,0.79920274
2025-09-23T16:19:48.933193,-4.8622155,8.5423765,0.80159557
2025-09-23T16:19:48.933237,-4.8765726,8.518449,0.7968099
2025-09-23T16:19:48.944502,-4.867001,8.489735,0.79441714
2025-09-23T16:19:48.944625,-4.8454657,8.465807,0.79920274
2025-09-23T16:19:48.944680,-4.8119664,8.506484,0.8063812
2025-09-23T16:19:48.944729,-4.8191447,8.5423765,0.81595254
2025-09-23T16:19:49.062193,-4.84068,8.547162,0.78723866
2025-09-23T16:19:49.611430,-4.8047876,8.559127,0.80159557
2025-09-23T16:19:49.611530,-4.8239303,8.544769,0.8207382
2025-09-23T16:19:49.611593,-4.8191447,8.525627,0.8279166
2025-09-23T16:19:49.611644,-4.800002,8.506484,0.8063812
2025-09-23T16:19:49.611695,-4.7856455,8.5112705,0.7920243
2025-09-23T16:19:49.611742,-4.7784667,8.535198,0.782453
2025-09-23T16:19:49.611788,-4.802395,8.530413,0.79441714
2025-09-23T16:19:49.611833,-4.8358946,8.539984,0.782453
2025-09-23T16:19:49.611878,-4.84068,8.537591,0.78723866
2025-09-23T16:19:49.611925,-4.8454657,8.504091,0.77766734
2025-09-23T16:19:49.611970,-4.871787,8.508878,0.77766734
2025-09-23T16:19:49.612014,-4.87418,8.482556,0.782453
2025-09-23T16:19:49.612058,-4.871787,8.52802,0.8111669
2025-09-23T16:19:49.612106,-4.8454657,8.532805,0.8327023
2025-09-23T16:19:49.612152,-4.8047876,8.537591,0.8662018
2025-09-23T16:19:49.612196,-4.8119664,8.508878,0.8470592
2025-09-23T16:19:49.612244,-4.8287163,8.5112705,0.79441714
2025-09-23T16:19:49.612289,-4.8382874,8.520842,0.7585248
2025-09-23T16:19:49.612368,-4.8382874,8.477771,0.7680961
2025-09-23T16:19:49.612427,-4.8789654,8.458628,0.8135597
2025-09-23T16:19:49.612483,-4.9172506,8.489735,0.8327023
2025-09-23T16:19:49.612533,-4.8861437,8.537591,0.8350951
2025-09-23T16:19:49.612587,-4.8622155,8.516056,0.81834537
2025-09-23T16:19:49.612634,-4.814359,8.499306,0.82313097
2025-09-23T16:19:49.612680,-4.7856455,8.506484,0.8111669
2025-09-23T16:19:49.612727,-4.7952166,8.52802,0.8111669
2025-09-23T16:19:49.612772,-4.8502517,8.551949,0.85902333
2025-09-23T16:19:49.612817,-4.871787,8.544769,0.85184485
2025-09-23T16:19:49.612864,-4.8861437,8.544769,0.8662018
2025-09-23T16:19:49.612910,-4.833502,8.516056,0.89013004
2025-09-23T16:19:49.612957,-4.7832522,8.5016985,0.8662018
2025-09-23T16:19:49.623042,-4.776074,8.487342,0.8662018
2025-09-23T16:19:49.623108,-4.8382874,8.5016985,0.863809
2025-09-23T16:19:49.623164,-4.8789654,8.489735,0.8566305
2025-09-23T16:19:49.623211,-4.895715,8.492127,0.8662018
2025-09-23T16:19:49.623256,-4.912465,8.453842,0.8111669
2025-09-23T16:19:49.623302,-4.895715,8.465807,0.80159557
2025-09-23T16:19:49.623347,-4.898108,8.499306,0.782453
2025-09-23T16:19:49.623392,-4.8861437,8.477771,0.74895346
2025-09-23T16:19:49.623436,-4.8622155,8.465807,0.72502524
2025-09-23T16:19:49.623480,-4.855037,8.492127,0.701097
2025-09-23T16:19:49.799249,-4.867001,8.525627,0.75613195
2025-09-23T16:19:49.914647,-4.8789654,8.508878,0.7728817
2025-09-23T16:19:49.914747,-4.85743,8.530413,0.7968099
2025-09-23T16:19:49.914801,-4.8598228,8.568698,0.7513463
2025-09-23T16:19:49.914850,-4.7976093,8.554341,0.70588267
2025-09-23T16:19:49.914896,-4.7856455,8.523234,0.6987042
2025-09-23T16:19:49.914945,-4.84068,8.518449,0.70588267
2025-09-23T16:19:49.914990,-4.912465,8.504091,0.70588267
2025-09-23T16:19:49.915037,-4.9172506,8.506484,0.6723832
2025-09-23T16:19:49.915082,-4.912465,8.5016985,0.72023964
2025-09-23T16:19:49.915131,-4.9196434,8.4705925,0.72023964
2025-09-23T16:19:50.424300,-4.900501,8.477771,0.701097
2025-09-23T16:19:50.424396,-4.900501,8.504091,0.6795616
2025-09-23T16:19:50.424448,-4.8885365,8.492127,0.7082755
2025-09-23T16:19:50.424495,-4.9052863,8.463413,0.7298109
2025-09-23T16:19:50.424542,-4.8789654,8.499306,0.72741807
2025-09-23T16:19:50.424607,-4.84068,8.484949,0.7106683
2025-09-23T16:19:50.424666,-4.816752,8.508878,0.6939186
2025-09-23T16:19:50.424710,-4.84068,8.559127,0.701097
2025-09-23T16:19:50.424766,-4.8789654,8.5423765,0.6843473
2025-09-23T16:19:50.424810,-4.9459643,8.5016985,0.6891329
2025-09-23T16:19:50.424853,-4.962714,8.456235,0.74895346
2025-09-23T16:19:50.424897,-4.9603214,8.4682,0.75613195
2025-09-23T16:19:50.424942,-4.9435716,8.475378,0.72741807
2025-09-23T16:19:50.424985,-4.912465,8.482556,0.7178468
2025-09-23T16:19:50.425029,-4.8502517,8.513663,0.7178468
2025-09-23T16:19:50.425073,-4.8861437,8.482556,0.7322037
2025-09-23T16:19:50.425116,-4.924429,8.4682,0.6891329
2025-09-23T16:19:50.425160,-4.9459643,8.446664,0.6580262
2025-09-23T16:19:50.425205,-4.9459643,8.475378,0.6843473
2025-09-23T16:19:50.425248,-4.898108,8.496913,0.70588267
2025-09-23T16:19:50.425292,-4.8885365,8.482556,0.7513463
2025-09-23T16:19:50.463369,-4.8646083,8.504091,0.72741807
2025-09-23T16:19:50.463463,-4.8933225,8.5112705,0.6795616
2025-09-23T16:19:50.463515,-4.898108,8.52802,0.64606214
2025-09-23T16:19:50.463560,-4.881358,8.504091,0.6412765
2025-09-23T16:19:50.463614,-4.881358,8.4705925,0.64845496
2025-09-23T16:19:50.463660,-4.907679,8.492127,0.6556334
2025-09-23T16:19:50.463705,-4.938786,8.525627,0.6412765
2025-09-23T16:19:50.463749,-4.910072,8.530413,0.65324056
2025-09-23T16:19:50.463793,-4.8885365,8.530413,0.6556334
2025-09-23T16:19:50.463837,-4.8598228,8.504091,0.63170516
2025-09-23T16:19:50.463881,-4.8765726,8.513663,0.60059845
2025-09-23T16:19:50.722981,-4.9052863,8.508878,0.60777694
2025-09-23T16:19:50.743907,-4.922036,8.535198,0.6269195
2025-09-23T16:19:50.744007,-4.9196434,8.518449,0.6364908
2025-09-23T16:19:50.744060,-4.9363933,8.516056,0.63170516
2025-09-23T16:19:50.744106,-4.907679,8.523234,0.59342
2025-09-23T16:19:50.744157,-4.8765726,8.551949,0.526421
2025-09-23T16:19:50.744222,-4.855037,8.52802,0.45942193
2025-09-23T16:19:50.744279,-4.881358,8.506484,0.4642076
2025-09-23T16:19:50.744325,-4.9172506,8.506484,0.5407779
2025-09-23T16:19:50.744372,-4.9196434,8.499306,0.6269195
2025-09-23T16:19:50.744417,-4.898108,8.544769,0.6412765
2025-09-23T16:19:50.806337,-4.8885365,8.537591,0.60777694
2025-09-23T16:19:50.866086,-4.843073,8.5112705,0.5910272
2025-09-23T16:19:50.866186,-4.814359,8.525627,0.63170516
2025-09-23T16:19:50.866238,-4.867001,8.496913,0.74416786
2025-09-23T16:19:50.866285,-4.910072,8.458628,0.88295156
2025-09-23T16:19:50.866330,-4.95075,8.437093,0.9403793
2025-09-23T16:19:50.866375,-4.8933225,8.415557,0.95712906
2025-09-23T16:19:50.866419,-4.7784667,8.346166,0.95712906
2025-09-23T16:19:50.866466,-4.790431,8.480164,1.0336994
2025-09-23T16:19:50.866515,-4.773681,8.343773,1.2251252
2025-09-23T16:19:51.039491,-4.833502,8.46102,1.3471591
2025-09-23T16:19:51.270836,-4.8789654,8.4347,1.3112668
2025-09-23T16:19:51.270936,-4.955536,8.465807,1.1940185
2025-09-23T16:19:51.270988,-5.0943193,8.446664,1.1629118
2025-09-23T16:19:51.271034,-5.1086764,8.386844,1.1844472
2025-09-23T16:19:51.271078,-5.070391,8.305488,1.1030912
2025-09-23T16:19:51.271123,-5.0105705,8.271988,1.0480564
2025-09-23T16:19:51.271168,-5.0129633,8.374879,1.0815558
2025-09-23T16:19:51.271214,-4.9842496,8.451449,1.0863415
2025-09-23T16:19:51.271258,-4.9842496,8.398808,1.0576276
2025-09-23T16:19:51.271303,-4.974678,8.382058,0.971486
2025-09-23T16:19:51.369875,-4.9866424,8.432307,0.8662018
2025-09-23T16:19:51.369973,-5.0081778,8.439486,0.83748794
2025-09-23T16:19:51.369997,-5.0392847,8.458628,0.82313097
2025-09-23T16:19:51.370016,-5.022535,8.439486,0.8063812
2025-09-23T16:19:51.370035,-5.022535,8.41795,0.8039884
2025-09-23T16:19:51.370054,-5.0368915,8.429914,0.7920243
2025-09-23T16:19:51.370072,-5.015356,8.425129,0.78723866
2025-09-23T16:19:51.370090,-4.9842496,8.391629,0.70588267
2025-09-23T16:19:51.370108,-5.0679984,8.4705925,0.5838487
2025-09-23T16:19:51.370127,-5.235496,8.523234,0.60059845
2025-09-23T16:19:51.401030,-5.1732826,8.516056,0.68195444
2025-09-23T16:19:51.424580,-4.9459643,8.331808,0.72263247
2025-09-23T16:19:51.424659,-4.9196434,8.305488,0.78723866
2025-09-23T16:19:51.424681,-4.965107,8.513663,0.85184485
2025-09-23T16:19:51.424700,-4.8382874,8.659625,0.74895346
2025-09-23T16:19:51.424718,-4.766503,8.606983,0.6053841
2025-09-23T16:19:51.424735,-4.800002,8.506484,0.65324056
2025-09-23T16:19:51.424752,-4.8358946,8.506484,0.76570326
2025-09-23T16:19:51.424770,-4.8861437,8.5423765,0.7848458
2025-09-23T16:19:51.424787,-4.924429,8.662018,0.8063812
2025-09-23T16:19:51.424804,-4.922036,8.664411,0.8781659
2025-09-23T16:19:51.653867,-4.938786,8.508878,0.9379865
2025-09-23T16:19:51.685975,-4.938786,8.475378,0.9906286
2025-09-23T16:19:51.686064,-4.962714,8.425129,1.0552348
2025-09-23T16:19:51.686086,-4.9866424,8.3174515,1.1653047
2025-09-23T16:19:51.686104,-4.955536,8.281559,1.3663018
2025-09-23T16:19:51.686121,-4.843073,8.410771,1.4883357
2025-09-23T16:19:51.686138,-4.709075,8.413164,1.4739788
2025-09-23T16:19:51.686155,-4.6803613,8.367701,1.538585
2025-09-23T16:19:51.686172,-4.816752,8.41795,1.8735801
2025-09-23T16:19:51.686190,-4.8861437,8.525627,2.0721843
2025-09-23T16:19:51.809055,-4.752146,8.382058,2.115255
2025-09-23T16:19:51.865930,-4.7545385,8.090134,2.3114667
2025-09-23T16:19:51.866020,-4.8382874,8.001599,2.5052853
2025-09-23T16:19:51.866042,-4.9268217,8.128419,2.5555346
2025-09-23T16:19:51.866060,-4.9531426,8.310273,2.684747
2025-09-23T16:19:51.866078,-4.924429,8.389236,2.8307092
2025-09-23T16:19:51.866095,-4.761717,8.288737,2.8689942
2025-09-23T16:19:51.866111,-4.5631127,8.489735,2.9048867
2025-09-23T16:19:51.866128,-4.486542,8.4682,2.8713872
2025-09-23T16:19:51.866145,-4.321438,8.099705,3.101098
2025-09-23T16:19:51.866162,-4.082155,7.7671022,3.65384
2025-09-23T16:19:51.996049,-3.8572302,7.4847493,4.165904
2025-09-23T16:19:52.121363,-3.751946,7.503892,4.3669014
2025-09-23T16:19:52.121432,-3.9768713,7.810173,4.2927237
2025-09-23T16:19:52.121460,-4.0534415,8.015956,4.3334017
2025-09-23T16:19:52.121485,-4.0103707,7.9346,4.316652
2025-09-23T16:19:52.121503,-3.6634114,7.489535,4.4147577
2025-09-23T16:19:52.121520,-3.4672,7.2693954,4.644469
2025-09-23T16:19:52.121538,-3.4695928,7.4249287,4.8502517
2025-09-23T16:19:52.121554,-3.493521,7.6426754,4.9698925
2025-09-23T16:19:52.121588,-3.4672,7.6737823,5.235496
2025-09-23T16:19:52.121626,-3.4193435,7.4273214,5.6279187
2025-09-23T16:19:52.197575,-3.2231321,7.3268228,6.1064835
2025-09-23T16:19:52.208773,-3.1489546,7.372287,6.168697
2025-09-23T16:19:52.208866,-3.1513474,7.4105716,6.005985
2025-09-23T16:19:52.208919,-3.0077782,7.389036,5.757131
2025-09-23T16:19:52.208965,-2.778067,7.2861447,5.852844
2025-09-23T16:19:52.209010,-2.5220351,7.2119675,6.4773707
2025-09-23T16:19:52.209055,-2.1942184,6.91765,6.9894347
2025-09-23T16:19:52.209099,-1.7491534,6.5371914,7.2215385
2025-09-23T16:19:52.209142,-1.7443677,6.431907,7.2382884
2025-09-23T16:19:52.209204,-1.8520447,6.661618,7.322037
2025-09-23T16:19:52.395170,-1.9405792,6.9344,7.274181
2025-09-23T16:19:52.513079,-2.062613,7.075577,7.04447
2025-09-23T16:19:52.513180,-2.2468605,6.984649,6.769295
2025-09-23T16:19:52.513231,-2.3138595,6.7908306,6.6759753
2025-09-23T16:19:52.513277,-2.4071796,6.6999035,6.798009
2025-09-23T16:19:52.513323,-2.3904297,6.762117,7.068398
2025-09-23T16:19:52.513367,-2.1415763,6.9224358,7.21436
2025-09-23T16:19:52.513412,-1.861616,6.9009004,7.1976104
2025-09-23T16:19:52.513456,-1.4261223,6.8578296,6.9583282
2025-09-23T16:19:52.513501,-1.3686945,6.9320073,6.6999035
2025-09-23T16:19:52.513595,-1.39023,7.0468626,6.7118673
2025-09-23T16:19:52.574541,-1.2801601,6.9966135,6.8721867
2025-09-23T16:19:52.582936,-1.2729816,6.735796,7.183254
2025-09-23T16:19:52.583036,-1.0935199,6.6424756,7.219146
2025-09-23T16:19:52.583086,-0.9882358,6.838687,6.8889365
2025-09-23T16:19:52.583137,-0.9738788,7.1976104,6.4701924
2025-09-23T16:19:52.583183,-0.8853444,7.463214,6.4558353
2025-09-23T16:19:52.583228,-0.85902333,7.5469627,6.546763
2025-09-23T16:19:52.583274,-0.76331043,7.4775705,6.570691
2025-09-23T16:19:52.583338,-0.7704889,7.5613194,6.4773707
2025-09-23T16:19:52.783303,-0.72263247,7.3986077,6.166304
2025-09-23T16:19:52.793189,-0.89013004,7.0301127,6.2715883
2025-09-23T16:19:52.793284,-1.2083755,6.843473,6.853044
2025-09-23T16:19:52.793336,-1.2227324,6.8075805,7.3340015
2025-09-23T16:19:52.793385,-0.9762716,7.0061846,7.372287
2025-09-23T16:19:52.793431,-0.66759753,7.2119675,6.948757
2025-09-23T16:19:52.793475,-0.26081768,7.1688967,6.422336
2025-09-23T16:19:52.793518,-0.10767702,7.094719,5.905486
2025-09-23T16:19:52.793562,-0.18903299,7.192825,6.017949
2025-09-23T16:19:52.793617,0.009571291,7.200003,6.463014
2025-09-23T16:19:52.793679,-0.014356935,7.070791,6.855437
2025-09-23T16:19:52.987168,-0.009571291,6.8745794,7.056434
2025-09-23T16:19:53.138375,-0.3684947,6.24766,7.5110703
2025-09-23T16:19:53.138472,-0.97866446,5.5393844,7.623533
2025-09-23T16:19:53.138528,-1.4452649,5.812166,7.702496
2025-09-23T16:19:53.138588,-1.8711873,6.9152575,8.070991
2025-09-23T16:19:53.138636,-2.0721843,7.1473613,8.023134
2025-09-23T16:19:53.138681,-2.603391,10.313066,6.501299
2025-09-23T16:19:53.138726,-4.4339004,9.466006,7.1282187
2025-09-23T16:19:53.138770,-0.80159557,7.7144604,12.799209
2025-09-23T16:19:53.138815,-2.4143581,11.578869,16.515263
2025-09-23T16:19:53.138872,-2.821138,12.452249,12.138789
2025-09-23T16:19:53.174230,0.011964113,12.009577,9.552148
2025-09-23T16:19:53.214773,2.7230322,9.887143,9.860822
2025-09-23T16:19:53.214870,2.7302105,7.300502,9.982856
2025-09-23T16:19:53.214921,0.40438703,5.0823555,10.171889
2025-09-23T16:19:53.214972,-1.3208381,3.562913,10.80838
2025-09-23T16:19:53.215017,-1.2849457,2.5411777,10.547563
2025-09-23T16:19:53.215062,-0.29192436,2.457429,12.0023985
2025-09-23T16:19:53.215112,2.3138595,2.9862428,12.035898
2025-09-23T16:19:53.215155,4.601398,2.2636101,12.201003
2025-09-23T16:19:53.215230,4.8502517,0.8542377,10.068997
2025-09-23T16:19:53.443515,2.2372892,0.6412765,8.796016
2025-09-23T16:19:53.480946,0.31585258,0.29192436,9.786645
2025-09-23T16:19:53.481055,-1.3256238,-0.70348984,8.721839
2025-09-23T16:19:53.481107,-1.3208381,-0.33020952,8.927621
2025-09-23T16:19:53.481154,0.11246266,0.45702913,9.4229355
2025-09-23T16:19:53.481199,1.294517,0.53359944,8.492127
2025-09-23T16:19:53.481243,2.3808584,1.0432707,7.7742805
2025-09-23T16:19:53.481287,2.6416762,3.1226335,8.657232
2025-09-23T16:19:53.481331,2.2181466,4.6468616,7.5493555
2025-09-23T16:19:53.481374,0.6628119,4.766503,8.394022
2025-09-23T16:19:53.481435,-0.76570326,4.125226,8.805588
2025-09-23T16:19:53.588145,-1.2993027,4.017549,8.516056
2025-09-23T16:19:53.724899,-0.59581286,4.4243293,7.932207
2025-09-23T16:19:53.724999,0.20817557,5.209175,7.568498
2025-09-23T16:19:53.725052,0.60777694,6.290731,7.2861447
2025-09-23T16:19:53.725099,0.69152576,8.315059,8.843872
2025-09-23T16:19:53.725145,2.3952155,8.202596,8.537591
2025-09-23T16:19:53.725190,1.4907285,5.1876397,5.9270215
2025-09-23T16:19:53.725235,-0.21296121,4.1754756,7.7790666
2025-09-23T16:19:53.725280,-0.44027936,4.766503,8.819944
2025-09-23T16:19:53.725326,-0.17706887,5.4293146,7.056434
2025-09-23T16:19:53.725386,-0.011964113,5.979664,5.7547383
2025-09-23T16:19:53.773988,0.13399807,6.719046,5.7284174
2025-09-23T16:19:53.780946,0.47856453,6.948757,5.4341
2025-09-23T16:19:53.781046,0.74177504,6.6352973,5.123033
2025-09-23T16:19:53.781097,0.89491564,6.367301,5.477171
2025-09-23T16:19:53.781143,0.65084773,6.056234,5.410172
2025-09-23T16:19:53.781187,0.35174492,6.0346985,4.9052863
2025-09-23T16:19:53.781233,0.011964113,6.3768725,4.6037908
2025-09-23T16:19:53.781284,-0.083748795,6.4199433,4.2257247
2025-09-23T16:19:53.781328,-0.26081768,6.4773707,3.9098723
2025-09-23T16:19:53.781390,-0.43788654,7.001399,3.9577286
2025-09-23T16:19:53.979675,-0.74177504,7.056434,3.629912
2025-09-23T16:19:53.996214,-0.46660042,6.910472,3.3427732
2025-09-23T16:19:53.996315,-0.50009996,7.2789664,3.1848469
2025-09-23T16:19:53.996367,-0.7896315,7.6977105,3.251846
2025-09-23T16:19:53.996418,-1.268196,7.7383885,2.8354948
2025-09-23T16:19:53.996463,-1.6390835,7.9393854,2.5028925
2025-09-23T16:19:53.996507,-2.0697916,8.365308,2.160719
2025-09-23T16:19:53.996550,-2.5268207,8.815159,1.9286151
2025-09-23T16:19:53.996602,-3.0675986,9.690931,2.07697
2025-09-23T16:19:53.996646,-2.9910283,10.303494,2.0434706
2025-09-23T16:19:53.996880,-2.8522446,10.581061,1.5768701
2025-09-23T16:19:54.173442,-2.4047868,10.552348,0.6939186
2025-09-23T16:19:54.232111,-1.9501505,10.650454,0.26081768
2025-09-23T16:19:54.232175,-1.3160524,10.636097,-0.17467605
2025-09-23T16:19:54.232199,-0.79441714,10.432707,-0.61016977
2025-09-23T16:19:54.232220,-0.21535404,10.442278,-0.6891329
2025-09-23T16:19:54.232239,0.6867401,10.145568,0.3278167
2025-09-23T16:19:54.232258,0.49292147,9.781859,1.3064811
2025-09-23T16:19:54.232277,0.019142581,9.693324,2.0458634
2025-09-23T16:19:54.232296,-0.7322037,10.013963,1.5529419
2025-09-23T16:19:54.232314,-1.4787644,10.226924,0.8039884
2025-09-23T16:19:54.232346,-1.6773686,10.250853,0.3493521
2025-09-23T16:19:54.427295,-1.3351951,10.049855,0.2009971
2025-09-23T16:19:54.427361,-1.1485549,9.686146,0.33020952
2025-09-23T16:19:54.427406,-1.39023,9.293723,0.6197411
2025-09-23T16:19:54.427425,-1.8448663,9.085547,0.9284152
2025-09-23T16:19:54.427442,-2.2779672,9.114262,1.0935199
2025-09-23T16:19:54.427460,-2.292324,9.399008,0.9164511
2025-09-23T16:19:54.427477,-1.1844472,9.611969,0.18424734
2025-09-23T16:19:54.427494,-0.5623133,9.678967,-0.526421
2025-09-23T16:19:54.427512,-0.55752766,9.664611,-0.6412765
2025-09-23T16:19:54.427542,-0.6867401,9.652647,-0.1268196
2025-09-23T16:19:54.575474,-0.849452,9.561719,0.7680961
2025-09-23T16:19:54.613066,-1.0360922,9.439685,1.6654046
2025-09-23T16:19:54.613136,-0.8111669,9.573684,1.3208381
2025-09-23T16:19:54.613158,-0.44506502,9.805787,-0.031106694
2025-09-23T16:19:54.613177,-0.24646074,9.700503,-1.0432707
2025-09-23T16:19:54.613195,-0.28235307,9.379865,-1.1102697
2025-09-23T16:19:54.613213,-0.25842485,8.944371,-0.54317075
2025-09-23T16:19:54.613237,-0.5168497,8.863015,0.1363909
2025-09-23T16:19:54.613262,-0.8997013,9.293723,0.2321038
2025-09-23T16:19:54.613280,-1.1509477,9.789038,-0.069391854
2025-09-23T16:19:54.613328,-1.3974084,10.140782,-0.42831525
2025-09-23T16:19:54.781004,-1.416551,10.186246,-0.5192425
2025-09-23T16:19:54.812338,-1.18684,9.944571,-0.43788654
2025-09-23T16:19:54.812419,-1.0073783,9.726824,-0.2440679
2025-09-23T16:19:54.812460,-1.0313065,9.523434,-0.03589234
2025-09-23T16:19:54.812480,-0.8805587,9.365508,-0.09092726
2025-09-23T16:19:54.812499,-0.6723832,9.372686,-0.3684947
2025-09-23T16:19:54.812517,-0.59342,9.456435,-0.3804588
2025-09-23T16:19:54.812535,-0.5096712,9.664611,-0.2321038
2025-09-23T16:19:54.812553,-0.5982057,9.844072,-0.29192436
2025-09-23T16:19:54.812595,-0.6843473,9.963714,-0.31585258
2025-09-23T16:19:54.984041,-0.76570326,9.942178,-0.11006984
2025-09-23T16:19:55.019596,-0.8111669,9.879965,0.023928227
2025-09-23T16:19:55.019663,-0.73459655,9.839287,-0.0741775
2025-09-23T16:19:55.019707,-0.63888365,9.765109,-0.11006984
2025-09-23T16:19:55.019727,-0.5072784,9.650253,-0.019142581
2025-09-23T16:19:55.019746,-0.4833502,9.667004,-0.09571291
2025-09-23T16:19:55.019764,-0.53359944,9.779466,-0.22253251
2025-09-23T16:19:55.019783,-0.50488555,9.851251,-0.13160525
2025-09-23T16:19:55.019801,-0.5024927,9.865608,-0.069391854
2025-09-23T16:19:55.019819,-0.526421,9.942178,0.0741775
2025-09-23T16:19:55.019850,-0.56470615,9.913465,0.1052842
2025-09-23T16:19:55.173314,-0.50488555,9.750752,-0.18903299
2025-09-23T16:19:55.278585,-0.3900301,9.717253,-0.14596218
2025-09-23T16:19:55.278680,-0.36610186,9.767502,0.047856454
2025-09-23T16:19:55.278704,-0.44027936,9.767502,-0.062213387
2025-09-23T16:19:55.278724,-0.4235296,9.810573,0.011964113
2025-09-23T16:19:55.278743,-0.48095736,9.822537,0.21535404
2025-09-23T16:19:55.278762,-0.567099,9.793823,0.08135597
2025-09-23T16:19:55.278780,-0.53599226,9.796216,0.0023928226
2025-09-23T16:19:55.278799,-0.5168497,9.798609,0.2440679
2025-09-23T16:19:55.278817,-0.47377887,9.805787,0.16749759
2025-09-23T16:19:55.278853,-0.41874397,9.765109,-0.09571291
2025-09-23T16:19:55.380887,-0.39720857,9.753145,0.07178468
2025-09-23T16:19:55.429630,-0.4331009,9.803394,0.21535404
2025-09-23T16:19:55.429923,-0.5072784,9.822537,0.17467605
2025-09-23T16:19:55.429986,-0.5407779,9.846465,0.17467605
2025-09-23T16:19:55.430009,-0.52163535,9.829716,0.148355
2025-09-23T16:19:55.430028,-0.5168497,9.769895,0.13399807
2025-09-23T16:19:55.430046,-0.4761717,9.745967,0.27517462
2025-09-23T16:19:55.430065,-0.4426722,9.726824,0.19860429
2025-09-23T16:19:55.430083,-0.45224348,9.724431,0.12203395
2025-09-23T16:19:55.430117,-0.4426722,9.743574,0.23449662
2025-09-23T16:19:55.576782,-0.42592242,9.77468,0.2009971
2025-09-23T16:19:55.694352,-0.48095736,9.793823,0.21535404
2025-09-23T16:19:55.694452,-0.4546363,9.801002,0.36610186
2025-09-23T16:19:55.694504,-0.38524446,9.755538,0.33499518
2025-09-23T16:19:55.694553,-0.30388847,9.695718,0.16271193
2025-09-23T16:19:55.694611,-0.2727818,9.693324,0.20817557
2025-09-23T16:19:55.694659,-0.30388847,9.712467,0.33020952
2025-09-23T16:19:55.694714,-0.36131623,9.729217,0.31106696
2025-09-23T16:19:55.694759,-0.38524446,9.769895,0.25603202
2025-09-23T16:19:55.694803,-0.38285163,9.8632145,0.20578274
2025-09-23T16:19:55.694862,-0.3493521,9.822537,0.22971097
2025-09-23T16:19:55.794463,-0.38285163,9.820144,0.3397808
2025-09-23T16:19:55.794561,-0.4235296,9.8321085,0.37567315
2025-09-23T16:19:55.794623,-0.42592242,9.789038,0.24646074
2025-09-23T16:19:55.794670,-0.4761717,9.736395,0.20578274
2025-09-23T16:19:55.794715,-0.4953143,9.738789,0.32063824
2025-09-23T16:19:55.794760,-0.42592242,9.772287,0.3589234
2025-09-23T16:19:55.794804,-0.35653058,9.810573,0.27517462
2025-09-23T16:19:55.794848,-0.27756742,9.839287,0.22253251
2025-09-23T16:19:55.794894,-0.23688944,9.834501,0.20578274
2025-09-23T16:19:55.794938,-0.26799613,9.810573,0.16031912
2025-09-23T16:19:55.794994,-0.30149564,9.82493,0.17228323
2025-09-23T16:19:55.982838,-0.37567315,9.836894,0.22253251
2025-09-23T16:19:56.089177,-0.47856453,9.805787,0.25124636
2025-09-23T16:19:56.089244,-0.5168497,9.74836,0.16510476
2025-09-23T16:19:56.089290,-0.5096712,9.700503,0.062213387
2025-09-23T16:19:56.089308,-0.5240282,9.736395,0.059820566
2025-09-23T16:19:56.089326,-0.55034924,9.829716,0.07178468
2025-09-23T16:19:56.089344,-0.4953143,9.851251,0.069391854
2025-09-23T16:19:56.089361,-0.40677986,9.839287,0.019142581
2025-09-23T16:19:56.089377,-0.38763726,9.88475,0.0
2025-09-23T16:19:56.089410,-0.485743,9.896714,0.062213387
2025-09-23T16:19:56.171967,-0.4953143,9.829716,0.0741775
2025-09-23T16:19:56.179172,-0.567099,9.815358,0.1052842
2025-09-23T16:19:56.179222,-0.6939186,9.84168,0.17467605
2025-09-23T16:19:56.179244,-0.7680961,9.805787,0.14117654
2025-09-23T16:19:56.179263,-0.80877405,9.722038,0.06460621
2025-09-23T16:19:56.179281,-0.78723866,9.65504,-0.050249275
2025-09-23T16:19:56.179298,-0.715454,9.638289,-0.019142581
2025-09-23T16:19:56.179315,-0.6412765,9.7196455,0.0071784677
2025-09-23T16:19:56.179333,-0.5623133,9.827323,0.040677983
2025-09-23T16:19:56.179350,-0.50009996,9.882358,-0.033499517
2025-09-23T16:19:56.179378,-0.41874397,9.875179,-0.04546363
2025-09-23T16:19:56.380646,-0.35653058,9.853643,0.07178468
2025-09-23T16:19:56.392456,-0.41156548,9.846465,0.1363909
2025-09-23T16:19:56.392551,-0.45702913,9.789038,0.062213387
2025-09-23T16:19:56.392613,-0.46660042,9.722038,0.076570325
2025-09-23T16:19:56.392670,-0.47856453,9.690931,0.12203395
2025-09-23T16:19:56.392716,-0.46899325,9.683753,0.07178468
2025-09-23T16:19:56.392763,-0.51206404,9.741181,0.047856454
2025-09-23T16:19:56.392824,-0.53599226,9.762716,0.09571291
2025-09-23T16:19:56.392871,-0.5288138,9.798609,0.0071784677
2025-09-23T16:19:56.392916,-0.50009996,9.772287,-0.05503492
2025-09-23T16:19:56.392975,-0.54317075,9.801002,0.083748795
2025-09-23T16:19:56.603691,-0.6197411,9.781859,0.17228323
2025-09-23T16:19:56.713027,-0.57906306,9.736395,0.083748795
2025-09-23T16:19:56.713125,-0.526421,9.769895,0.11724831
2025-09-23T16:19:56.713177,-0.45702913,9.820144,0.20338993
2025-09-23T16:19:56.713225,-0.37567315,9.853643,0.17228323
2025-09-23T16:19:56.713272,-0.35653058,9.829716,0.08853444
2025-09-23T16:19:56.713318,-0.3900301,9.805787,0.12203395
2025-09-23T16:19:56.713364,-0.3924229,9.789038,0.22253251
2025-09-23T16:19:56.713410,-0.4426722,9.817751,0.18664017
2025-09-23T16:19:56.713488,-0.49292147,9.839287,0.11724831
2025-09-23T16:19:56.773501,-0.45942193,9.812965,0.11246266
2025-09-23T16:19:56.777254,-0.37088752,9.82493,0.16749759
2025-09-23T16:19:56.777352,-0.42831525,9.810573,0.019142581
2025-09-23T16:19:56.777404,-0.5168497,9.786645,-0.014356935
2025-09-23T16:19:56.777451,-0.5192425,9.82493,0.19860429
2025-09-23T16:19:56.777497,-0.57906306,9.767502,0.23688944
2025-09-23T16:19:56.777543,-0.61016977,9.743574,0.09810573
2025-09-23T16:19:56.777602,-0.6364908,9.743574,0.02632105
2025-09-23T16:19:56.777656,-0.62452674,9.710074,0.11246266
2025-09-23T16:19:56.777701,-0.5312066,9.77468,0.11246266
2025-09-23T16:19:56.777760,-0.55513483,9.805787,0.0071784677
2025-09-23T16:19:56.980769,-0.59342,9.803394,-0.06460621
2025-09-23T16:19:56.990318,-0.61016977,9.77468,0.02632105
2025-09-23T16:19:56.990414,-0.68195444,9.734002,0.1052842
2025-09-23T16:19:56.990466,-0.70588267,9.745967,0.18903299
2025-09-23T16:19:56.990513,-0.72502524,9.738789,0.17228323
2025-09-23T16:19:56.990557,-0.715454,9.729217,0.11006984
2025-09-23T16:19:56.990614,-0.64845496,9.743574,0.124426775
2025-09-23T16:19:56.990660,-0.6149554,9.784252,0.11006984
2025-09-23T16:19:56.990873,-0.5694918,9.829716,0.14117654
2025-09-23T16:19:56.990966,-0.50488555,9.79143,0.16031912
2025-09-23T16:19:56.991006,-0.46660042,9.760324,0.1052842
2025-09-23T16:19:57.171402,-0.44027936,9.738789,0.09092726
2025-09-23T16:19:57.176188,-0.43070808,9.731609,0.148355
2025-09-23T16:19:57.176232,-0.4546363,9.80818,0.2321038
2025-09-23T16:19:57.176266,-0.47377887,9.82493,0.22731815
2025-09-23T16:19:57.176284,-0.4426722,9.829716,0.13160525
2025-09-23T16:19:57.176308,-0.4546363,9.796216,0.08135597
2025-09-23T16:19:57.176332,-0.43788654,9.77468,0.20817557
2025-09-23T16:19:57.176349,-0.3182454,9.767502,0.13878371
2025-09-23T16:19:57.176366,-0.33499518,9.801002,-0.031106694
2025-09-23T16:19:57.176390,-0.30867413,9.851251,0.1363909
2025-09-23T16:19:57.382214,-0.32542387,9.860822,0.22971097
2025-09-23T16:19:57.386318,-0.36131623,9.836894,0.086141616
2025-09-23T16:19:57.386411,-0.44027936,9.767502,0.02871387
2025-09-23T16:19:57.386475,-0.41874397,9.734002,0.1363909
2025-09-23T16:19:57.386523,-0.45942193,9.786645,0.11246266
2025-09-23T16:19:57.386578,-0.567099,9.793823,0.009571291
2025-09-23T16:19:57.386626,-0.5814559,9.769895,0.05742774
2025-09-23T16:19:57.386785,-0.6149554,9.736395,0.124426775
2025-09-23T16:19:57.386842,-0.7298109,9.79143,0.06699903
2025-09-23T16:19:57.386866,-0.75613195,9.781859,0.02871387
2025-09-23T16:19:57.386898,-0.7178468,9.779466,0.14117654
2025-09-23T16:19:57.590483,-0.7298109,9.777073,0.18903299
2025-09-23T16:19:57.605466,-0.7465607,9.812965,0.043070808
2025-09-23T16:19:57.605575,-0.68195444,9.836894,0.021535404
2025-09-23T16:19:57.605629,-0.6628119,9.77468,0.12921242
2025-09-23T16:19:57.605676,-0.6412765,9.674182,0.09571291
2025-09-23T16:19:57.605723,-0.5192425,9.710074,-0.047856454
2025-09-23T16:19:57.605769,-0.54317075,9.789038,-0.014356935
2025-09-23T16:19:57.605814,-0.47856453,9.822537,0.02632105
2025-09-23T16:19:57.605858,-0.46181476,9.74836,-0.14596218
2025-09-23T16:19:57.605919,-0.42831525,9.805787,-0.124426775
2025-09-23T16:19:57.852925,-0.37806597,9.853643,0.019142581
2025-09-23T16:19:57.870223,-0.45702913,9.772287,0.038285162
2025-09-23T16:19:57.870320,-0.53359944,9.695718,0.059820566
2025-09-23T16:19:57.870371,-0.65084773,9.757931,0.2440679
2025-09-23T16:19:57.870417,-0.64845496,9.812965,0.22971097
2025-09-23T16:19:57.870463,-0.50488555,9.827323,-0.014356935
2025-09-23T16:19:57.870509,-0.3684947,9.815358,0.019142581
2025-09-23T16:19:57.870555,-0.35653058,9.82493,0.16031912
2025-09-23T16:19:57.870615,-0.4546363,9.810573,0.016749758
2025-09-23T16:19:57.870662,-0.47138608,9.777073,-0.06699903
2025-09-23T16:19:57.870706,-0.53359944,9.765109,0.069391854
2025-09-23T16:19:57.870749,-0.6652047,9.738789,0.14596218
2025-09-23T16:19:57.870796,-0.715454,9.753145,0.16510476
2025-09-23T16:19:57.870842,-0.6987042,9.786645,0.14356937
2025-09-23T16:19:57.870901,-0.66759753,9.743574,-0.016749758
2025-09-23T16:19:58.056701,-0.6197411,9.734002,-0.15553348
2025-09-23T16:19:58.106441,-0.53359944,9.757931,-0.023928227
2025-09-23T16:19:58.106540,-0.41156548,9.784252,0.15074782
2025-09-23T16:19:58.106600,-0.37328035,9.796216,0.13399807
2025-09-23T16:19:58.106648,-0.40677986,9.848858,0.038285162
2025-09-23T16:19:58.106694,-0.44985065,9.856036,0.07178468
2025-09-23T16:19:58.106740,-0.45224348,9.829716,0.16510476
2025-09-23T16:19:58.106787,-0.48095736,9.796216,0.11964113
2025-09-23T16:19:58.106831,-0.5886344,9.729217,0.0047856453
2025-09-23T16:19:58.106879,-0.6843473,9.734002,0.038285162
2025-09-23T16:19:58.106937,-0.73459655,9.724431,0.086141616
2025-09-23T16:19:58.245326,-0.8350951,9.707682,0.078963146
2025-09-23T16:19:58.354789,-0.80159557,9.695718,0.021535404
2025-09-23T16:19:58.354881,-0.64606214,9.729217,0.014356935
2025-09-23T16:19:58.354967,-0.5694918,9.772287,0.016749758
2025-09-23T16:19:58.355014,-0.526421,9.803394,0.014356935
2025-09-23T16:19:58.355059,-0.45224348,9.8727865,0.09571291
2025-09-23T16:19:58.355107,-0.48095736,9.891929,0.23928227
2025-09-23T16:19:58.355153,-0.51445687,9.858429,0.14117654
2025-09-23T16:19:58.355198,-0.552742,9.796216,-0.0741775
2025-09-23T16:19:58.355243,-0.5407779,9.769895,0.059820566
2025-09-23T16:19:58.355300,-0.552742,9.734002,0.16749759
2025-09-23T16:19:58.522092,-0.5599205,9.731609,-0.0071784677
2025-09-23T16:19:58.522192,-0.55034924,9.724431,-0.15314065
2025-09-23T16:19:58.522244,-0.56470615,9.724431,0.019142581
2025-09-23T16:19:58.522303,-0.57188463,9.757931,0.13878371
2025-09-23T16:19:58.522352,-0.60777694,9.784252,0.0071784677
2025-09-23T16:19:58.522411,-0.55513483,9.801002,-0.0047856453
2025-09-23T16:19:58.522478,-0.45224348,9.798609,0.15074782
2025-09-23T16:19:58.522525,-0.5072784,9.789038,0.10767702
2025-09-23T16:19:58.522583,-0.4977071,9.812965,0.0047856453
2025-09-23T16:19:58.522644,-0.4977071,9.796216,-0.0071784677
2025-09-23T16:19:58.668168,-0.526421,9.779466,0.05503492
2025-09-23T16:19:58.715808,-0.53359944,9.750752,0.06699903
2025-09-23T16:19:58.715909,-0.552742,9.798609,0.016749758
2025-09-23T16:19:58.715961,-0.5288138,9.777073,0.021535404
2025-09-23T16:19:58.716009,-0.5096712,9.750752,0.02871387
2025-09-23T16:19:58.716057,-0.5096712,9.738789,-0.0047856453
2025-09-23T16:19:58.716103,-0.552742,9.779466,-0.0023928226
2025-09-23T16:19:58.716149,-0.4881358,9.810573,0.0071784677
2025-09-23T16:19:58.716195,-0.45702913,9.772287,-0.0023928226
2025-09-23T16:19:58.716242,-0.56470615,9.817751,-0.0071784677
2025-09-23T16:19:58.716302,-0.46899325,9.812965,-0.033499517
2025-09-23T16:19:58.849912,-0.29671,9.777073,-0.06460621
2025-09-23T16:19:58.853750,-0.4235296,9.736395,-0.10289137
2025-09-23T16:19:58.853853,-0.5694918,9.793823,-0.047856454
2025-09-23T16:19:58.853905,-0.6197411,9.789038,-0.05742774
2025-09-23T16:19:58.853953,-0.5838487,9.77468,-0.1052842
2025-09-23T16:19:58.853998,-0.5288138,9.781859,-0.09332009
2025-09-23T16:19:58.854044,-0.6364908,9.848858,-0.16031912
2025-09-23T16:19:58.854089,-0.6580262,9.84168,-0.10289137
2025-09-23T16:19:58.854134,-0.61734825,9.829716,0.13399807
2025-09-23T16:19:58.854194,-0.56470615,9.777073,0.038285162
2025-09-23T16:19:59.056931,-0.44745782,9.745967,-0.2105684
2025-09-23T16:19:59.099042,-0.41156548,9.762716,-0.19381863
2025-09-23T16:19:59.099142,-0.44745782,9.777073,-0.0741775
2025-09-23T16:19:59.099196,-0.4953143,9.798609,0.011964113
2025-09-23T16:19:59.099244,-0.56470615,9.858429,0.059820566
2025-09-23T16:19:59.099292,-0.55513483,9.810573,-0.11006984
2025-09-23T16:19:59.099339,-0.51445687,9.731609,-0.3924229
2025-09-23T16:19:59.099384,-0.5814559,9.731609,-0.3684947
2025-09-23T16:19:59.099429,-0.59342,9.779466,-0.086141616
2025-09-23T16:19:59.099473,-0.54317075,9.80818,0.10767702
2025-09-23T16:19:59.099532,-0.57906306,9.815358,0.021535404
2025-09-23T16:19:59.252177,-0.5886344,9.798609,-0.14596218
2025-09-23T16:19:59.266371,-0.53359944,9.74836,-0.27517462
2025-09-23T16:19:59.266462,-0.53599226,9.777073,-0.20817557
2025-09-23T16:19:59.266514,-0.6029913,9.801002,-0.019142581
2025-09-23T16:19:59.266562,-0.63888365,9.870394,0.078963146
2025-09-23T16:19:59.266618,-0.64606214,9.796216,-0.076570325
2025-09-23T16:19:59.266671,-0.5886344,9.717253,-0.33738798
2025-09-23T16:19:59.266717,-0.55513483,9.738789,-0.28713873
2025-09-23T16:19:59.266763,-0.5599205,9.798609,-0.06699903
2025-09-23T16:19:59.266807,-0.5479564,9.82493,-0.014356935
2025-09-23T16:19:59.266864,-0.4953143,9.820144,-0.011964113
2025-09-23T16:19:59.459396,-0.47138608,9.796216,-0.05742774
2025-09-23T16:19:59.465480,-0.40438703,9.765109,-0.18185452
2025-09-23T16:19:59.465586,-0.4354937,9.741181,-0.16749759
2025-09-23T16:19:59.465640,-0.4331009,9.698111,-0.02632105
2025-09-23T16:19:59.465689,-0.45942193,9.743574,-0.05742774
2025-09-23T16:19:59.465737,-0.45942193,9.781859,-0.09332009
2025-09-23T16:19:59.465787,-0.4642076,9.769895,-0.13878371
2025-09-23T16:19:59.465836,-0.44506502,9.757931,-0.14596218
2025-09-23T16:19:59.465881,-0.4833502,9.772287,-0.08135597
2025-09-23T16:19:59.465945,-0.5096712,9.765109,-0.043070808
2025-09-23T16:19:59.656872,-0.5024927,9.777073,-0.05742774
2025-09-23T16:19:59.660944,-0.5072784,9.803394,-0.11485548
2025-09-23T16:19:59.661041,-0.5312066,9.829716,-0.06699903
2025-09-23T16:19:59.661093,-0.54317075,9.80818,-0.023928227
2025-09-23T16:19:59.661144,-0.5096712,9.786645,-0.047856454
2025-09-23T16:19:59.661191,-0.4833502,9.80818,-0.11246266
2025-09-23T16:19:59.661237,-0.51206404,9.784252,-0.11724831
2025-09-23T16:19:59.661285,-0.44027936,9.767502,-0.069391854
2025-09-23T16:19:59.661328,-0.50009996,9.779466,-0.10049855
2025-09-23T16:19:59.661372,-0.567099,9.793823,-0.08853444
2025-09-23T16:19:59.661440,-0.4977071,9.777073,-0.10049855
2025-09-23T16:19:59.857045,-0.44506502,9.736395,-0.17228323
2025-09-23T16:19:59.892121,-0.4331009,9.762716,-0.15314065
2025-09-23T16:19:59.892223,-0.42831525,9.803394,-0.07178468
2025-09-23T16:19:59.892274,-0.44027936,9.829716,-0.03589234
2025-09-23T16:19:59.892321,-0.4977071,9.848858,-0.019142581
2025-09-23T16:19:59.892367,-0.59342,9.801002,0.009571291
2025-09-23T16:19:59.892413,-0.5455636,9.772287,-0.0047856453
2025-09-23T16:19:59.892459,-0.49292147,9.734002,-0.11964113
2025-09-23T16:19:59.892507,-0.5407779,9.760324,-0.19621146
2025-09-23T16:19:59.892551,-0.5312066,9.817751,-0.15074782
2025-09-23T16:19:59.892625,-0.5910272,9.822537,-0.11724831
2025-09-23T16:20:00.059416,-0.5766702,9.798609,-0.15553348
2025-09-23T16:20:00.181704,-0.51206404,9.738789,-0.1794617
2025-09-23T16:20:00.181803,-0.5024927,9.77468,-0.1363909
2025-09-23T16:20:00.181855,-0.55513483,9.77468,-0.148355
2025-09-23T16:20:00.181905,-0.5599205,9.798609,-0.124426775
2025-09-23T16:20:00.181955,-0.4833502,9.784252,-0.10049855
2025-09-23T16:20:00.182005,-0.5814559,9.789038,-0.11006984
2025-09-23T16:20:00.182055,-0.61016977,9.798609,-0.148355
2025-09-23T16:20:00.182102,-0.5886344,9.798609,-0.124426775
2025-09-23T16:20:00.182162,-0.5599205,9.815358,-0.1698904
2025-09-23T16:20:00.259741,-0.5407779,9.762716,-0.18185452
2025-09-23T16:20:00.366993,-0.49292147,9.734002,-0.148355
2025-09-23T16:20:00.367119,-0.5024927,9.753145,-0.1268196
2025-09-23T16:20:00.367172,-0.5455636,9.786645,-0.16271193
2025-09-23T16:20:00.367221,-0.5312066,9.82493,-0.14356937
2025-09-23T16:20:00.367271,-0.55752766,9.817751,-0.10767702
2025-09-23T16:20:00.367318,-0.55513483,9.769895,-0.10767702
2025-09-23T16:20:00.367363,-0.55034924,9.734002,-0.14596218
2025-09-23T16:20:00.367408,-0.567099,9.726824,-0.18903299
2025-09-23T16:20:00.367453,-0.57906306,9.777073,-0.14356937
2025-09-23T16:20:00.367522,-0.59342,9.82493,-0.06699903
2025-09-23T16:20:00.459071,-0.5479564,9.827323,-0.09810573
2025-09-23T16:20:00.568380,-0.526421,9.8321085,-0.17467605
2025-09-23T16:20:00.568486,-0.5240282,9.801002,-0.17467605
2025-09-23T16:20:00.568539,-0.4881358,9.781859,-0.13160525
2025-09-23T16:20:00.568600,-0.5072784,9.755538,-0.10049855
2025-09-23T16:20:00.568652,-0.56470615,9.762716,-0.11964113
2025-09-23T16:20:00.568700,-0.567099,9.789038,-0.08135597
2025-09-23T16:20:00.568871,-0.50488555,9.74836,-0.083748795
2025-09-23T16:20:00.568917,-0.63170516,9.750752,-0.16510476
2025-09-23T16:20:00.568939,-0.57188463,9.786645,-0.1794617
2025-09-23T16:20:00.568973,-0.5240282,9.793823,-0.11724831
2025-09-23T16:20:00.657884,-0.47856453,9.79143,-0.12921242
2025-09-23T16:20:00.664806,-0.46181476,9.77468,-0.14356937
2025-09-23T16:20:00.664908,-0.4761717,9.803394,-0.10049855
2025-09-23T16:20:00.664959,-0.526421,9.803394,-0.03589234
2025-09-23T16:20:00.665006,-0.552742,9.77468,0.038285162
2025-09-23T16:20:00.665053,-0.59581286,9.757931,0.031106694
2025-09-23T16:20:00.665098,-0.56470615,9.765109,-0.05503492
2025-09-23T16:20:00.665143,-0.5623133,9.777073,-0.1052842
2025-09-23T16:20:00.665188,-0.526421,9.827323,-0.10289137
2025-09-23T16:20:00.665248,-0.5096712,9.79143,-0.11724831
2025-09-23T16:20:00.848759,-0.4977071,9.79143,-0.09332009
2025-09-23T16:20:00.908110,-0.5455636,9.779466,-0.016749758
2025-09-23T16:20:00.908206,-0.55752766,9.743574,0.009571291
2025-09-23T16:20:00.908259,-0.5168497,9.755538,-0.02632105
2025-09-23T16:20:00.908306,-0.5312066,9.805787,-0.031106694
2025-09-23T16:20:00.908353,-0.5096712,9.834501,0.0023928226
2025-09-23T16:20:00.908398,-0.4977071,9.798609,-0.040677983
2025-09-23T16:20:00.908444,-0.5096712,9.801002,-0.09092726
2025-09-23T16:20:00.908490,-0.52163535,9.80818,-0.06460621
2025-09-23T16:20:00.908534,-0.47138608,9.784252,-0.059820566
2025-09-23T16:20:00.908611,-0.46660042,9.760324,-0.09810573
2025-09-23T16:20:01.052327,-0.4761717,9.810573,-0.019142581
2025-09-23T16:20:01.160355,-0.45942193,9.786645,0.033499517
2025-09-23T16:20:01.160457,-0.53599226,9.757931,0.0071784677
2025-09-23T16:20:01.160522,-0.49292147,9.772287,-0.019142581
2025-09-23T16:20:01.160592,-0.51206404,9.769895,-0.038285162
2025-09-23T16:20:01.160641,-0.5766702,9.77468,-0.10289137
2025-09-23T16:20:01.160687,-0.5479564,9.810573,-0.078963146
2025-09-23T16:20:01.160866,-0.4761717,9.815358,-0.014356935
2025-09-23T16:20:01.160901,-0.55513483,9.779466,-0.014356935
2025-09-23T16:20:01.160921,-0.552742,9.734002,-0.016749758
2025-09-23T16:20:01.160953,-0.51445687,9.712467,-0.009571291
2025-09-23T16:20:01.256712,-0.50009996,9.769895,-0.014356935
2025-09-23T16:20:01.282633,-0.4953143,9.80818,0.04546363
2025-09-23T16:20:01.282943,-0.4642076,9.798609,0.069391854
2025-09-23T16:20:01.283000,-0.4953143,9.801002,-0.047856454
2025-09-23T16:20:01.283020,-0.47856453,9.82493,-0.083748795
2025-09-23T16:20:01.283039,-0.45224348,9.812965,-0.021535404
2025-09-23T16:20:01.283057,-0.44985065,9.753145,0.047856454
2025-09-23T16:20:01.283075,-0.485743,9.7196455,-0.0071784677
2025-09-23T16:20:01.283092,-0.5599205,9.74836,-0.047856454
2025-09-23T16:20:01.283125,-0.526421,9.779466,-0.016749758
2025-09-23T16:20:01.451944,-0.50488555,9.798609,0.06460621
2025-09-23T16:20:01.514237,-0.526421,9.805787,0.07178468
2025-09-23T16:20:01.514340,-0.5192425,9.786645,-0.023928227
2025-09-23T16:20:01.514396,-0.49052864,9.784252,-0.11006984
2025-09-23T16:20:01.514448,-0.37328035,9.781859,-0.08853444
2025-09-23T16:20:01.514500,-0.41156548,9.798609,-0.016749758
2025-09-23T16:20:01.514550,-0.48095736,9.820144,-0.0047856453
2025-09-23T16:20:01.514613,-0.47377887,9.82493,-0.011964113
2025-09-23T16:20:01.514664,-0.4211368,9.769895,-0.009571291
2025-09-23T16:20:01.514711,-0.5623133,9.772287,-0.038285162
2025-09-23T16:20:01.514770,-0.526421,9.79143,0.0023928226
2025-09-23T16:20:01.650780,-0.4953143,9.77468,-0.0023928226
2025-09-23T16:20:01.667925,-0.4881358,9.734002,-0.059820566
2025-09-23T16:20:01.668025,-0.5024927,9.755538,-0.10049855
2025-09-23T16:20:01.668079,-0.5096712,9.801002,-0.019142581
2025-09-23T16:20:01.668127,-0.4833502,9.79143,-0.02632105
2025-09-23T16:20:01.668175,-0.45702913,9.767502,-0.069391854
2025-09-23T16:20:01.668224,-0.4761717,9.803394,-0.06460621
2025-09-23T16:20:01.668269,-0.45942193,9.784252,-0.038285162
2025-09-23T16:20:01.668315,-0.47138608,9.801002,-0.050249275
2025-09-23T16:20:01.668382,-0.5024927,9.817751,-0.0047856453
2025-09-23T16:20:01.861923,-0.4833502,9.767502,-0.11485548
2025-09-23T16:20:01.897303,-0.46899325,9.789038,-0.1698904
2025-09-23T16:20:01.897399,-0.4953143,9.767502,-0.059820566
2025-09-23T16:20:01.897450,-0.5192425,9.74836,0.0
2025-09-23T16:20:01.897498,-0.5240282,9.757931,-0.086141616
2025-09-23T16:20:01.897544,-0.4833502,9.731609,-0.10767702
2025-09-23T16:20:01.897600,-0.43788654,9.834501,-0.038285162
2025-09-23T16:20:01.897647,-0.4953143,9.80818,0.02871387
2025-09-23T16:20:01.897694,-0.5072784,9.80818,0.0
2025-09-23T16:20:01.897909,-0.4139583,9.805787,-0.011964113
2025-09-23T16:20:01.897991,-0.4881358,9.786645,-0.019142581
2025-09-23T16:20:02.050408,-0.4761717,9.781859,-0.0047856453
2025-09-23T16:20:02.106145,-0.4426722,9.765109,-0.069391854
2025-09-23T16:20:02.106204,-0.51445687,9.753145,-0.083748795
2025-09-23T16:20:02.106226,-0.47377887,9.786645,-0.0023928226
2025-09-23T16:20:02.106245,-0.41635114,9.786645,-0.09332009
2025-09-23T16:20:02.106263,-0.41156548,9.815358,-0.1794617
2025-09-23T16:20:02.106280,-0.45702913,9.820144,-0.09092726
2025-09-23T16:20:02.106298,-0.49052864,9.79143,-0.021535404
2025-09-23T16:20:02.106315,-0.5072784,9.765109,-0.019142581
2025-09-23T16:20:02.106338,-0.5240282,9.762716,-0.04546363
2025-09-23T16:20:02.355186,-0.5599205,9.765109,-0.040677983
2025-09-23T16:20:02.355273,-0.5288138,9.803394,-0.10049855
2025-09-23T16:20:02.355296,-0.49052864,9.812965,-0.16510476
2025-09-23T16:20:02.355315,-0.46899325,9.781859,-0.16031912
2025-09-23T16:20:02.355333,-0.4331009,9.772287,-0.12921242
2025-09-23T16:20:02.355350,-0.5096712,9.817751,-0.0741775
2025-09-23T16:20:02.355368,-0.5072784,9.80818,-0.0071784677
2025-09-23T16:20:02.355385,-0.49292147,9.777073,-0.05503492
2025-09-23T16:20:02.355407,-0.4881358,9.757931,-0.124426775
2025-09-23T16:20:02.355430,-0.4881358,9.772287,-0.11006984
2025-09-23T16:20:02.355463,-0.4833502,9.779466,-0.10049855
2025-09-23T16:20:02.475662,-0.5096712,9.779466,-0.13160525
2025-09-23T16:20:02.475723,-0.5240282,9.781859,-0.09092726
2025-09-23T16:20:02.475746,-0.5407779,9.77468,-0.076570325
2025-09-23T16:20:02.475765,-0.5312066,9.762716,-0.086141616
2025-09-23T16:20:02.475783,-0.50488555,9.820144,-0.07178468
2025-09-23T16:20:02.475801,-0.5072784,9.784252,-0.09810573
2025-09-23T16:20:02.475818,-0.49052864,9.793823,-0.16031912
2025-09-23T16:20:02.475835,-0.47138608,9.817751,-0.15792629
2025-09-23T16:20:02.475852,-0.4235296,9.820144,-0.08135597
2025-09-23T16:20:02.475868,-0.44506502,9.767502,-0.033499517
2025-09-23T16:20:02.475898,-0.5910272,9.772287,-0.050249275
2025-09-23T16:20:02.646524,-0.526421,9.798609,-0.02632105
2025-09-23T16:20:02.650468,-0.48095736,9.762716,-0.05742774
2025-09-23T16:20:02.650527,-0.55752766,9.781859,-0.07178468
2025-09-23T16:20:02.650550,-0.5168497,9.781859,-0.10767702
2025-09-23T16:20:02.650574,-0.4977071,9.753145,-0.13160525
2025-09-23T16:20:02.650592,-0.5288138,9.784252,-0.1052842
2025-09-23T16:20:02.650610,-0.485743,9.786645,-0.06699903
2025-09-23T16:20:02.650627,-0.4953143,9.796216,-0.06699903
2025-09-23T16:20:02.650644,-0.50009996,9.779466,-0.043070808
2025-09-23T16:20:02.650668,-0.47377887,9.781859,-0.047856454
2025-09-23T16:20:02.863318,-0.45702913,9.777073,-0.11246266
2025-09-23T16:20:02.885127,-0.4953143,9.779466,-0.083748795
2025-09-23T16:20:02.885206,-0.485743,9.772287,-0.062213387
2025-09-23T16:20:02.885228,-0.52163535,9.803394,-0.06460621
2025-09-23T16:20:02.885246,-0.526421,9.80818,-0.09092726
2025-09-23T16:20:02.885264,-0.44506502,9.77468,-0.10289137
2025-09-23T16:20:02.885281,-0.4331009,9.784252,-0.0741775
2025-09-23T16:20:02.885298,-0.46660042,9.839287,-0.021535404
2025-09-23T16:20:02.885316,-0.46899325,9.836894,-0.016749758
2025-09-23T16:20:02.885333,-0.4642076,9.779466,-0.10289137
2025-09-23T16:20:02.885362,-0.50009996,9.769895,-0.15792629
2025-09-23T16:20:03.052768,-0.5096712,9.769895,-0.1363909
2025-09-23T16:20:03.262459,-0.5599205,9.798609,-0.11246266
2025-09-23T16:20:03.262551,-0.59581286,9.77468,-0.13399807
2025-09-23T16:20:03.262582,-0.5886344,9.74836,-0.18424734
2025-09-23T16:20:03.262601,-0.6029913,9.729217,-0.2416751
2025-09-23T16:20:03.262619,-0.6053841,9.755538,-0.23688944
2025-09-23T16:20:03.262636,-0.58624154,9.750752,-0.2321038
2025-09-23T16:20:03.262653,-0.59581286,9.786645,-0.33260235
2025-09-23T16:20:03.262670,-0.64606214,9.798609,-0.37567315
2025-09-23T16:20:03.262687,-0.6628119,9.784252,-0.35653058
2025-09-23T16:20:03.262703,-0.70348984,9.812965,-0.31585258
2025-09-23T16:20:03.262720,-0.6867401,9.834501,-0.30388847
2025-09-23T16:20:03.262736,-0.6939186,9.822537,-0.30388847
2025-09-23T16:20:03.262753,-0.72502524,9.789038,-0.3062813
2025-09-23T16:20:03.262770,-0.7704889,9.789038,-0.30149564
2025-09-23T16:20:03.262786,-0.7800602,9.741181,-0.2847459
2025-09-23T16:20:03.262803,-0.7704889,9.693324,-0.30388847
2025-09-23T16:20:03.270813,-0.77766734,9.626326,-0.3397808
2025-09-23T16:20:03.270891,-0.8279166,9.600004,-0.3804588
2025-09-23T16:20:03.270914,-0.85902333,9.616755,-0.3804588
2025-09-23T16:20:03.270937,-0.9092726,9.678967,-0.38763726
2025-09-23T16:20:03.455203,-0.94277215,9.710074,-0.37088752
2025-09-23T16:20:03.609706,-0.9762716,9.729217,-0.4139583
2025-09-23T16:20:03.609792,-1.0025927,9.731609,-0.37328035
2025-09-23T16:20:03.609815,-1.0600204,9.638289,-0.32542387
2025-09-23T16:20:03.609833,-1.0576276,9.489935,-0.30867413
2025-09-23T16:20:03.609851,-1.0887343,9.346365,-0.40438703
2025-09-23T16:20:03.609869,-1.0767702,9.255438,-0.4881358
2025-09-23T16:20:03.609886,-1.0289137,9.190832,-0.4977071
2025-09-23T16:20:03.609902,-1.1006985,9.212367,-0.5024927
2025-09-23T16:20:03.609920,-1.1820544,9.267402,-0.40677986
2025-09-23T16:20:03.609952,-1.2203395,9.377472,-0.26081768
2025-09-23T16:20:03.654063,-1.268196,9.513863,-0.2440679
2025-09-23T16:20:03.673372,-1.2610176,9.585648,-0.33499518
2025-09-23T16:20:03.673445,-1.2705889,9.537791,-0.5240282
2025-09-23T16:20:03.673467,-1.2346965,9.470792,-0.72502524
2025-09-23T16:20:03.673486,-1.2969099,9.4229355,-0.70588267
2025-09-23T16:20:03.673504,-1.3567305,9.480363,-0.5096712
2025-09-23T16:20:03.673521,-1.4380864,9.5665045,-0.2321038
2025-09-23T16:20:03.673538,-1.579263,9.674182,0.1698904
2025-09-23T16:20:03.673554,-1.7060826,9.834501,0.4642076
2025-09-23T16:20:03.673588,-1.7850457,9.865608,0.35174492
2025-09-23T16:20:03.857487,-1.7060826,9.753145,0.014356935
2025-09-23T16:20:03.866857,-1.6965113,9.487542,-0.26799613
2025-09-23T16:20:03.866944,-1.7395821,9.238688,-0.33260235
2025-09-23T16:20:03.866967,-1.8520447,9.035298,-0.37088752
2025-09-23T16:20:03.866987,-1.9932213,8.944371,-0.4953143
2025-09-23T16:20:03.867006,-2.2061825,9.107083,-0.5886344
2025-09-23T16:20:03.867024,-2.5746772,9.530613,-0.46660042
2025-09-23T16:20:03.867043,-2.969493,10.064212,-0.26081768
2025-09-23T16:20:03.867061,-2.9120653,10.226924,0.17706887
2025-09-23T16:20:03.867079,-2.5028925,10.01157,0.2416751
2025-09-23T16:20:03.867107,-2.3856442,9.772287,0.15314065
2025-09-23T16:20:04.055129,-2.5674987,9.82493,0.059820566
2025-09-23T16:20:04.069949,-2.4215364,9.712467,0.059820566
2025-09-23T16:20:04.070017,-2.0841484,9.394221,-0.062213387
2025-09-23T16:20:04.070040,-1.9501505,8.985049,-0.33499518
2025-09-23T16:20:04.070060,-2.2325034,8.855837,-0.61734825
2025-09-23T16:20:04.070079,-2.7110682,9.147761,-0.70348984
2025-09-23T16:20:04.070097,-3.3044882,9.79143,-0.4354937
2025-09-23T16:20:04.070115,-3.5437703,10.133604,0.07178468
2025-09-23T16:20:04.070134,-3.4719856,10.0881405,0.27756742
2025-09-23T16:20:04.070163,-3.2590244,9.80818,0.26799613
2025-09-23T16:20:04.256688,-3.2327034,9.45165,0.04546363
2025-09-23T16:20:04.341278,-3.2327034,9.188439,0.033499517
2025-09-23T16:20:04.341380,-3.306881,9.052048,0.10289137
2025-09-23T16:20:04.341434,-3.6251264,9.042477,-0.047856454
2025-09-23T16:20:04.341481,-3.8739798,9.013762,-0.13878371
2025-09-23T16:20:04.341527,-3.6897326,9.174082,-0.15553348
2025-09-23T16:20:04.341582,-3.4073794,9.504292,-0.062213387
2025-09-23T16:20:04.341629,-3.438486,9.568898,-0.148355
2025-09-23T16:20:04.341682,-3.6921253,9.487542,-0.2632105
2025-09-23T16:20:04.341727,-3.735196,9.334401,-0.2727818
2025-09-23T16:20:04.341796,-3.4648073,9.119047,-0.22492532
2025-09-23T16:20:04.455259,-3.225525,8.944371,-0.05503492
2025-09-23T16:20:04.490437,-3.6346977,9.032906,-0.09571291
2025-09-23T16:20:04.490538,-4.141976,9.257831,-0.22971097
2025-09-23T16:20:04.490602,-4.0869412,9.243474,-0.18903299
2025-09-23T16:20:04.490650,-3.6323047,9.006584,-0.062213387
2025-09-23T16:20:04.490695,-3.5365918,9.217153,0.07178468
2025-09-23T16:20:04.490740,-3.4887354,9.399008,0.18903299
2025-09-23T16:20:04.490787,-3.6777685,9.647861,0.27756742
2025-09-23T16:20:04.490831,-3.5365918,9.626326,0.20578274
2025-09-23T16:20:04.490875,-3.3499517,9.317652,-0.040677983
2025-09-23T16:20:04.490931,-3.1465619,9.059227,-0.3493521
2025-09-23T16:20:04.649103,-3.1944182,9.08794,-0.6221339
2025-09-23T16:20:04.678405,-3.35713,9.202796,-0.57188463
2025-09-23T16:20:04.678504,-3.5102708,9.245867,-0.19621146
2025-09-23T16:20:04.678556,-3.739982,9.075976,0.2943172
2025-09-23T16:20:04.678621,-3.7136607,8.9826565,0.29910284
2025-09-23T16:20:04.678668,-3.5892339,9.32483,-0.09332009
2025-09-23T16:20:04.678899,-3.2566316,9.760324,-0.13160525
2025-09-23T16:20:04.679002,-2.9216363,10.059426,0.32063824
2025-09-23T16:20:04.679024,-2.8163524,9.882358,0.4426722
2025-09-23T16:20:04.679059,-3.0125637,9.614362,-0.050249275
2025-09-23T16:20:04.857962,-3.1226335,9.260223,-0.57906306
2025-09-23T16:20:04.964943,-3.1274192,8.925228,-0.8446664
2025-09-23T16:20:04.965044,-3.0556345,8.626125,-0.997807
2025-09-23T16:20:04.965097,-3.1776686,8.566305,-1.0767702
2025-09-23T16:20:04.965146,-3.2829528,8.76491,-0.5383851
2025-09-23T16:20:04.965196,-3.5533416,9.056833,0.21774685
2025-09-23T16:20:04.965242,-3.7950168,9.367901,0.41156548
2025-09-23T16:20:04.965297,-3.6729827,9.54497,0.23449662
2025-09-23T16:20:04.965362,-3.345166,9.611969,-0.09810573
2025-09-23T16:20:04.965408,-2.9431717,9.523434,-0.41874397
2025-09-23T16:20:04.965479,-2.6679974,9.449257,-0.5407779
2025-09-23T16:20:05.066227,-2.5746772,9.49472,-0.4881358
2025-09-23T16:20:05.074626,-2.5986054,9.389436,-0.4953143
2025-09-23T16:20:05.074728,-2.778067,9.262616,-0.5814559
2025-09-23T16:20:05.074791,-3.0149565,9.262616,-0.41874397
2025-09-23T16:20:05.074838,-3.2542388,9.23151,-0.25842485
2025-09-23T16:20:05.074883,-3.5270207,9.090333,-0.0741775
2025-09-23T16:20:05.074927,-3.6921253,9.08794,0.009571291
2025-09-23T16:20:05.074971,-3.737589,9.164511,-0.12921242
2025-09-23T16:20:05.075017,-3.4863427,9.288938,-0.19142582
2025-09-23T16:20:05.075061,-3.1680973,9.41815,-0.24885355
2025-09-23T16:20:05.075117,-3.0269206,9.442079,-0.46181476
2025-09-23T16:20:05.264179,-2.9910283,9.401401,-0.57188463
2025-09-23T16:20:05.302253,-2.928815,9.233903,-0.5024927
2025-09-23T16:20:05.302357,-2.9168508,9.150154,-0.35174492
2025-09-23T16:20:05.302412,-3.0293136,9.171689,-0.27996024
2025-09-23T16:20:05.302459,-3.158526,9.233903,-0.27756742
2025-09-23T16:20:05.302506,-3.2757742,9.293723,-0.29671
2025-09-23T16:20:05.302551,-3.4025939,9.293723,-0.3397808
2025-09-23T16:20:05.302608,-3.4313076,9.288938,-0.26081768
2025-09-23T16:20:05.302655,-3.3236306,9.303294,-0.16510476
2025-09-23T16:20:05.302717,-3.2422748,9.296116,-0.2105684
2025-09-23T16:20:05.464979,-3.1657043,9.305687,-0.28235307
2025-09-23T16:20:05.500484,-3.2422748,9.276974,-0.38524446
2025-09-23T16:20:05.500595,-3.2733815,9.245867,-0.5096712
2025-09-23T16:20:05.500661,-3.2733815,9.174082,-0.6269195
2025-09-23T16:20:05.500708,-3.2757742,9.116654,-0.6628119
2025-09-23T16:20:05.500753,-3.2925239,9.073584,-0.5694918
2025-09-23T16:20:05.500801,-3.3020952,9.090333,-0.43070808
2025-09-23T16:20:05.500855,-3.3643086,9.19801,-0.33499518
2025-09-23T16:20:05.500901,-3.397808,9.2793665,-0.27038896
2025-09-23T16:20:05.500948,-3.3092737,9.365508,-0.17706887
2025-09-23T16:20:05.501007,-3.2279177,9.367901,-0.22492532
2025-09-23T16:20:05.650449,-3.1513474,9.286545,-0.27996024
2025-09-23T16:20:05.760187,-3.141776,9.238688,-0.26799613
2025-09-23T16:20:05.760287,-3.1513474,9.255438,-0.25124636
2025-09-23T16:20:05.760340,-3.1322048,9.286545,-0.2656033
2025-09-23T16:20:05.760388,-3.0795627,9.303294,-0.25603202
2025-09-23T16:20:05.760434,-3.1393833,9.322437,-0.23449662
2025-09-23T16:20:05.760481,-3.2327034,9.284152,-0.26799613
2025-09-23T16:20:05.760527,-3.2231321,9.255438,-0.26799613
2025-09-23T16:20:05.760585,-3.1513474,9.281759,-0.21774685
2025-09-23T16:20:05.760662,-3.2733815,9.169296,-0.19860429
2025-09-23T16:20:05.854828,-3.2853456,9.298509,-0.16510476
2025-09-23T16:20:05.865092,-3.2303107,9.396614,-0.15074782
2025-09-23T16:20:05.865194,-3.1896327,9.312865,-0.15074782
2025-09-23T16:20:05.865248,-3.117848,9.281759,-0.10049855
2025-09-23T16:20:05.865296,-3.1489546,9.265009,-0.14117654
2025-09-23T16:20:05.865341,-3.141776,9.269794,-0.19860429
2025-09-23T16:20:05.865386,-3.1250265,9.262616,-0.148355
2025-09-23T16:20:05.865431,-3.0819557,9.209974,-0.17467605
2025-09-23T16:20:05.865476,-3.0747771,9.190832,-0.19381863
2025-09-23T16:20:05.865520,-3.141776,9.24826,-0.16749759
2025-09-23T16:20:05.865595,-3.1130621,9.322437,-0.13878371
2025-09-23T16:20:06.060610,-3.048456,9.35833,-0.13399807
2025-09-23T16:20:06.172144,-3.050849,9.377472,-0.2009971
2025-09-23T16:20:06.172213,-3.1226335,9.41815,-0.25124636
2025-09-23T16:20:06.172259,-3.0460632,9.343972,-0.29910284
2025-09-23T16:20:06.172277,-3.050849,9.188439,-0.28713873
2025-09-23T16:20:06.172294,-3.062813,9.193225,-0.26081768
2025-09-23T16:20:06.172311,-3.089134,9.29133,-0.21774685
2025-09-23T16:20:06.172328,-3.1441689,9.317652,-0.19142582
2025-09-23T16:20:06.172345,-3.1680973,9.288938,-0.17706887
2025-09-23T16:20:06.172362,-3.1369905,9.300901,-0.17228323
2025-09-23T16:20:06.172397,-3.1106694,9.293723,-0.15074782
2025-09-23T16:20:06.288328,-3.0604203,9.293723,-0.11485548
2025-09-23T16:20:06.288402,-3.0173492,9.315259,-0.09092726
2025-09-23T16:20:06.288454,-3.0053852,9.3511505,-0.09571291
2025-09-23T16:20:06.288473,-3.1226335,9.437292,-0.18903299
2025-09-23T16:20:06.288491,-3.089134,9.413364,-0.2536392
2025-09-23T16:20:06.288508,-3.1106694,9.303294,-0.27996024
2025-09-23T16:20:06.288525,-3.1776686,9.226724,-0.28235307
2025-09-23T16:20:06.288542,-3.1680973,9.202796,-0.2009971
2025-09-23T16:20:06.288558,-3.1441689,9.21476,-0.07178468
2025-09-23T16:20:06.288602,-3.1920254,9.276974,-0.086141616
2025-09-23T16:20:06.477175,-3.2135608,9.317652,-0.1363909
2025-09-23T16:20:06.526139,-3.158526,9.375079,-0.13399807
2025-09-23T16:20:06.526205,-3.048456,9.365508,-0.11006984
2025-09-23T16:20:06.526251,-3.0556345,9.317652,-0.1794617
2025-09-23T16:20:06.526269,-3.010171,9.456435,0.021535404
2025-09-23T16:20:06.526287,-3.0364919,9.449257,-0.078963146
2025-09-23T16:20:06.526304,-3.0723844,9.391829,-0.21774685
2025-09-23T16:20:06.526321,-3.117848,9.35833,-0.28953153
2025-09-23T16:20:06.526338,-3.1657043,9.250652,-0.30867413
2025-09-23T16:20:06.526355,-3.2327034,9.1669035,-0.26799613
2025-09-23T16:20:06.526388,-3.2757742,9.150154,-0.27517462
2025-09-23T16:20:06.694320,-3.37388,9.145369,-0.2847459
2025-09-23T16:20:06.810979,-3.4241292,9.131011,-0.35413775
2025-09-23T16:20:06.811050,-3.345166,9.19801,-0.30388847
2025-09-23T16:20:06.811088,-3.2135608,9.238688,-0.21535404
2025-09-23T16:20:06.811107,-3.1369905,9.245867,-0.1794617
2025-09-23T16:20:06.811124,-3.103491,9.267402,-0.21774685
2025-09-23T16:20:06.811141,-3.0580273,9.382257,-0.22971097
2025-09-23T16:20:06.811158,-2.9431717,9.434899,-0.2847459
2025-09-23T16:20:06.811175,-3.0125637,9.387043,-0.2943172
2025-09-23T16:20:06.811192,-3.0747771,9.315259,-0.27756742
2025-09-23T16:20:06.811224,-3.0939198,9.303294,-0.23688944
2025-09-23T16:20:06.849212,-3.101098,9.250652,-0.14356937
2025-09-23T16:20:06.858529,-3.1513474,9.250652,-0.09810573
2025-09-23T16:20:06.858638,-3.2207394,9.288938,-0.06460621
2025-09-23T16:20:06.858691,-3.2159536,9.300901,-0.040677983
2025-09-23T16:20:06.858739,-3.1441689,9.30808,-0.059820566
2025-09-23T16:20:06.858785,-3.0723844,9.30808,-0.10049855
2025-09-23T16:20:06.858851,-3.0580273,9.370294,-0.13160525
2025-09-23T16:20:06.858901,-3.0460632,9.38465,-0.2105684
2025-09-23T16:20:06.858946,-3.034099,9.370294,-0.19621146
2025-09-23T16:20:06.859004,-3.0197423,9.367901,-0.15074782
2025-09-23T16:20:07.055896,-3.0125637,9.363115,-0.12921242
2025-09-23T16:20:07.263219,-3.0077782,9.30808,-0.08853444
2025-09-23T16:20:07.263298,-3.0077782,9.317652,-0.086141616
2025-09-23T16:20:07.263349,-3.0412776,9.284152,-0.16749759
2025-09-23T16:20:07.263398,-3.0867412,9.260223,-0.18424734
2025-09-23T16:20:07.263444,-3.129812,9.2793665,-0.11006984
2025-09-23T16:20:07.263494,-3.1274192,9.322437,-0.021535404
2025-09-23T16:20:07.263539,-3.0699914,9.339187,-0.019142581
2025-09-23T16:20:07.263593,-3.0317063,9.332008,-0.04546363
2025-09-23T16:20:07.263681,-3.0005996,9.300901,-0.124426775
2025-09-23T16:20:07.263743,-2.9982069,9.322437,-0.18664017
2025-09-23T16:20:07.263766,-2.955136,9.317652,-0.17228323
2025-09-23T16:20:07.263786,-2.9838498,9.30808,-0.15314065
2025-09-23T16:20:07.263805,-3.0819557,9.255438,-0.148355
2025-09-23T16:20:07.263823,-3.0987053,9.253045,-0.15553348
2025-09-23T16:20:07.263840,-3.0843484,9.217153,-0.17706887
2025-09-23T16:20:07.263857,-3.1250265,9.193225,-0.14117654
2025-09-23T16:20:07.316083,-3.1752756,9.217153,-0.15792629
2025-09-23T16:20:07.316183,-3.1752756,9.255438,-0.18664017
2025-09-23T16:20:07.316205,-3.117848,9.3104725,-0.20338993
2025-09-23T16:20:07.316224,-3.0245278,9.377472,-0.13399807
2025-09-23T16:20:07.316242,-3.0293136,9.41815,-0.1268196
2025-09-23T16:20:07.461013,-3.0532417,9.399008,-0.12203395
2025-09-23T16:20:07.473421,-3.1322048,9.408579,-0.19381863
2025-09-23T16:20:07.473464,-3.0699914,9.367901,-0.15792629
2025-09-23T16:20:07.473486,-2.9838498,9.329616,-0.1794617
2025-09-23T16:20:07.473504,-2.981457,9.353543,-0.18424734
2025-09-23T16:20:07.473522,-3.0029924,9.363115,-0.17467605
2025-09-23T16:20:07.473544,-3.0436704,9.382257,-0.13399807
2025-09-23T16:20:07.473576,-2.9982069,9.377472,-0.14117654
2025-09-23T16:20:07.473593,-2.928815,9.35833,-0.1698904
2025-09-23T16:20:07.473620,-3.0293136,9.322437,-0.12921242
2025-09-23T16:20:07.649263,-3.1274192,9.272188,-0.18664017
2025-09-23T16:20:07.680047,-3.1896327,9.219545,-0.23688944
2025-09-23T16:20:07.680111,-3.1728828,9.243474,-0.22013968
2025-09-23T16:20:07.680133,-3.1609187,9.355937,-0.2105684
2025-09-23T16:20:07.680151,-3.1657043,9.343972,-0.2321038
2025-09-23T16:20:07.680169,-3.0867412,9.355937,-0.18185452
2025-09-23T16:20:07.680185,-3.0723844,9.300901,-0.18185452
2025-09-23T16:20:07.680203,-3.050849,9.276974,-0.20338993
2025-09-23T16:20:07.680219,-3.0149565,9.281759,-0.26081768
2025-09-23T16:20:07.680236,-3.0556345,9.300901,-0.28953153
2025-09-23T16:20:07.680259,-3.1106694,9.312865,-0.28953153
2025-09-23T16:20:07.930792,-3.17049,9.363115,-0.24646074
2025-09-23T16:20:07.973077,-3.1561332,9.348758,-0.22731815
2025-09-23T16:20:07.973179,-3.117848,9.30808,-0.22253251
2025-09-23T16:20:07.973232,-3.0819557,9.265009,-0.17467605
2025-09-23T16:20:07.973280,-3.103491,9.200403,-0.2321038
2025-09-23T16:20:07.973325,-3.1369905,9.221938,-0.2943172
2025-09-23T16:20:07.973370,-3.1800613,9.272188,-0.27996024
2025-09-23T16:20:07.973415,-3.1776686,9.30808,-0.29910284
2025-09-23T16:20:07.973459,-3.1322048,9.353543,-0.27038896
2025-09-23T16:20:07.973503,-3.0293136,9.360723,-0.2105684
2025-09-23T16:20:07.973562,-3.050849,9.293723,-0.22731815
2025-09-23T16:20:08.119160,-3.1322048,9.183653,-0.3397808
2025-09-23T16:20:08.129977,-3.1896327,9.171689,-0.37088752
2025-09-23T16:20:08.130075,-3.2039895,9.183653,-0.31585258
2025-09-23T16:20:08.130127,-3.1489546,9.3104725,-0.17706887
2025-09-23T16:20:08.130176,-3.0532417,9.370294,-0.02632105
2025-09-23T16:20:08.130222,-2.9766715,9.47797,0.02632105
2025-09-23T16:20:08.130269,-2.9216363,9.537791,-0.038285162
2025-09-23T16:20:08.130315,-2.9742785,9.473185,-0.27517462
2025-09-23T16:20:08.130359,-3.0149565,9.332008,-0.3182454
2025-09-23T16:20:08.130417,-3.062813,9.245867,-0.27996024
2025-09-23T16:20:08.173161,-3.0795627,9.135797,-0.2321038
2025-09-23T16:20:08.191247,-3.2063823,9.150154,-0.19860429
2025-09-23T16:20:08.191344,-3.2805598,9.245867,-0.12921242
2025-09-23T16:20:08.191396,-3.2877383,9.312865,-0.12203395
2025-09-23T16:20:08.191443,-3.2015967,9.355937,-0.17228323
2025-09-23T16:20:08.191491,-3.0867412,9.35833,-0.23688944
2025-09-23T16:20:08.191552,-3.0125637,9.315259,-0.2727818
2025-09-23T16:20:08.348044,-2.9766715,9.29133,-0.2536392
2025-09-23T16:20:08.377045,-2.9599216,9.329616,-0.2105684
2025-09-23T16:20:08.377138,-3.0005996,9.382257,-0.22492532
2025-09-23T16:20:08.377190,-3.0795627,9.348758,-0.22492532
2025-09-23T16:20:08.377241,-3.1752756,9.260223,-0.23688944
2025-09-23T16:20:08.377291,-3.1920254,9.260223,-0.28235307
2025-09-23T16:20:08.377339,-3.0843484,9.281759,-0.27038896
2025-09-23T16:20:08.377391,-3.0652058,9.3104725,-0.16510476
2025-09-23T16:20:08.377437,-3.0963125,9.257831,-0.11724831
2025-09-23T16:20:08.377483,-3.1274192,9.274581,-0.15074782
2025-09-23T16:20:08.377574,-3.1513474,9.276974,-0.20578274
2025-09-23T16:20:08.591067,-3.07717,9.334401,-0.21535404
2025-09-23T16:20:08.653792,-2.9862428,9.382257,-0.18903299
2025-09-23T16:20:08.653890,-2.9718857,9.327223,-0.16510476
2025-09-23T16:20:08.653942,-3.0747771,9.322437,-0.148355
2025-09-23T16:20:08.653993,-3.0795627,9.32483,-0.18903299
2025-09-23T16:20:08.654040,-3.0819557,9.276974,-0.22731815
2025-09-23T16:20:08.654087,-3.1752756,9.281759,-0.30388847
2025-09-23T16:20:08.654131,-3.158526,9.23151,-0.2943172
2025-09-23T16:20:08.654176,-3.1345978,9.188439,-0.20338993
2025-09-23T16:20:08.654241,-3.1513474,9.15494,-0.15314065
2025-09-23T16:20:08.782042,-3.1441689,9.253045,-0.1698904
2025-09-23T16:20:08.789150,-3.1561332,9.303294,-0.2321038
2025-09-23T16:20:08.789264,-3.1441689,9.262616,-0.31345975
2025-09-23T16:20:08.789316,-3.0460632,9.41815,-0.22971097
2025-09-23T16:20:08.789363,-2.902494,9.489935,-0.17706887
2025-09-23T16:20:08.789419,-2.8594232,9.41815,-0.2009971
2025-09-23T16:20:08.789474,-3.1728828,9.341579,-0.2943172
2025-09-23T16:20:08.789520,-3.3164523,9.281759,-0.32542387
2025-09-23T16:20:08.789574,-3.3355947,9.176475,-0.2416751
2025-09-23T16:20:08.789622,-3.3236306,9.0951185,-0.19860429
2025-09-23T16:20:08.789777,-3.397808,9.152547,-0.2009971
2025-09-23T16:20:08.983328,-3.333202,9.243474,-0.22492532
2025-09-23T16:20:09.058654,-3.17049,9.267402,-0.18664017
2025-09-23T16:20:09.058961,-3.0077782,9.288938,-0.16271193
2025-09-23T16:20:09.059011,-2.9359934,9.281759,-0.22971097
2025-09-23T16:20:09.059032,-2.9336007,9.360723,-0.24885355
2025-09-23T16:20:09.059050,-2.8761728,9.339187,-0.23928227
2025-09-23T16:20:09.059068,-2.9958138,9.353543,-0.30149564
2025-09-23T16:20:09.059085,-3.2039895,9.382257,-0.33020952
2025-09-23T16:20:09.059103,-3.37388,9.346365,-0.34217364
2025-09-23T16:20:09.059136,-3.4576287,9.272188,-0.27996024
2025-09-23T16:20:09.174624,-3.5198421,9.119047,-0.2416751
2025-09-23T16:20:09.308803,-3.629912,9.059227,-0.25603202
2025-09-23T16:20:09.308900,-3.5150564,9.119047,-0.38285163
2025-09-23T16:20:09.308922,-3.2303107,9.159725,-0.41874397
2025-09-23T16:20:09.308942,-3.0364919,9.15494,-0.32542387
2025-09-23T16:20:09.308959,-3.0747771,9.24826,-0.2536392
2025-09-23T16:20:09.308976,-3.4097722,9.616755,-0.30388847
2025-09-23T16:20:09.308993,-3.818945,9.712467,-0.39960137
2025-09-23T16:20:09.309011,-3.4576287,9.119047,-0.05503492
2025-09-23T16:20:09.309027,-2.696711,8.303095,0.27756742
2025-09-23T16:20:09.309061,-2.8570302,8.384451,0.27756742
2025-09-23T16:20:09.385820,-3.2925239,9.250652,-0.06699903
2025-09-23T16:20:09.418547,-3.2614172,10.119247,-0.28713873
2025-09-23T16:20:09.418664,-3.400201,10.21496,-0.4235296
2025-09-23T16:20:09.418722,-3.2590244,9.45165,-0.8877372
2025-09-23T16:20:09.418769,-3.0723844,8.657232,-1.052842
2025-09-23T16:20:09.418815,-3.0412776,8.52802,-0.8207382
2025-09-23T16:20:09.418860,-3.3547373,8.958728,-0.4977071
2025-09-23T16:20:09.418905,-3.8380876,9.360723,-0.148355
2025-09-23T16:20:09.418950,-4.156333,9.516255,0.3182454
2025-09-23T16:20:09.418994,-4.1443686,9.518648,0.52163535
2025-09-23T16:20:09.419052,-3.9768713,9.509077,0.33020952
2025-09-23T16:20:09.587768,-3.7854455,9.4229355,0.014356935
2025-09-23T16:20:09.653521,-3.6586258,9.30808,-0.1794617
2025-09-23T16:20:09.653636,-3.591627,9.24826,-0.24646074
2025-09-23T16:20:09.653690,-3.5796626,9.176475,-0.19142582
2025-09-23T16:20:09.653737,-3.6897326,9.119047,-0.0741775
2025-09-23T16:20:09.653783,-3.8237305,9.145369,0.12203395
2025-09-23T16:20:09.653828,-3.9625144,9.221938,0.19860429
2025-09-23T16:20:09.653873,-3.8404803,9.171689,0.13878371
2025-09-23T16:20:09.653917,-3.6586258,9.150154,0.08853444
2025-09-23T16:20:09.653978,-3.5700915,9.236296,-0.011964113
2025-09-23T16:20:09.780228,-3.5605202,9.303294,0.03589234
2025-09-23T16:20:09.829224,-3.6466618,9.408579,0.14356937
2025-09-23T16:20:09.829336,-3.6921253,9.509077,0.29192436
2025-09-23T16:20:09.829389,-3.696911,9.58804,0.27996024
2025-09-23T16:20:09.829440,-3.6753755,9.480363,0.17467605
2025-09-23T16:20:09.829486,-3.4121652,9.375079,0.10767702
2025-09-23T16:20:09.829531,-3.2039895,9.265009,0.05503492
2025-09-23T16:20:09.829586,-3.1896327,9.269794,-0.13399807
2025-09-23T16:20:09.829633,-3.1322048,9.353543,-0.31585258
2025-09-23T16:20:09.829678,-3.2398818,9.425328,-0.31106696
2025-09-23T16:20:09.829737,-3.4241292,9.434899,-0.2105684
2025-09-23T16:20:09.982532,-3.2709885,9.355937,-0.09332009
2025-09-23T16:20:10.027447,-3.0149565,9.30808,0.12203395
2025-09-23T16:20:10.027543,-2.9048867,9.336794,0.3182454
2025-09-23T16:20:10.027604,-2.737389,9.35833,0.33499518
2025-09-23T16:20:10.027666,-2.548356,9.559326,0.19860429
2025-09-23T16:20:10.027910,-2.1415763,9.664611,-0.11006984
2025-09-23T16:20:10.028037,-1.9764715,9.793823,-0.3924229
2025-09-23T16:20:10.028062,-1.9118652,9.77468,-0.47856453
2025-09-23T16:20:10.028081,-1.8496519,9.767502,-0.30867413
2025-09-23T16:20:10.028099,-1.8400806,9.784252,-0.10289137
2025-09-23T16:20:10.028137,-1.8137596,9.753145,0.15792629
2025-09-23T16:20:10.186712,-1.8161523,9.731609,0.3397808
2025-09-23T16:20:10.238892,-1.8233309,9.781859,0.2632105
2025-09-23T16:20:10.238988,-1.7395821,9.755538,0.16749759
2025-09-23T16:20:10.239041,-1.5625132,9.568898,0.22731815
2025-09-23T16:20:10.239088,-1.5170496,9.444471,0.39720857
2025-09-23T16:20:10.239135,-1.5744773,9.396614,0.5024927
2025-09-23T16:20:10.239181,-1.5577276,9.41815,0.46899325
2025-09-23T16:20:10.239238,-1.5337993,9.595219,0.2105684
2025-09-23T16:20:10.239282,-1.4668003,9.79143,-0.08853444
2025-09-23T16:20:10.239343,-1.3471591,9.84168,-0.19381863
2025-09-23T16:20:10.378035,-1.1294123,9.786645,-0.09571291
2025-09-23T16:20:10.490550,-0.88295156,9.662218,-0.014356935
2025-09-23T16:20:10.490660,-0.8039884,9.614362,-0.086141616
2025-09-23T16:20:10.490713,-0.863809,9.561719,-0.2009971
2025-09-23T16:20:10.490761,-0.8566305,9.504292,-0.31585258
2025-09-23T16:20:10.490809,-0.7920243,9.375079,-0.30388847
2025-09-23T16:20:10.490857,-0.701097,9.284152,-0.09810573
2025-09-23T16:20:10.490903,-0.8470592,9.29133,0.11006984
2025-09-23T16:20:10.490951,-1.1126626,9.389436,0.2321038
2025-09-23T16:20:10.490997,-1.2418749,9.439685,0.19860429
2025-09-23T16:20:10.491060,-1.1653047,9.4636135,0.0741775
2025-09-23T16:20:10.590817,-1.1150553,9.554541,-0.25124636
2025-09-23T16:20:10.590926,-1.1676974,9.564112,-0.28713873
2025-09-23T16:20:10.590950,-1.2849457,9.45165,-0.06460621
2025-09-23T16:20:10.590969,-1.1988041,9.346365,0.21535404
2025-09-23T16:20:10.590987,-1.0480564,9.315259,0.35413775
2025-09-23T16:20:10.591004,-0.85184485,9.38465,0.06699903
2025-09-23T16:20:10.591021,-0.8279166,9.671789,-0.30149564
2025-09-23T16:20:10.591038,-0.8853444,9.913465,-0.36131623
2025-09-23T16:20:10.591055,-0.8111669,9.934999,0.0526421
2025-09-23T16:20:10.591073,-0.72741807,9.956535,0.45942193
2025-09-23T16:20:10.777297,-0.7848458,9.999606,0.34217364
2025-09-23T16:20:10.781014,-0.71306115,10.059426,-0.29671
2025-09-23T16:20:10.781117,-0.567099,10.030712,-0.5982057
2025-09-23T16:20:10.781172,-0.59342,9.8321085,-0.4833502
2025-09-23T16:20:10.781218,-0.6197411,9.62154,-0.2416751
2025-09-23T16:20:10.781265,-0.57906306,9.533006,-0.11485548
2025-09-23T16:20:10.781312,-0.45224348,9.549755,-0.23688944
2025-09-23T16:20:10.781358,-0.4211368,9.580862,-0.3062813
2025-09-23T16:20:10.781402,-0.35653058,9.585648,-0.2656033
2025-09-23T16:20:10.781446,-0.37567315,9.700503,-0.28235307
2025-09-23T16:20:10.781504,-0.46899325,9.767502,-0.29910284
2025-09-23T16:20:10.994305,-0.51445687,9.779466,-0.15074782
2025-09-23T16:20:11.102350,-0.45224348,9.762716,-0.0023928226
2025-09-23T16:20:11.102450,-0.5383851,9.779466,-0.06460621
2025-09-23T16:20:11.102503,-0.57188463,9.834501,-0.124426775
2025-09-23T16:20:11.102552,-0.60777694,9.836894,-0.016749758
2025-09-23T16:20:11.102761,-0.59581286,9.789038,0.11246266
2025-09-23T16:20:11.102813,-0.45224348,9.755538,-0.0047856453
2025-09-23T16:20:11.102835,-0.41635114,9.803394,-0.18664017
2025-09-23T16:20:11.102855,-0.3684947,9.829716,-0.15314065
2025-09-23T16:20:11.102888,-0.31345975,9.82493,-0.12921242
2025-09-23T16:20:11.243704,-0.3924229,9.757931,-0.24646074
2025-09-23T16:20:11.243774,-0.4235296,9.753145,-0.32542387
2025-09-23T16:20:11.243811,-0.34456646,9.724431,-0.25842485
2025-09-23T16:20:11.243829,-0.38285163,9.765109,-0.26081768
2025-09-23T16:20:11.243847,-0.50009996,9.796216,-0.15314065
2025-09-23T16:20:11.243864,-0.5814559,9.777073,0.076570325
2025-09-23T16:20:11.243882,-0.4977071,9.786645,-0.15553348
2025-09-23T16:20:11.243900,-0.43070808,9.738789,-0.40438703
2025-09-23T16:20:11.243918,-0.43070808,9.762716,-0.22731815
2025-09-23T16:20:11.243938,-0.44506502,9.803394,-0.09092726
2025-09-23T16:20:11.243972,-0.4139583,9.846465,-0.0526421
2025-09-23T16:20:11.392166,-0.45942193,9.906285,-0.16271193
2025-09-23T16:20:11.404872,-0.5024927,9.88475,-0.29910284
2025-09-23T16:20:11.404965,-0.5383851,9.851251,-0.20338993
2025-09-23T16:20:11.405017,-0.5910272,9.767502,-0.16749759
2025-09-23T16:20:11.405065,-0.6029913,9.724431,-0.20578274
2025-09-23T16:20:11.405120,-0.62452674,9.724431,-0.20817557
2025-09-23T16:20:11.405177,-0.55513483,9.71486,-0.24646074
2025-09-23T16:20:11.405223,-0.4953143,9.743574,-0.25603202
2025-09-23T16:20:11.405268,-0.42592242,9.767502,-0.12203395
2025-09-23T16:20:11.405313,-0.33260235,9.822537,-0.22971097
2025-09-23T16:20:11.405383,-0.29192436,9.793823,-0.27517462
2025-09-23T16:20:11.590276,-0.35413775,9.839287,0.009571291
2025-09-23T16:20:11.710227,-0.42831525,9.829716,0.016749758
2025-09-23T16:20:11.710326,-0.46181476,9.796216,-0.24885355
2025-09-23T16:20:11.710380,-0.4977071,9.79143,-0.11485548
2025-09-23T16:20:11.710428,-0.54317075,9.79143,0.059820566
2025-09-23T16:20:11.710474,-0.4953143,9.772287,-0.148355
2025-09-23T16:20:11.710520,-0.46899325,9.736395,-0.25842485
2025-09-23T16:20:11.710576,-0.4331009,9.757931,-0.02632105
2025-09-23T16:20:11.710625,-0.4139583,9.793823,-0.023928227
2025-09-23T16:20:11.710688,-0.41156548,9.798609,-0.1698904
2025-09-23T16:20:11.780422,-0.39481574,9.812965,-0.069391854
2025-09-23T16:20:11.936470,-0.3924229,9.79143,-0.11246266
2025-09-23T16:20:11.936588,-0.36370903,9.79143,-0.15074782
2025-09-23T16:20:11.936643,-0.32063824,9.817751,-0.040677983
2025-09-23T16:20:11.936691,-0.36131623,9.781859,-0.09571291
2025-09-23T16:20:11.936738,-0.29192436,9.815358,-0.069391854
2025-09-23T16:20:11.936784,-0.32063824,9.803394,0.031106694
2025-09-23T16:20:11.936829,-0.4953143,9.760324,-0.033499517
2025-09-23T16:20:11.936874,-0.5024927,9.798609,-0.124426775
2025-09-23T16:20:11.936918,-0.42592242,9.815358,0.050249275
2025-09-23T16:20:11.936979,-0.5312066,9.805787,0.07178468
2025-09-23T16:20:12.028493,-0.4833502,9.779466,-0.06460621
2025-09-23T16:20:12.036944,-0.44985065,9.772287,-0.09810573
2025-09-23T16:20:12.037045,-0.36610186,9.796216,-0.019142581
2025-09-23T16:20:12.037097,-0.28953153,9.891929,0.078963146
2025-09-23T16:20:12.037145,-0.30867413,9.844072,-0.019142581
2025-09-23T16:20:12.037192,-0.38524446,9.755538,-0.016749758
2025-09-23T16:20:12.037237,-0.39481574,9.762716,0.16749759
2025-09-23T16:20:12.037282,-0.47856453,9.726824,0.10289137
2025-09-23T16:20:12.037327,-0.5096712,9.729217,-0.15553348
2025-09-23T16:20:12.037372,-0.4953143,9.769895,-0.023928227
2025-09-23T16:20:12.037433,-0.46181476,9.784252,0.18185452
2025-09-23T16:20:12.181772,-0.4354937,9.765109,0.0023928226
2025-09-23T16:20:12.303011,-0.34217364,9.798609,-0.083748795
2025-09-23T16:20:12.303108,-0.3493521,9.827323,0.12921242
2025-09-23T16:20:12.303159,-0.33738798,9.772287,0.076570325
2025-09-23T16:20:12.303207,-0.3397808,9.734002,0.040677983
2025-09-23T16:20:12.303252,-0.38524446,9.760324,0.11724831
2025-09-23T16:20:12.303298,-0.29192436,9.803394,0.12921242
2025-09-23T16:20:12.303345,-0.3804588,9.79143,0.086141616
2025-09-23T16:20:12.303389,-0.36131623,9.817751,0.06699903
2025-09-23T16:20:12.303450,-0.3684947,9.815358,-0.033499517
2025-09-23T16:20:12.444597,-0.37328035,9.798609,0.062213387
2025-09-23T16:20:12.576361,-0.47377887,9.769895,0.078963146
2025-09-23T16:20:12.576481,-0.44745782,9.784252,0.011964113
2025-09-23T16:20:12.576533,-0.35413775,9.772287,0.08135597
2025-09-23T16:20:12.576595,-0.3804588,9.74836,0.059820566
2025-09-23T16:20:12.576643,-0.42592242,9.77468,0.031106694
2025-09-23T16:20:12.576689,-0.41874397,9.822537,0.11246266
2025-09-23T16:20:12.576734,-0.38763726,9.827323,0.1268196
2025-09-23T16:20:12.576778,-0.3900301,9.815358,0.0023928226
2025-09-23T16:20:12.576823,-0.37328035,9.817751,-0.014356935
2025-09-23T16:20:12.576879,-0.50009996,9.812965,0.038285162
2025-09-23T16:20:12.621237,-0.5838487,9.762716,-0.083748795
2025-09-23T16:20:12.621341,-0.57427746,9.738789,-0.15074782
2025-09-23T16:20:12.621394,-0.57188463,9.760324,-0.1052842
2025-09-23T16:20:12.621441,-0.59342,9.798609,-0.09810573
2025-09-23T16:20:12.621487,-0.50009996,9.810573,-0.02871387
2025-09-23T16:20:12.621532,-0.4881358,9.80818,0.014356935
2025-09-23T16:20:12.621745,-0.5694918,9.803394,-0.0071784677
2025-09-23T16:20:12.621887,-0.634098,9.805787,-0.043070808
2025-09-23T16:20:12.621923,-0.6029913,9.738789,0.021535404
2025-09-23T16:20:12.621952,-0.55513483,9.698111,0.031106694
2025-09-23T16:20:12.621989,-0.62931234,9.688539,-0.059820566
2025-09-23T16:20:12.790812,-0.7704889,9.698111,-0.12203395
2025-09-23T16:20:12.843624,-0.81595254,9.712467,-0.1052842
2025-09-23T16:20:12.843703,-0.80159557,9.717253,-0.033499517
2025-09-23T16:20:12.843727,-0.8327023,9.731609,-0.09571291
2025-09-23T16:20:12.843746,-0.8422736,9.683753,-0.27038896
2025-09-23T16:20:12.843764,-0.8135597,9.698111,-0.26081768
2025-09-23T16:20:12.843781,-0.80877405,9.74836,-0.11724831
2025-09-23T16:20:12.843798,-0.8709874,9.726824,-0.1698904
2025-09-23T16:20:12.843815,-0.9499506,9.643075,-0.31345975
2025-09-23T16:20:12.843848,-0.95712906,9.600004,-0.3278167
2025-09-23T16:20:12.989176,-0.91166544,9.559326,-0.19142582
2025-09-23T16:20:13.057654,-0.95473623,9.473185,-0.11964113
2025-09-23T16:20:13.057747,-1.0743774,9.399008,-0.19621146
2025-09-23T16:20:13.057769,-1.1413764,9.399008,-0.14356937
2025-09-23T16:20:13.057788,-1.1557333,9.375079,-0.15074782
2025-09-23T16:20:13.057806,-1.1653047,9.312865,-0.29192436
2025-09-23T16:20:13.057823,-1.1629118,9.229117,-0.43788654
2025-09-23T16:20:13.057840,-1.1700903,9.24826,-0.50488555
2025-09-23T16:20:13.057857,-1.2131611,9.257831,-0.5096712
2025-09-23T16:20:13.057873,-1.3232309,9.253045,-0.5168497
2025-09-23T16:20:13.057906,-1.4644074,9.286545,-0.38285163
2025-09-23T16:20:13.192098,-1.4596218,9.298509,-0.20338993
2025-09-23T16:20:13.448818,-1.6223338,9.174082,-0.31585258
2025-09-23T16:20:13.448882,-1.672583,9.133404,-0.552742
2025-09-23T16:20:13.448904,-1.6510476,9.205189,-0.46181476
2025-09-23T16:20:13.448924,-1.5026926,9.322437,0.14596218
2025-09-23T16:20:13.448943,-1.3950156,9.332008,0.72741807
2025-09-23T16:20:13.448961,-1.3710874,9.492328,0.971486
2025-09-23T16:20:13.448979,-1.2083755,9.482756,0.9619147
2025-09-23T16:20:13.448997,-1.0289137,9.3200445,1.026521
2025-09-23T16:20:13.449015,-1.3878372,9.738789,1.268196
2025-09-23T16:20:13.449046,-2.6009982,9.62154,0.9284152
2025-09-23T16:20:13.472850,-4.2161536,9.738789,0.9499506
2025-09-23T16:20:13.472939,-4.354937,10.169497,1.4931214
2025-09-23T16:20:13.472961,-3.4313076,10.255638,2.3018954
2025-09-23T16:20:13.472979,-2.6751757,10.097712,3.2997024
2025-09-23T16:20:13.472996,-2.5459633,9.860822,4.072584
2025-09-23T16:20:13.473013,-1.5050855,9.554541,4.0103707
2025-09-23T16:20:13.473031,-0.27996024,9.985249,3.4193435
2025-09-23T16:20:13.473047,1.18684,9.497113,1.3399807
2025-09-23T16:20:13.473065,1.5816557,8.068598,-0.19381863
2025-09-23T16:20:13.473097,0.47138608,7.01097,0.82313097
2025-09-23T16:20:13.640273,-1.0576276,6.800402,4.534399
2025-09-23T16:20:13.776991,-1.6582261,6.7166533,6.2715883
2025-09-23T16:20:13.777089,-1.7563318,6.558727,4.912465
2025-09-23T16:20:13.777110,-1.8664017,6.491728,3.1609187
2025-09-23T16:20:13.777129,-1.5266209,6.6041903,3.1800613
2025-09-23T16:20:13.777148,-0.81595254,6.8721867,4.558327
2025-09-23T16:20:13.777165,-0.3062813,6.8985076,4.8454657
2025-09-23T16:20:13.777182,0.62931234,6.8865438,4.213761
2025-09-23T16:20:13.777198,1.4931214,7.159325,4.278367
2025-09-23T16:20:13.777215,0.41635114,7.135397,4.965107
2025-09-23T16:20:13.777248,-0.043070808,6.9248285,4.2927237
2025-09-23T16:20:13.917739,0.38524446,6.45105,4.2687955
2025-09-23T16:20:13.917799,0.42592242,6.5108705,6.096912
2025-09-23T16:20:13.917821,0.9882358,6.611369,5.8600225
2025-09-23T16:20:13.917839,1.5672989,6.3768725,5.5920267
2025-09-23T16:20:13.917857,1.3040884,5.936593,5.9844494
2025-09-23T16:20:13.917875,1.2466606,6.384051,6.666404
2025-09-23T16:20:13.917891,1.9262222,7.463214,6.8219376
2025-09-23T16:20:13.917907,1.8640088,8.039884,6.407979
2025-09-23T16:20:13.917924,0.9834501,7.690532,7.0612197
2025-09-23T16:20:13.917956,1.282553,7.7001033,8.255239
2025-09-23T16:20:13.977072,2.7637103,7.5732837,8.5423765
2025-09-23T16:20:13.988398,2.5435705,7.123433,7.8604226
2025-09-23T16:20:13.988472,1.9669002,5.7786665,8.410771
2025-09-23T16:20:13.988523,2.1415763,4.8287163,8.003992
2025-09-23T16:20:13.988588,2.684747,4.4339004,7.9011
2025-09-23T16:20:13.988647,3.101098,4.510471,8.123632
2025-09-23T16:20:13.988693,3.495914,4.3238306,8.4705925
2025-09-23T16:20:13.988816,3.5772698,4.436293,7.652247
2025-09-23T16:20:13.988891,3.9768713,4.735396,8.635697
2025-09-23T16:20:13.988918,4.304688,4.5320063,8.922835
2025-09-23T16:20:13.988945,4.4745784,4.5559344,8.5423765
2025-09-23T16:20:14.209160,4.57747,4.4817567,9.111869
2025-09-23T16:20:14.227743,4.979464,4.1587257,9.243474
2025-09-23T16:20:14.227787,4.065406,4.386044,10.107283
2025-09-23T16:20:14.227809,3.1369905,4.8502517,10.750952
2025-09-23T16:20:14.227829,2.9790642,4.6085763,9.631111
2025-09-23T16:20:14.227851,3.7088752,4.354937,8.793623
2025-09-23T16:20:14.227885,4.807181,4.4554358,7.9513497
2025-09-23T16:20:14.227919,5.4963136,4.924429,7.0612197
2025-09-23T16:20:14.227953,4.996214,5.4317074,6.7405815
2025-09-23T16:20:14.227981,3.5772698,5.460421,7.6402826
2025-09-23T16:20:14.228026,1.7706888,5.4819565,8.34138
2025-09-23T16:20:14.379218,1.2059826,5.905486,8.977871
2025-09-23T16:20:14.624113,1.5433706,6.6927247,8.743374
2025-09-23T16:20:14.624177,1.835295,6.7118673,7.743174
2025-09-23T16:20:14.624198,1.7706888,7.2215385,7.479964
2025-09-23T16:20:14.624216,1.4979069,7.7742805,7.635497
2025-09-23T16:20:14.624234,0.567099,7.2550383,8.190632
2025-09-23T16:20:14.624251,-0.6364908,6.9726853,8.99462
2025-09-23T16:20:14.624269,0.33020952,7.1808605,8.154739
2025-09-23T16:20:14.624285,2.2779672,8.255239,6.65444
2025-09-23T16:20:14.624320,2.5722845,8.989835,6.0634127
2025-09-23T16:20:14.641965,2.3712873,8.927621,6.0825553
2025-09-23T16:20:14.642027,1.5337993,8.79123,6.2237315
2025-09-23T16:20:14.642048,0.6556334,8.025527,6.541977
2025-09-23T16:20:14.642067,0.18664017,7.183254,6.623333
2025-09-23T16:20:14.642085,-1.8424734,14.383257,7.2382884
2025-09-23T16:20:14.642102,4.914858,13.411771,18.082561
2025-09-23T16:20:14.642119,0.4019942,-0.6029913,0.4546363
2025-09-23T16:20:14.642136,-3.9314077,9.65504,5.235496
2025-09-23T16:20:14.642153,0.9667004,9.2075815,8.123632
2025-09-23T16:20:14.642170,3.5820556,7.0061846,6.5108705
2025-09-23T16:20:14.642200,2.8259234,7.8987074,6.32423
2025-09-23T16:20:14.783164,2.0219352,7.0636125,5.5776696
2025-09-23T16:20:14.789660,1.18684,6.8650084,7.331609
2025-09-23T16:20:14.789719,0.6053841,6.3338017,8.353344
2025-09-23T16:20:14.789765,0.050249275,6.283552,7.783852
2025-09-23T16:20:14.789785,0.1052842,6.4965134,6.814759
2025-09-23T16:20:14.789804,0.23688944,6.8745794,6.4965134
2025-09-23T16:20:14.789821,0.5599205,7.4919276,6.4175506
2025-09-23T16:20:14.789837,1.0839486,7.908279,6.216553
2025-09-23T16:20:14.789853,1.4715859,7.884351,6.094519
2025-09-23T16:20:14.789869,1.3351951,7.7479596,6.017949
2025-09-23T16:20:14.789899,0.5766702,7.7479596,5.95095
2025-09-23T16:20:14.991899,-0.13399807,7.8699937,5.9748783
2025-09-23T16:20:15.072132,-0.6412765,8.037491,5.986842
2025-09-23T16:20:15.072191,-0.8997013,8.032705,6.0011992
2025-09-23T16:20:15.072213,-0.5383851,7.9633136,6.3290157
2025-09-23T16:20:15.072232,0.28953153,7.7407813,6.5108705
2025-09-23T16:20:15.072251,0.8757731,7.585248,6.262017
2025-09-23T16:20:15.072269,1.0408778,7.609176,5.8337016
2025-09-23T16:20:15.072287,0.93320084,7.7790666,5.690132
2025-09-23T16:20:15.072305,0.8997013,7.946564,5.5872407
2025-09-23T16:20:15.072339,0.6939186,8.04467,5.345566
2025-09-23T16:20:15.111017,0.21535404,8.037491,5.2402816
2025-09-23T16:20:15.111087,-0.16510476,8.039884,5.572884
2025-09-23T16:20:15.111139,-0.33738798,8.030313,5.852844
2025-09-23T16:20:15.241332,-0.23688944,8.145168,5.8863435
2025-09-23T16:20:15.293919,-0.15074782,8.377272,5.386244
2025-09-23T16:20:15.293976,-0.3589234,8.6141615,4.6899323
2025-09-23T16:20:15.294006,-0.6053841,8.736196,4.2711883
2025-09-23T16:20:15.294026,-0.61016977,8.841479,4.436293
2025-09-23T16:20:15.294044,-0.4977071,8.836694,4.7808595
2025-09-23T16:20:15.294063,-0.44745782,8.733803,4.898108
2025-09-23T16:20:15.294080,-0.51445687,8.705089,4.718646
2025-09-23T16:20:15.294098,-0.5240282,8.76491,4.587041
2025-09-23T16:20:15.294121,-0.33499518,8.769695,4.6037908
2025-09-23T16:20:15.294158,-0.0741775,8.592627,4.658826
2025-09-23T16:20:15.433434,-0.021535404,8.573483,4.7162533
2025-09-23T16:20:15.593209,-0.28953153,8.642876,4.6636114
2025-09-23T16:20:15.593275,-0.60777694,8.611769,4.587041
2025-09-23T16:20:15.593307,-0.72263247,8.408379,4.725825
2025-09-23T16:20:15.593328,-0.70348984,8.7266245,4.807181
2025-09-23T16:20:15.593347,-0.7585248,9.276974,4.8191447
2025-09-23T16:20:15.593366,-0.3469593,9.169296,4.546363
2025-09-23T16:20:15.593384,-0.0526421,8.855837,4.3118663
2025-09-23T16:20:15.593401,-0.62452674,8.944371,4.398008
2025-09-23T16:20:15.593419,-1.0169497,8.985049,4.551149
2025-09-23T16:20:15.593452,-0.6771688,8.719446,4.800002
2025-09-23T16:20:15.643994,-0.35174492,8.212168,5.1900325
2025-09-23T16:20:15.648094,-0.3278167,8.075776,5.6279187
2025-09-23T16:20:15.648165,-0.32542387,8.001599,5.6303115
2025-09-23T16:20:15.648194,-0.2727818,8.23131,5.556134
2025-09-23T16:20:15.648214,-0.24646074,8.650054,4.9459643
2025-09-23T16:20:15.648232,-0.41874397,8.58784,4.2711883
2025-09-23T16:20:15.648251,-0.92602235,8.458628,4.584648
2025-09-23T16:20:15.648269,-1.4907285,8.489735,5.063213
2025-09-23T16:20:15.648286,-1.6941184,8.516056,5.2307105
2025-09-23T16:20:15.648319,-1.4811572,8.707481,4.981857
2025-09-23T16:20:15.838113,-1.3160524,8.688339,4.173083
2025-09-23T16:20:15.932932,-1.6079768,8.590233,3.9553359
2025-09-23T16:20:15.933033,-1.875973,8.645268,4.1443686
2025-09-23T16:20:15.933086,-1.753939,8.496913,4.4075794
2025-09-23T16:20:15.933132,-1.7252251,8.147561,4.398008
2025-09-23T16:20:15.933176,-1.8065811,8.23131,4.2664027
2025-09-23T16:20:15.933220,-2.1128623,8.633304,3.9984066
2025-09-23T16:20:15.933264,-2.548356,8.853444,3.735196
2025-09-23T16:20:15.933308,-2.4191437,8.7266245,3.7040894
2025-09-23T16:20:15.933353,-2.5794628,8.46102,3.8524444
2025-09-23T16:20:15.933416,-2.507678,8.705089,3.7686956
2025-09-23T16:20:16.296372,-2.5387847,8.671589,3.5246277
2025-09-23T16:20:16.296480,-2.428715,8.729017,3.2925239
2025-09-23T16:20:16.296533,-2.6823542,8.606983,3.507878
2025-09-23T16:20:16.296769,-2.902494,8.867801,3.6921253
2025-09-23T16:20:16.296881,-2.8115666,8.865408,3.2638102
2025-09-23T16:20:16.296906,-2.981457,8.930014,3.048456
2025-09-23T16:20:16.296927,-3.1369905,8.717052,2.8402805
2025-09-23T16:20:16.296947,-3.3906298,8.786445,2.8713872
2025-09-23T16:20:16.296979,-3.3786657,9.078369,2.7684958
2025-09-23T16:20:16.296997,-3.2997024,8.88455,2.5555346
2025-09-23T16:20:16.297015,-3.3140593,8.537591,2.524428
2025-09-23T16:20:16.297033,-3.4408789,8.5016985,2.6751757
2025-09-23T16:20:16.297051,-3.4839497,8.69791,2.6392834
2025-09-23T16:20:16.297068,-3.7591243,8.88455,2.4215364
2025-09-23T16:20:16.297086,-3.751946,8.927621,2.1774685
2025-09-23T16:20:16.297104,-3.830909,8.920443,1.9525433
2025-09-23T16:20:16.297121,-3.9194436,8.88455,2.036292
2025-09-23T16:20:16.297139,-3.9338005,8.525627,2.0315065
2025-09-23T16:20:16.297156,-3.9864426,8.549556,1.9788643
2025-09-23T16:20:16.297174,-4.197011,8.669196,1.753939
2025-09-23T16:20:16.297193,-4.168297,8.853444,1.8329022
2025-09-23T16:20:16.438158,-4.1443686,8.585447,1.8568304
2025-09-23T16:20:16.451417,-4.165904,8.578269,1.7467605
2025-09-23T16:20:16.451463,-4.338187,8.784052,1.6007984
2025-09-23T16:20:16.451509,-4.4482574,8.779266,1.4596218
2025-09-23T16:20:16.451528,-4.345366,8.841479,1.3040884
2025-09-23T16:20:16.451547,-4.426722,8.812766,1.2897314
2025-09-23T16:20:16.451574,-4.520042,8.62134,1.3040884
2025-09-23T16:20:16.451592,-4.587041,8.681161,1.2203395
2025-09-23T16:20:16.451611,-4.6899323,8.650054,1.1940185
2025-09-23T16:20:16.451630,-4.7688956,8.595019,0.9906286
2025-09-23T16:20:16.451647,-4.709075,8.647661,0.6891329
2025-09-23T16:20:17.616291,-4.76411,8.563912,0.71306115
2025-09-23T16:20:17.814163,-4.7425747,8.566305,0.83030945
2025-09-23T16:20:17.814233,-4.7401814,8.659625,0.8350951
2025-09-23T16:20:17.814257,-4.8909297,8.575876,0.6867401
2025-09-23T16:20:17.814276,-4.9531426,8.535198,0.5599205
2025-09-23T16:20:17.814302,-4.938786,8.566305,0.54317075
2025-09-23T16:20:17.814327,-4.965107,8.525627,0.55752766
2025-09-23T16:20:17.814346,-5.022535,8.420342,0.567099
2025-09-23T16:20:17.814364,-5.0440702,8.480164,0.5814559
2025-09-23T16:20:17.814382,-4.9986067,8.58784,0.51445687
2025-09-23T16:20:17.814400,-4.898108,8.5112705,0.38524446
2025-09-23T16:20:17.814418,-4.814359,8.458628,0.34456646
2025-09-23T16:20:17.814436,-4.8933225,8.475378,0.3278167
2025-09-23T16:20:17.814454,-5.0512486,8.547162,0.33020952
2025-09-23T16:20:17.814472,-5.1182475,8.5423765,0.23928227
2025-09-23T16:20:17.814490,-5.087141,8.551949,0.21535404
2025-09-23T16:20:17.814508,-5.0416775,8.456235,0.26799613
2025-09-23T16:20:17.821193,-4.9842496,8.410771,0.29910284
2025-09-23T16:20:17.821258,-4.922036,8.520842,0.28713873
2025-09-23T16:20:17.821282,-4.895715,8.58784,0.2416751
2025-09-23T16:20:17.821302,-4.922036,8.585447,0.24885355
2025-09-23T16:20:17.821321,-5.0081778,8.484949,0.28953153
2025-09-23T16:20:17.821340,-4.9722853,8.41795,0.32542387
2025-09-23T16:20:17.821357,-4.9842496,8.480164,0.3062813
2025-09-23T16:20:17.821375,-5.089534,8.549556,0.20578274
2025-09-23T16:20:17.821392,-5.1206403,8.504091,0.17706887
2025-09-23T16:20:17.821410,-5.056034,8.453842,0.22492532
2025-09-23T16:20:17.821428,-4.910072,8.480164,0.29671
2025-09-23T16:20:17.821446,-4.907679,8.475378,0.31106696
2025-09-23T16:20:17.821464,-4.9340005,8.547162,0.22971097
2025-09-23T16:20:17.821483,-4.9459643,8.599805,0.18424734
2025-09-23T16:20:17.821503,-4.941179,8.556734,0.18664017
2025-09-23T16:20:17.821521,-4.9268217,8.429914,0.22013968
2025-09-23T16:20:17.821538,-4.9292145,8.350951,0.27517462
2025-09-23T16:20:17.821556,-4.922036,8.403593,0.28713873
2025-09-23T16:20:17.821584,-4.9579287,8.516056,0.27517462
2025-09-23T16:20:17.821602,-5.0273204,8.532805,0.22971097
2025-09-23T16:20:17.821621,-5.0392847,8.5016985,0.19860429
2025-09-23T16:20:17.821639,-5.0009995,8.446664,0.18424734
2025-09-23T16:20:17.821657,-4.9938207,8.425129,0.14596218
2025-09-23T16:20:17.821674,-4.989035,8.425129,0.15553348
2025-09-23T16:20:17.821692,-5.015356,8.46102,0.18903299
2025-09-23T16:20:17.821710,-5.032106,8.463413,0.24885355
2025-09-23T16:20:17.821728,-5.015356,8.49452,0.29671
2025-09-23T16:20:17.821766,-4.9674997,8.480164,0.25842485
2025-09-23T16:20:17.821784,-4.9459643,8.475378,0.1794617
2025-09-23T16:20:17.821802,-4.9579287,8.496913,0.148355
2025-09-23T16:20:17.821821,-4.991428,8.5016985,0.15314065
2025-09-23T16:20:17.821837,-5.022535,8.4682,0.16271193
2025-09-23T16:20:17.821854,-5.005785,8.427522,0.15792629
2025-09-23T16:20:17.821871,-4.9722853,8.456235,0.1794617
2025-09-23T16:20:17.821888,-4.991428,8.496913,0.1698904
2025-09-23T16:20:17.821906,-4.979464,8.532805,0.18903299
2025-09-23T16:20:17.895648,-4.965107,8.525627,0.21296121
2025-09-23T16:20:17.895710,-4.9172506,8.499306,0.22971097
2025-09-23T16:20:17.895733,-4.9340005,8.472985,0.21774685
2025-09-23T16:20:17.895754,-4.955536,8.441878,0.27038896
2025-09-23T16:20:17.895773,-4.955536,8.475378,0.29671
2025-09-23T16:20:17.895791,-4.955536,8.49452,0.2943172
2025-09-23T16:20:17.895809,-4.922036,8.5016985,0.24885355
2025-09-23T16:20:17.895827,-4.9172506,8.506484,0.2536392
2025-09-23T16:20:17.895844,-4.914858,8.492127,0.2847459
2025-09-23T16:20:17.895862,-4.948357,8.480164,0.27517462
2025-09-23T16:20:17.895881,-4.9459643,8.451449,0.25603202
2025-09-23T16:20:18.004597,-4.9268217,8.551949,0.27038896
2025-09-23T16:20:18.004676,-4.9363933,8.554341,0.24646074
2025-09-23T16:20:18.004699,-4.948357,8.4682,0.31106696
2025-09-23T16:20:18.004719,-4.907679,8.444271,0.35174492
2025-09-23T16:20:18.004738,-4.895715,8.504091,0.3804588
2025-09-23T16:20:18.004757,-4.910072,8.549556,0.35174492
2025-09-23T16:20:18.004775,-4.900501,8.563912,0.3469593
2025-09-23T16:20:18.004792,-4.8693943,8.499306,0.3469593
2025-09-23T16:20:18.004810,-4.895715,8.456235,0.36131623
2025-09-23T16:20:18.004829,-4.941179,8.456235,0.37806597
2025-09-23T16:20:18.096023,-4.9603214,8.49452,0.40438703
2025-09-23T16:20:18.110546,-4.9698925,8.492127,0.4019942
2025-09-23T16:20:18.110626,-4.9363933,8.506484,0.40438703
2025-09-23T16:20:18.110656,-4.907679,8.52802,0.38524446
2025-09-23T16:20:18.110675,-4.9363933,8.472985,0.34217364
2025-09-23T16:20:18.110694,-4.9363933,8.484949,0.28713873
2025-09-23T16:20:18.110712,-4.922036,8.513663,0.2943172
2025-09-23T16:20:18.110730,-4.910072,8.530413,0.3397808
2025-09-23T16:20:18.110748,-4.907679,8.539984,0.3684947
2025-09-23T16:20:18.110766,-4.900501,8.516056,0.35653058
2025-09-23T16:20:18.110784,-4.907679,8.5112705,0.3278167
2025-09-23T16:20:18.296970,-4.922036,8.477771,0.2943172
2025-09-23T16:20:18.394351,-4.922036,8.480164,0.32303107
2025-09-23T16:20:18.394422,-4.9435716,8.504091,0.35653058
2025-09-23T16:20:18.394445,-4.9698925,8.475378,0.3804588
2025-09-23T16:20:18.394466,-4.9196434,8.504091,0.3804588
2025-09-23T16:20:18.394485,-4.9340005,8.5112705,0.37088752
2025-09-23T16:20:18.394503,-4.9459643,8.477771,0.3684947
2025-09-23T16:20:18.394521,-4.9459643,8.4682,0.35174492
2025-09-23T16:20:18.394539,-4.9268217,8.472985,0.34456646
2025-09-23T16:20:18.394557,-4.9531426,8.492127,0.3493521
2025-09-23T16:20:18.394583,-4.9435716,8.520842,0.34456646
2025-09-23T16:20:18.582574,-4.910072,8.532805,0.38524446
2025-09-23T16:20:18.582643,-4.9052863,8.518449,0.3684947
2025-09-23T16:20:18.582676,-4.9268217,8.482556,0.37328035
2025-09-23T16:20:18.582696,-4.9459643,8.508878,0.3804588
2025-09-23T16:20:18.582714,-4.9196434,8.513663,0.3804588
2025-09-23T16:20:18.582732,-4.9363933,8.520842,0.38285163
2025-09-23T16:20:18.582750,-4.922036,8.482556,0.44506502
2025-09-23T16:20:18.582768,-4.8598228,8.484949,0.45942193
2025-09-23T16:20:18.582786,-4.8646083,8.506484,0.43070808
2025-09-23T16:20:18.582804,-4.8693943,8.523234,0.3900301
2025-09-23T16:20:18.768099,-4.8789654,8.508878,0.31585258
2025-09-23T16:20:18.768175,-4.8789654,8.492127,0.2727818
2025-09-23T16:20:18.768203,-4.883751,8.482556,0.27038896
2025-09-23T16:20:18.768223,-4.900501,8.508878,0.3062813
2025-09-23T16:20:18.768242,-4.8909297,8.5423765,0.3278167
2025-09-23T16:20:18.768260,-4.8454657,8.547162,0.31585258
2025-09-23T16:20:18.768278,-4.8526444,8.559127,0.32063824
2025-09-23T16:20:18.768296,-4.8526444,8.544769,0.32303107
2025-09-23T16:20:18.768314,-4.8382874,8.549556,0.32303107
2025-09-23T16:20:18.768332,-4.8454657,8.530413,0.31345975
2025-09-23T16:20:18.768350,-4.87418,8.487342,0.30388847
2025-09-23T16:20:18.892192,-4.907679,8.492127,0.33738798
2025-09-23T16:20:18.892254,-4.883751,8.520842,0.37328035
2025-09-23T16:20:18.892276,-4.8622155,8.539984,0.37328035
2025-09-23T16:20:18.892295,-4.84068,8.56152,0.3469593
2025-09-23T16:20:18.892314,-4.8598228,8.563912,0.33260235
2025-09-23T16:20:18.892332,-4.8502517,8.539984,0.34217364
2025-09-23T16:20:18.892350,-4.8191447,8.549556,0.3278167
2025-09-23T16:20:18.892368,-4.7808595,8.530413,0.27038896
2025-09-23T16:20:18.892386,-4.7808595,8.549556,0.27996024
2025-09-23T16:20:18.892404,-4.8287163,8.5016985,0.34456646
2025-09-23T16:20:18.892422,-4.871787,8.492127,0.3924229
2025-09-23T16:20:19.036059,-4.8861437,8.5423765,0.38524446
2025-09-23T16:20:19.167005,-4.881358,8.573483,0.3684947
2025-09-23T16:20:19.167071,-4.855037,8.559127,0.3397808
2025-09-23T16:20:19.167102,-4.8239303,8.544769,0.3182454
2025-09-23T16:20:19.167122,-4.8047876,8.539984,0.3278167
2025-09-23T16:20:19.167140,-4.8239303,8.532805,0.3397808
2025-09-23T16:20:19.167158,-4.871787,8.551949,0.3278167
2025-09-23T16:20:19.167176,-4.912465,8.523234,0.3493521
2025-09-23T16:20:19.167195,-4.907679,8.504091,0.3182454
2025-09-23T16:20:19.167213,-4.883751,8.537591,0.32063824
2025-09-23T16:20:19.243816,-4.855037,8.544769,0.33738798
2025-09-23T16:20:19.395884,-4.8454657,8.532805,0.35653058
2025-09-23T16:20:19.395954,-4.8765726,8.5112705,0.37806597
2025-09-23T16:20:19.396001,-4.8861437,8.504091,0.38285163
2025-09-23T16:20:19.396020,-4.912465,8.516056,0.4019942
2025-09-23T16:20:19.396038,-4.9052863,8.499306,0.37567315
2025-09-23T16:20:19.396055,-4.881358,8.513663,0.3684947
2025-09-23T16:20:19.396073,-4.8789654,8.525627,0.39960137
2025-09-23T16:20:19.396100,-4.9052863,8.549556,0.39481574
2025-09-23T16:20:19.396124,-4.938786,8.5423765,0.38285163
2025-09-23T16:20:19.396159,-4.9052863,8.551949,0.37806597
2025-09-23T16:20:19.446279,-4.8789654,8.518449,0.38524446
2025-09-23T16:20:19.736435,-4.8909297,8.5016985,0.34456646
2025-09-23T16:20:19.736515,-4.907679,8.525627,0.3589234
2025-09-23T16:20:19.736553,-4.907679,8.535198,0.3684947
2025-09-23T16:20:19.736584,-4.922036,8.49452,0.33499518
2025-09-23T16:20:19.736613,-4.9435716,8.463413,0.35174492
2025-09-23T16:20:19.736631,-4.95075,8.480164,0.39720857
2025-09-23T16:20:19.736650,-4.9172506,8.449057,0.4331009
2025-09-23T16:20:19.736668,-4.881358,8.482556,0.38524446
2025-09-23T16:20:19.736686,-4.8885365,8.520842,0.33260235
2025-09-23T16:20:19.736711,-4.8598228,8.5112705,0.33020952
2025-09-23T16:20:19.736735,-4.8622155,8.551949,0.37088752
2025-09-23T16:20:19.736755,-4.8646083,8.539984,0.36131623
2025-09-23T16:20:19.736772,-4.881358,8.52802,0.3589234
2025-09-23T16:20:19.736790,-4.910072,8.516056,0.32542387
2025-09-23T16:20:19.736808,-4.895715,8.492127,0.32542387
2025-09-23T16:20:19.736826,-4.8885365,8.518449,0.3182454
2025-09-23T16:20:19.889544,-4.9052863,8.544769,0.34456646
2025-09-23T16:20:19.889628,-4.910072,8.496913,0.34217364
2025-09-23T16:20:19.889653,-4.900501,8.504091,0.36610186
2025-09-23T16:20:19.889674,-4.907679,8.496913,0.37806597
2025-09-23T16:20:19.889698,-4.914858,8.518449,0.37567315
2025-09-23T16:20:19.889721,-4.9268217,8.518449,0.3397808
2025-09-23T16:20:19.889742,-4.910072,8.489735,0.3493521
2025-09-23T16:20:19.889763,-4.938786,8.453842,0.33738798
2025-09-23T16:20:19.889787,-4.965107,8.477771,0.37088752
2025-09-23T16:20:19.889811,-4.941179,8.513663,0.3900301
2025-09-23T16:20:19.889837,-4.9196434,8.532805,0.37088752
2025-09-23T16:20:19.889872,-4.9268217,8.516056,0.33738798
2025-09-23T16:20:19.889895,-4.9363933,8.539984,0.33260235
2025-09-23T16:20:19.889920,-4.924429,8.551949,0.31106696
2025-09-23T16:20:19.889944,-4.9340005,8.480164,0.32303107
2025-09-23T16:20:20.040664,-4.9268217,8.444271,0.35413775
2025-09-23T16:20:20.054677,-4.9052863,8.492127,0.38285163
2025-09-23T16:20:20.054725,-4.9340005,8.556734,0.3493521
2025-09-23T16:20:20.054761,-5.0105705,8.535198,0.31345975
2025-09-23T16:20:20.054781,-5.0536413,8.480164,0.2943172
2025-09-23T16:20:20.054800,-5.0368915,8.463413,0.31106696
2025-09-23T16:20:20.054818,-5.0009995,8.425129,0.3397808
2025-09-23T16:20:20.054836,-4.9842496,8.441878,0.35653058
2025-09-23T16:20:20.054854,-4.9292145,8.532805,0.29192436
2025-09-23T16:20:20.054878,-4.9340005,8.56152,0.25603202
2025-09-23T16:20:20.054901,-5.144569,8.518449,0.31585258
2025-09-23T16:20:20.219131,-5.1732826,8.535198,0.38763726
2025-09-23T16:20:20.336427,-5.0847483,8.453842,0.45942193
2025-09-23T16:20:20.336525,-4.871787,8.46102,0.34217364
2025-09-23T16:20:20.336588,-4.8047876,8.391629,0.25124636
2025-09-23T16:20:20.336809,-4.881358,8.662018,0.18185452
2025-09-23T16:20:20.336896,-4.8358946,8.650054,0.17706887
2025-09-23T16:20:20.336920,-4.867001,8.573483,0.16031912
2025-09-23T16:20:20.336940,-5.0129633,8.52802,0.08853444
2025-09-23T16:20:20.336959,-5.020142,8.463413,0.06699903
2025-09-23T16:20:20.458961,-5.123033,8.578269,0.148355
2025-09-23T16:20:20.542873,-5.070391,8.595019,0.21535404
2025-09-23T16:20:20.542940,-4.9698925,8.580662,0.30149564
2025-09-23T16:20:20.542971,-4.800002,8.647661,0.32063824
2025-09-23T16:20:20.542991,-4.802395,8.595019,0.32542387
2025-09-23T16:20:20.543010,-4.8502517,8.676374,0.3493521
2025-09-23T16:20:20.543027,-4.814359,8.640483,0.4761717
2025-09-23T16:20:20.543045,-4.7808595,8.602198,0.5288138
2025-09-23T16:20:20.543063,-4.7712884,8.618947,0.53599226
2025-09-23T16:20:20.543081,-4.6755753,8.669196,0.59342
2025-09-23T16:20:20.543099,-4.599005,8.662018,0.62931234
2025-09-23T16:20:20.641866,-4.5487556,8.666803,0.7968099
2025-09-23T16:20:20.665353,-4.5655055,8.69791,0.99302137
2025-09-23T16:20:20.665407,-4.520042,8.7266245,1.1270195
2025-09-23T16:20:20.665445,-4.4674,8.63809,1.1796615
2025-09-23T16:20:20.665473,-4.4674,8.606983,1.2083755
2025-09-23T16:20:20.665498,-4.4841495,8.6548395,1.3064811
2025-09-23T16:20:20.665516,-4.465007,8.669196,1.4524434
2025-09-23T16:20:20.665534,-4.3812585,8.750552,1.5577276
2025-09-23T16:20:20.665552,-4.386044,8.69791,1.5960127
2025-09-23T16:20:20.665576,-4.3836513,8.669196,1.7108682
2025-09-23T16:20:20.827687,-4.2592244,8.717052,1.8496519
2025-09-23T16:20:20.963721,-4.1108694,8.750552,1.9597218
2025-09-23T16:20:20.963793,-4.024728,8.662018,2.0721843
2025-09-23T16:20:20.963822,-3.9170506,8.599805,2.2061825
2025-09-23T16:20:20.963841,-3.7998023,8.583055,2.333002
2025-09-23T16:20:20.963860,-3.845266,8.499306,2.5028925
2025-09-23T16:20:20.963878,-3.8787656,8.5112705,2.7972097
2025-09-23T16:20:20.963896,-3.682554,8.523234,2.9575288
2025-09-23T16:20:20.963914,-3.493521,8.487342,2.9312077
2025-09-23T16:20:20.963932,-3.4408789,8.563912,2.9647074
2025-09-23T16:20:20.963950,-3.3786657,8.611769,3.1058838
2025-09-23T16:20:21.199939,-3.3906298,8.525627,3.3092737
2025-09-23T16:20:21.200008,-3.3690944,8.449057,3.5030923
2025-09-23T16:20:21.200038,-3.2949169,8.391629,3.6490545
2025-09-23T16:20:21.200058,-3.1537402,8.226524,3.871587
2025-09-23T16:20:21.200077,-3.0747771,8.240881,3.8931224
2025-09-23T16:20:21.200095,-2.9742785,8.312666,4.1036906
2025-09-23T16:20:21.200113,-2.955136,8.413164,4.208975
2025-09-23T16:20:21.200130,-2.8833513,8.334201,4.2448673
2025-09-23T16:20:21.200148,-2.7684958,8.200203,4.345366
2025-09-23T16:20:21.200166,-2.6344976,8.157132,4.503292
2025-09-23T16:20:21.200184,-2.6129622,8.183454,4.6731825
2025-09-23T16:20:21.720660,-2.5722845,8.111669,4.718646
2025-09-23T16:20:21.720726,-2.4119651,8.035098,4.752146
2025-09-23T16:20:21.720755,-2.2085752,7.9106717,4.855037
2025-09-23T16:20:21.720775,-1.9262222,7.704889,5.046463
2025-09-23T16:20:21.720794,-1.698904,7.5062847,5.218746
2025-09-23T16:20:21.720812,-1.5672989,7.475178,5.3718867
2025-09-23T16:20:21.720830,-1.4739788,7.4943204,5.682954
2025-09-23T16:20:21.720848,-1.4524434,7.496713,5.9342003
2025-09-23T16:20:21.720865,-1.4835501,7.585248,6.0155563
2025-09-23T16:20:21.720883,-1.5840486,7.501499,6.099305
2025-09-23T16:20:21.720901,-1.5337993,7.3196445,6.3338017
2025-09-23T16:20:21.720919,-1.3806586,7.259824,6.472585
2025-09-23T16:20:21.720937,-1.1988041,7.2119675,6.489335
2025-09-23T16:20:21.720956,-0.79920274,7.0492554,6.6161547
2025-09-23T16:20:21.720974,-0.51445687,6.8051877,6.836294
2025-09-23T16:20:21.720992,-0.5383851,6.6711893,7.015756
2025-09-23T16:20:21.721010,-0.37328035,6.570691,7.3172517
2025-09-23T16:20:21.721028,-0.2536392,6.7429743,7.312466
2025-09-23T16:20:21.721046,0.040677983,6.6424756,7.338787
2025-09-23T16:20:21.721064,0.35413775,6.4797635,7.4847493
2025-09-23T16:20:21.721081,0.49052864,6.276374,7.618747
2025-09-23T16:20:21.721099,0.6867401,6.398408,7.7120676
2025-09-23T16:20:21.721117,0.7513463,6.5659056,7.6570325
2025-09-23T16:20:21.721134,1.1509477,6.3338017,7.609176
2025-09-23T16:20:21.721152,1.4333007,6.206982,7.7216387
2025-09-23T16:20:21.721169,1.861616,5.7834525,7.8029947
2025-09-23T16:20:21.747670,2.321038,5.501099,7.9034934
2025-09-23T16:20:21.747755,3.07717,5.1421757,8.023134
2025-09-23T16:20:21.747784,3.7854455,5.3216376,8.195417
2025-09-23T16:20:21.747805,2.6871397,6.0011992,8.063812
2025-09-23T16:20:21.747824,2.3353949,5.8217373,7.7479596
2025-09-23T16:20:21.747846,2.050649,5.73081,7.54457
2025-09-23T16:20:21.840039,1.8927227,5.4221363,8.386844
2025-09-23T16:20:22.068994,1.9932213,5.4293146,8.9348
2025-09-23T16:20:22.069075,2.3114667,5.1852465,8.769695
2025-09-23T16:20:22.069097,2.565106,5.45085,8.427522
2025-09-23T16:20:22.069117,2.9479575,5.1469617,8.252846
2025-09-23T16:20:22.069136,3.1609187,4.9866424,8.133204
2025-09-23T16:20:22.069155,2.993421,5.2498527,8.382058
2025-09-23T16:20:22.069173,2.6895328,5.5657053,8.34138
2025-09-23T16:20:22.069191,2.9216363,5.139783,8.200203
2025-09-23T16:20:22.069209,2.7062824,5.1326046,8.12124
2025-09-23T16:20:22.069227,2.6009982,5.1206403,8.274381
2025-09-23T16:20:22.069244,2.5531418,5.204389,8.2145605
2025-09-23T16:20:22.069274,2.239682,5.156533,8.013563
2025-09-23T16:20:22.069298,2.2827528,4.9938207,8.059027
2025-09-23T16:20:22.069327,2.4622145,5.252246,8.078169
2025-09-23T16:20:22.069345,2.3808584,5.2331033,7.958528
2025-09-23T16:20:22.069363,2.5722845,5.3240304,7.7407813
2025-09-23T16:20:22.069381,2.6703901,5.0656056,7.874779
2025-09-23T16:20:22.102876,2.5339992,5.0344987,8.097312
2025-09-23T16:20:22.102947,2.6632116,5.17089,8.389236
2025-09-23T16:20:22.102971,2.8594232,4.7569313,8.305488
2025-09-23T16:20:22.225554,2.8642087,4.833502,8.257631
2025-09-23T16:20:22.286939,2.9072795,4.8789654,8.29113
2025-09-23T16:20:22.287004,2.5818555,4.8526444,8.252846
2025-09-23T16:20:22.287034,2.6991038,4.65404,8.312666
2025-09-23T16:20:22.287054,2.8283165,4.8502517,8.547162
2025-09-23T16:20:22.287072,2.7014968,4.7569313,8.298309
2025-09-23T16:20:22.287090,2.6895328,4.7306104,8.23131
2025-09-23T16:20:22.287108,2.725425,4.9316072,8.403593
2025-09-23T16:20:22.287125,2.7421749,4.610969,8.396415
2025-09-23T16:20:22.287143,2.7876384,4.692325,8.2145605
2025-09-23T16:20:22.287161,2.78046,4.8047876,8.32463
2025-09-23T16:20:22.576720,2.7972097,4.7952166,8.17149
2025-09-23T16:20:22.576791,2.8307092,4.6325045,8.207381
2025-09-23T16:20:22.576814,2.5818555,4.7784667,8.26481
2025-09-23T16:20:22.576836,2.7948167,4.429115,8.415557
2025-09-23T16:20:22.576854,2.6344976,4.668397,8.238488
2025-09-23T16:20:22.576872,2.4670002,4.7784667,8.269595
2025-09-23T16:20:22.576890,2.4670002,4.615755,8.3174515
2025-09-23T16:20:22.576920,2.5674987,4.5798626,8.432307
2025-09-23T16:20:22.576938,2.6273193,4.5631127,8.439486
2025-09-23T16:20:22.576956,2.751746,4.5678983,8.405986
2025-09-23T16:20:22.619935,2.8881369,4.6755753,8.422736
2025-09-23T16:20:22.677492,2.955136,4.6899323,8.288737
2025-09-23T16:20:22.677614,3.0005996,4.6564326,8.099705
2025-09-23T16:20:22.677666,2.952743,4.74736,8.16431
2025-09-23T16:20:22.677712,2.9910283,4.8526444,8.161918
2025-09-23T16:20:22.677758,3.278167,4.520042,8.178668
2025-09-23T16:20:22.677803,3.0963125,4.6612186,8.149954
2025-09-23T16:20:22.677846,3.0819557,4.599005,8.257631
2025-09-23T16:20:22.677891,3.1369905,4.601398,8.255239
2025-09-23T16:20:22.677936,3.2207394,4.666004,8.219346
2025-09-23T16:20:22.677980,3.3020952,4.706682,8.123632
2025-09-23T16:20:22.875869,3.2853456,4.7210393,8.0614195
2025-09-23T16:20:22.943172,3.333202,4.723432,7.999206
2025-09-23T16:20:22.943272,3.3714871,4.7018967,8.015956
2025-09-23T16:20:22.943323,3.3020952,4.7018967,8.073383
2025-09-23T16:20:22.943370,3.249453,4.6875396,8.133204
2025-09-23T16:20:22.943415,3.225525,4.6636114,8.176275
2025-09-23T16:20:22.943460,3.1944182,4.6492543,8.181061
2025-09-23T16:20:22.943504,3.1848469,4.6205406,8.190632
2025-09-23T16:20:22.943548,3.199204,4.634897,8.178668
2025-09-23T16:20:22.943607,3.2279177,4.668397,8.126026
2025-09-23T16:20:22.943653,3.2183464,4.692325,8.135597
2025-09-23T16:20:23.035187,3.199204,4.7018967,8.16431
2025-09-23T16:20:23.060060,3.1848469,4.6899323,8.159525
2025-09-23T16:20:23.060157,3.1752756,4.6612186,8.190632
2025-09-23T16:20:23.060224,3.17049,4.634897,8.17149
2025-09-23T16:20:23.060270,3.158526,4.666004,8.13799
2025-09-23T16:20:23.060323,3.1322048,4.6492543,8.135597
2025-09-23T16:20:23.060368,3.1345978,4.6612186,8.130812
2025-09-23T16:20:23.060414,3.1345978,4.666004,8.1738825
2025-09-23T16:20:23.060459,3.158526,4.699504,8.147561
2025-09-23T16:20:23.060503,3.1465619,4.6779685,8.12124
2025-09-23T16:20:23.060548,3.1058838,4.6779685,8.118847
2025-09-23T16:20:23.232635,3.0939198,4.658826,8.154739
2025-09-23T16:20:23.271637,3.1465619,4.666004,8.195417
2025-09-23T16:20:23.271691,3.1920254,4.6372905,8.178668
2025-09-23T16:20:23.271712,3.1345978,4.6492543,8.1738825
2025-09-23T16:20:23.271729,3.089134,4.6707897,8.140383
2025-09-23T16:20:23.271746,3.050849,4.694718,8.161918
2025-09-23T16:20:23.271763,3.1202407,4.6875396,8.169097
2025-09-23T16:20:23.271781,3.1513474,4.685147,8.152347
2025-09-23T16:20:23.271800,3.1609187,4.651647,8.166703
2025-09-23T16:20:23.271816,3.1657043,4.6229334,8.178668
2025-09-23T16:20:23.271839,3.1274192,4.6731825,8.147561
2025-09-23T16:20:23.436903,3.117848,4.666004,8.147561
2025-09-23T16:20:23.492049,3.1130621,4.699504,8.16431
2025-09-23T16:20:23.492136,3.1393833,4.685147,8.147561
2025-09-23T16:20:23.492157,3.1561332,4.6875396,8.126026
2025-09-23T16:20:23.492175,3.1489546,4.7018967,8.12124
2025-09-23T16:20:23.492192,3.1226335,4.7210393,8.123632
2025-09-23T16:20:23.492209,3.1369905,4.682754,8.152347
2025-09-23T16:20:23.492226,3.1728828,4.6636114,8.159525
2025-09-23T16:20:23.492242,3.1274192,4.658826,8.126026
2025-09-23T16:20:23.492261,3.103491,4.6803613,8.152347
2025-09-23T16:20:23.632848,3.1082766,4.692325,8.142776
2025-09-23T16:20:23.800072,3.0675986,4.694718,8.157132
2025-09-23T16:20:23.800164,3.07717,4.682754,8.157132
2025-09-23T16:20:23.800186,3.0556345,4.692325,8.181061
2025-09-23T16:20:23.800204,3.1322048,4.692325,8.190632
2025-09-23T16:20:23.800222,3.1633115,4.6636114,8.169097
2025-09-23T16:20:23.800239,3.182454,4.685147,8.12124
2025-09-23T16:20:23.800256,3.141776,4.6875396,8.111669
2025-09-23T16:20:23.800273,3.117848,4.706682,8.118847
2025-09-23T16:20:23.800291,3.1345978,4.685147,8.118847
2025-09-23T16:20:23.800311,3.1537402,4.682754,8.142776
2025-09-23T16:20:23.829536,3.1800613,4.6875396,8.140383
2025-09-23T16:20:23.829647,3.1537402,4.694718,8.149954
2025-09-23T16:20:23.829671,3.141776,4.7162533,8.123632
2025-09-23T16:20:23.829690,3.1393833,4.694718,8.126026
2025-09-23T16:20:23.829708,3.1226335,4.6875396,8.140383
2025-09-23T16:20:23.829726,3.158526,4.6731825,8.135597
2025-09-23T16:20:23.829743,3.1657043,4.682754,8.140383
2025-09-23T16:20:23.829759,3.1561332,4.692325,8.128419
2025-09-23T16:20:23.829775,3.1489546,4.6755753,8.152347
2025-09-23T16:20:23.829793,3.1513474,4.6779685,8.152347
2025-09-23T16:20:24.015901,3.1489546,4.682754,8.149954
2025-09-23T16:20:24.042655,3.158526,4.6731825,8.147561
2025-09-23T16:20:24.042702,3.1561332,4.694718,8.118847
2025-09-23T16:20:24.042741,3.141776,4.682754,8.128419
2025-09-23T16:20:24.042761,3.1345978,4.694718,8.130812
2025-09-23T16:20:24.042780,3.1441689,4.682754,8.145168
2025-09-23T16:20:24.042798,3.1561332,4.692325,8.116454
2025-09-23T16:20:24.042816,3.117848,4.6803613,8.149954
2025-09-23T16:20:24.042834,3.1369905,4.6875396,8.142776
2025-09-23T16:20:24.042852,3.129812,4.6731825,8.176275
2025-09-23T16:20:24.221776,3.1322048,4.6971107,8.176275
2025-09-23T16:20:24.318617,3.1345978,4.6875396,8.161918
2025-09-23T16:20:24.318687,3.0939198,4.685147,8.130812
2025-09-23T16:20:24.318709,3.1154552,4.668397,8.140383
2025-09-23T16:20:24.318729,3.1322048,4.658826,8.166703
2025-09-23T16:20:24.318747,3.1513474,4.6899323,8.166703
2025-09-23T16:20:24.318766,3.1633115,4.6899323,8.114061
2025-09-23T16:20:24.318783,3.1537402,4.706682,8.111669
2025-09-23T16:20:24.318800,3.158526,4.7114677,8.118847
2025-09-23T16:20:24.318816,3.1561332,4.7018967,8.13799
2025-09-23T16:20:24.318845,3.158526,4.685147,8.130812
2025-09-23T16:20:24.416100,3.158526,4.685147,8.130812
2025-09-23T16:20:24.539468,3.141776,4.6612186,8.133204
2025-09-23T16:20:24.539532,3.1393833,4.668397,8.149954
2025-09-23T16:20:24.539554,3.0987053,4.6899323,8.1738825
2025-09-23T16:20:24.539582,3.1082766,4.6875396,8.178668
2025-09-23T16:20:24.539601,3.0939198,4.658826,8.166703
2025-09-23T16:20:24.539619,3.1130621,4.685147,8.147561
2025-09-23T16:20:24.539637,3.1393833,4.6755753,8.133204
2025-09-23T16:20:24.539655,3.1441689,4.6636114,8.147561
2025-09-23T16:20:24.539673,3.1633115,4.6636114,8.147561
2025-09-23T16:20:24.539705,3.1513474,4.682754,8.147561
2025-09-23T16:20:24.614261,3.1250265,4.6779685,8.147561
2025-09-23T16:20:24.630802,3.1322048,4.6755753,8.133204
2025-09-23T16:20:24.630900,3.1130621,4.6803613,8.123632
2025-09-23T16:20:24.630951,3.1250265,4.692325,8.130812
2025-09-23T16:20:24.630998,3.1345978,4.6875396,8.16431
2025-09-23T16:20:24.631044,3.1680973,4.6564326,8.195417
2025-09-23T16:20:24.631089,3.17049,4.6612186,8.1738825
2025-09-23T16:20:24.631135,3.1369905,4.6468616,8.188239
2025-09-23T16:20:24.631180,3.1082766,4.6325045,8.176275
2025-09-23T16:20:24.631254,3.1345978,4.682754,8.181061
2025-09-23T16:20:24.819010,3.1633115,4.6803613,8.166703
2025-09-23T16:20:24.859795,3.1441689,4.685147,8.128419
2025-09-23T16:20:24.859898,3.1561332,4.6899323,8.099705
2025-09-23T16:20:24.859948,3.1369905,4.699504,8.085348
2025-09-23T16:20:24.859994,3.1800613,4.6731825,8.126026
2025-09-23T16:20:24.860039,3.1537402,4.666004,8.161918
2025-09-23T16:20:24.860082,3.1345978,4.6612186,8.152347
2025-09-23T16:20:24.860125,3.1441689,4.682754,8.135597
2025-09-23T16:20:24.860169,3.1609187,4.6875396,8.142776
2025-09-23T16:20:24.860212,3.1680973,4.6803613,8.145168
2025-09-23T16:20:24.860274,3.1680973,4.6707897,8.166703
2025-09-23T16:20:25.039804,3.17049,4.6564326,8.142776
2025-09-23T16:20:25.066033,3.1345978,4.6755753,8.176275
2025-09-23T16:20:25.066130,3.1345978,4.6564326,8.166703
2025-09-23T16:20:25.066180,3.1561332,4.6875396,8.140383
2025-09-23T16:20:25.066227,3.1513474,4.6731825,8.161918
2025-09-23T16:20:25.066271,3.158526,4.6755753,8.145168
2025-09-23T16:20:25.066315,3.1609187,4.666004,8.140383
2025-09-23T16:20:25.066359,3.1345978,4.658826,8.130812
2025-09-23T16:20:25.066403,3.1489546,4.6636114,8.147561
2025-09-23T16:20:25.066447,3.1369905,4.694718,8.128419
2025-09-23T16:20:25.066512,3.1274192,4.668397,8.13799
2025-09-23T16:20:25.229085,3.1393833,4.6636114,8.1738825
2025-09-23T16:20:25.367654,3.1489546,4.651647,8.193025
2025-09-23T16:20:25.367924,3.1848469,4.642076,8.157132
2025-09-23T16:20:25.367978,3.1633115,4.651647,8.149954
2025-09-23T16:20:25.368000,3.1609187,4.668397,8.149954
2025-09-23T16:20:25.368019,3.1776686,4.6803613,8.152347
2025-09-23T16:20:25.368038,3.1633115,4.6803613,8.147561
2025-09-23T16:20:25.368056,3.1393833,4.6707897,8.145168
2025-09-23T16:20:25.368074,3.1369905,4.6899323,8.109276
2025-09-23T16:20:25.368104,3.1489546,4.6779685,8.10449
2025-09-23T16:20:25.499924,3.1561332,4.692325,8.12124
2025-09-23T16:20:25.500000,3.1537402,4.6612186,8.147561
2025-09-23T16:20:25.500023,3.1657043,4.6564326,8.1738825
2025-09-23T16:20:25.500043,3.1489546,4.6396832,8.181061
2025-09-23T16:20:25.500061,3.1465619,4.6636114,8.159525
2025-09-23T16:20:25.500089,3.1393833,4.6755753,8.149954
2025-09-23T16:20:25.500144,3.1345978,4.6707897,8.145168
2025-09-23T16:20:25.500163,3.129812,4.6803613,8.154739
2025-09-23T16:20:25.500180,3.1441689,4.658826,8.159525
2025-09-23T16:20:25.500198,3.1441689,4.6755753,8.154739
2025-09-23T16:20:25.500230,3.141776,4.6803613,8.161918
2025-09-23T16:20:25.618985,3.1369905,4.6803613,8.152347
2025-09-23T16:20:25.782844,3.1537402,4.6707897,8.142776
2025-09-23T16:20:25.782912,3.1489546,4.7018967,8.140383
2025-09-23T16:20:25.782946,3.1465619,4.6612186,8.140383
2025-09-23T16:20:25.782965,3.1609187,4.6755753,8.140383
2025-09-23T16:20:25.782985,3.1369905,4.658826,8.133204
2025-09-23T16:20:25.783003,3.1345978,4.6636114,8.152347
2025-09-23T16:20:25.783020,3.1345978,4.666004,8.188239
2025-09-23T16:20:25.783038,3.1537402,4.6803613,8.185846
2025-09-23T16:20:25.783055,3.1752756,4.658826,8.16431
2025-09-23T16:20:25.783089,3.1465619,4.658826,8.147561
2025-09-23T16:20:25.878532,3.1226335,4.6803613,8.159525
2025-09-23T16:20:25.878601,3.158526,4.6875396,8.142776
2025-09-23T16:20:25.878623,3.1441689,4.6875396,8.145168
2025-09-23T16:20:25.878642,3.1489546,4.6755753,8.135597
2025-09-23T16:20:25.878661,3.1441689,4.6612186,8.111669
2025-09-23T16:20:25.878679,3.1537402,4.6875396,8.12124
2025-09-23T16:20:25.878697,3.1441689,4.692325,8.13799
2025-09-23T16:20:25.878714,3.141776,4.6612186,8.145168
2025-09-23T16:20:25.878732,3.1322048,4.668397,8.152347
2025-09-23T16:20:25.878750,3.1274192,4.6564326,8.157132
2025-09-23T16:20:25.878778,3.1513474,4.65404,8.154739
2025-09-23T16:20:26.023097,3.141776,4.6803613,8.152347
2025-09-23T16:20:26.146415,3.1465619,4.682754,8.159525
2025-09-23T16:20:26.146479,3.1441689,4.668397,8.149954
2025-09-23T16:20:26.146501,3.141776,4.6707897,8.169097
2025-09-23T16:20:26.146520,3.1369905,4.658826,8.181061
2025-09-23T16:20:26.146539,3.141776,4.6492543,8.16431
2025-09-23T16:20:26.146573,3.1322048,4.6612186,8.157132
2025-09-23T16:20:26.146598,3.1537402,4.706682,8.128419
2025-09-23T16:20:26.146616,3.1680973,4.699504,8.130812
2025-09-23T16:20:26.146644,3.1154552,4.694718,8.147561
2025-09-23T16:20:26.263046,3.1082766,4.6875396,8.154739
2025-09-23T16:20:26.263126,3.129812,4.6564326,8.152347
2025-09-23T16:20:26.263148,3.1369905,4.6803613,8.126026
2025-09-23T16:20:26.263175,3.1250265,4.6779685,8.169097
2025-09-23T16:20:26.263194,3.1058838,4.6899323,8.149954
2025-09-23T16:20:26.263212,3.117848,4.6971107,8.188239
2025-09-23T16:20:26.263230,3.1369905,4.682754,8.176275
2025-09-23T16:20:26.263248,3.117848,4.699504,8.16431
2025-09-23T16:20:26.263266,3.1202407,4.6899323,8.157132
2025-09-23T16:20:26.263284,3.141776,4.6707897,8.178668
2025-09-23T16:20:26.263316,3.1393833,4.651647,8.142776
2025-09-23T16:20:26.421607,3.0747771,4.6755753,8.094919
2025-09-23T16:20:26.541534,3.0604203,4.699504,8.13799
2025-09-23T16:20:26.541618,3.141776,4.692325,8.157132
2025-09-23T16:20:26.541663,3.158526,4.6636114,8.176275
2025-09-23T16:20:26.541683,3.1226335,4.6325045,8.178668
2025-09-23T16:20:26.541702,3.0915267,4.6301117,8.19781
2025-09-23T16:20:26.541720,3.0867412,4.6636114,8.176275
2025-09-23T16:20:26.541738,3.1322048,4.6564326,8.161918
2025-09-23T16:20:26.541756,3.1345978,4.6612186,8.195417
2025-09-23T16:20:26.541790,3.1202407,4.6707897,8.2456665
2025-09-23T16:20:26.634856,3.1082766,4.6636114,8.178668
2025-09-23T16:20:26.843253,3.1537402,4.694718,8.090134
2025-09-23T16:20:26.843323,3.1154552,4.706682,8.087741
2025-09-23T16:20:26.843344,3.0699914,4.6492543,8.17149
2025-09-23T16:20:26.843363,3.048456,4.6612186,8.248059
2025-09-23T16:20:26.843380,3.050849,4.6899323,8.228917
2025-09-23T16:20:26.843397,3.0795627,4.709075,8.149954
2025-09-23T16:20:26.843413,3.1202407,4.7138605,8.12124
2025-09-23T16:20:26.843430,3.0723844,4.6971107,8.118847
2025-09-23T16:20:26.843447,3.062813,4.6971107,8.152347
2025-09-23T16:20:26.843462,3.048456,4.7282176,8.202596
2025-09-23T16:20:26.843479,3.0843484,4.723432,8.212168
2025-09-23T16:20:26.843495,3.089134,4.65404,8.209774
2025-09-23T16:20:26.843512,3.0556345,4.6492543,8.2456665
2025-09-23T16:20:26.843528,3.0532417,4.6731825,8.262417
2025-09-23T16:20:26.843545,3.0604203,4.6779685,8.228917
2025-09-23T16:20:26.843561,3.1082766,4.6612186,8.212168
2025-09-23T16:20:26.843588,3.103491,4.694718,8.188239
2025-09-23T16:20:26.847276,3.089134,4.725825,8.193025
2025-09-23T16:20:26.847334,3.1369905,4.76411,8.279166
2025-09-23T16:20:26.847358,3.2135608,4.759324,8.224132
2025-09-23T16:20:26.847379,3.0317063,4.7784667,8.106883
2025-09-23T16:20:27.023841,3.0652058,4.6229334,8.441878
2025-09-23T16:20:27.030643,3.1465619,4.644469,8.52802
2025-09-23T16:20:27.030685,3.211168,4.5918264,8.367701
2025-09-23T16:20:27.030706,3.2159536,4.625326,8.396415
2025-09-23T16:20:27.030724,3.2542388,4.6899323,8.597412
2025-09-23T16:20:27.030744,3.010171,4.6301117,8.17149
2025-09-23T16:20:27.030762,2.9431717,4.5391846,8.449057
2025-09-23T16:20:27.030780,3.2949169,4.8598228,8.595019
2025-09-23T16:20:27.030798,3.0867412,4.749753,8.391629
2025-09-23T16:20:27.030822,2.9647074,4.4195433,9.025727
2025-09-23T16:20:27.268024,2.981457,3.9338005,8.88455
2025-09-23T16:20:28.237955,2.6321049,3.9170506,9.363115
2025-09-23T16:20:28.238032,2.1176481,4.1443686,10.030712
2025-09-23T16:20:28.238085,1.9669002,4.4243293,9.786645
2025-09-23T16:20:28.238133,2.309074,4.831109,9.332008
2025-09-23T16:20:28.238178,2.684747,5.0656056,8.733803
2025-09-23T16:20:28.238221,2.07697,4.666004,8.7266245
2025-09-23T16:20:28.238266,1.8161523,4.505685,8.752945
2025-09-23T16:20:28.238311,1.8855443,4.6564326,8.626125
2025-09-23T16:20:28.238355,1.2969099,5.1732826,8.34138
2025-09-23T16:20:28.238399,0.7322037,5.716453,7.6426754
2025-09-23T16:20:28.238443,0.32542387,6.1806607,7.609176
2025-09-23T16:20:28.238487,-0.14596218,6.3338017,7.6713896
2025-09-23T16:20:28.238532,-0.7465607,6.3481584,7.685746
2025-09-23T16:20:28.238755,-1.1294123,6.6927247,7.3627152
2025-09-23T16:20:28.238849,-0.77766734,6.8195443,6.8051877
2025-09-23T16:20:28.238879,-0.5599205,6.960721,6.611369
2025-09-23T16:20:28.238906,-0.46660042,6.879365,6.410372
2025-09-23T16:20:28.238925,-0.74416786,6.8219376,6.3888364
2025-09-23T16:20:28.238943,-1.2035898,6.9822564,6.3050876
2025-09-23T16:20:28.238960,-1.6438692,7.1569324,6.0825553
2025-09-23T16:20:28.238978,-1.8544376,7.166504,6.013163
2025-09-23T16:20:28.534597,-1.8424734,7.1952176,5.9724855
2025-09-23T16:20:28.534670,-1.8640088,7.365108,5.8337016
2025-09-23T16:20:28.534710,-1.8089739,7.4847493,5.7284174
2025-09-23T16:20:28.534730,-1.9525433,7.623533,5.6327047
2025-09-23T16:20:28.534749,-2.28036,7.6953177,5.4819565
2025-09-23T16:20:28.534767,-2.5459633,7.6067834,5.3982077
2025-09-23T16:20:28.534785,-2.7014968,7.594819,5.345566
2025-09-23T16:20:28.534803,-2.6919255,7.6426754,5.1589255
2025-09-23T16:20:28.534821,-2.6608188,7.7479596,5.032106
2025-09-23T16:20:28.534838,-2.78046,7.958528,5.103891
2025-09-23T16:20:28.534854,-2.926422,7.9657063,4.9986067
2025-09-23T16:20:28.534870,-2.7996025,7.884351,4.7569313
2025-09-23T16:20:28.534887,-3.0675986,7.82453,4.6755753
2025-09-23T16:20:28.534904,-3.249453,7.9944205,4.627719
2025-09-23T16:20:28.534920,-3.2757742,7.9537425,4.45065
2025-09-23T16:20:28.534937,-3.397808,7.9561353,4.371687
2025-09-23T16:20:28.534955,-3.438486,8.114061,4.139583
2025-09-23T16:20:28.534973,-3.5772698,8.133204,4.0438704
2025-09-23T16:20:28.534990,-3.6634114,8.020741,3.952943
2025-09-23T16:20:28.535008,-4.017549,8.372486,4.017549
2025-09-23T16:20:28.535025,-3.5605202,8.377272,3.5533416
2025-09-23T16:20:28.535041,-3.5533416,8.202596,3.548556
2025-09-23T16:20:28.535058,-3.737589,8.331808,3.4839497
2025-09-23T16:20:28.535076,-3.7854455,8.377272,3.3906298
2025-09-23T16:20:28.535093,-4.206582,8.602198,3.3020952
2025-09-23T16:20:28.535111,-3.9744785,8.539984,2.9072795
2025-09-23T16:20:28.535129,-4.194618,8.439486,2.9623144
2025-09-23T16:20:28.535146,-4.132405,8.303095,2.8115666
2025-09-23T16:20:28.535162,-4.0127635,8.3581295,2.7469604
2025-09-23T16:20:28.535179,-3.9840498,8.415557,2.7230322
2025-09-23T16:20:28.535197,-4.1443686,8.372486,2.6871397
2025-09-23T16:20:28.535214,-4.4147577,8.413164,2.5914268
2025-09-23T16:20:28.535231,-4.2568316,8.377272,2.37368
2025-09-23T16:20:36.904355,-4.4410787,8.523234,2.2660031
2025-09-23T16:20:36.904467,-4.371687,8.537591,2.225325
2025-09-23T16:20:36.904492,-4.388437,8.4682,2.1942184
2025-09-23T16:20:36.904511,-4.479364,8.427522,2.1631117
2025-09-23T16:20:36.904531,-4.6061835,8.484949,2.199004
2025-09-23T16:20:36.904548,-4.666004,8.489735,2.1080768
2025-09-23T16:20:36.904574,-4.718646,8.379665,2.0051854
2025-09-23T16:20:36.904593,-4.7377887,8.4012,1.9740787
2025-09-23T16:20:36.904611,-4.759324,8.425129,1.9405792
2025-09-23T16:20:36.904629,-4.6971107,8.453842,1.8161523
2025-09-23T16:20:36.904647,-4.6612186,8.456235,1.713261
2025-09-23T16:20:36.904665,-4.7306104,8.449057,1.7036897
2025-09-23T16:20:36.904682,-4.8622155,8.379665,1.6677973
2025-09-23T16:20:36.904698,-4.8885365,8.49452,1.6462619
2025-09-23T16:20:36.904715,-4.8933225,8.5423765,1.6319051
2025-09-23T16:20:36.904732,-4.85743,8.456235,1.5577276
2025-09-23T16:20:36.904749,-4.816752,8.425129,1.5481563
2025-09-23T16:20:36.934472,-4.8502517,8.362915,1.4883357
2025-09-23T16:20:36.934595,-4.895715,8.327023,1.4404793
2025-09-23T16:20:36.934619,-4.9292145,8.367701,1.4333007
2025-09-23T16:20:36.934639,-4.996214,8.374879,1.4763715
2025-09-23T16:20:36.934656,-5.0679984,8.298309,1.4452649
2025-09-23T16:20:36.934674,-5.0919266,8.286345,1.39023
2025-09-23T16:20:36.934691,-5.1469617,8.303095,1.39023
2025-09-23T16:20:36.934708,-5.206782,8.322237,1.3926228
2025-09-23T16:20:36.934725,-5.139783,8.348558,1.3615161
2025-09-23T16:20:36.934742,-5.1014977,8.348558,1.3208381
2025-09-23T16:20:36.934759,-5.1086764,8.315059,1.2897314
2025-09-23T16:20:36.934776,-5.0919266,8.30788,1.2562319
2025-09-23T16:20:36.934793,-5.0512486,8.3581295,1.2299109
2025-09-23T16:20:36.934810,-5.089534,8.336594,1.2131611
2025-09-23T16:20:36.934827,-5.139783,8.267202,1.2179468
2025-09-23T16:20:36.934850,-5.168497,8.319844,1.2490535
2025-09-23T16:20:36.934873,-5.1900325,8.350951,1.2011969
2025-09-23T16:20:36.934891,-5.235496,8.365308,1.1078769
2025-09-23T16:20:36.934907,-5.1326046,8.348558,1.105484
2025-09-23T16:20:36.934924,-5.1062837,8.3581295,1.1174482
2025-09-23T16:20:36.934941,-5.1206403,8.367701,1.0863415
2025-09-23T16:20:36.934958,-5.178068,8.3174515,1.119841
2025-09-23T16:20:36.934975,-5.156533,8.283952,1.1581261
2025-09-23T16:20:36.934992,-5.1661043,8.23131,1.1700903
2025-09-23T16:20:36.935009,-5.245067,8.315059,1.1174482
2025-09-23T16:20:36.935025,-5.2570314,8.382058,1.0624132
2025-09-23T16:20:36.935042,-5.168497,8.398808,1.0432707
2025-09-23T16:20:36.935058,-5.0919266,8.319844,1.052842
2025-09-23T16:20:36.935075,-5.029713,8.298309,1.0456635
2025-09-23T16:20:36.935092,-5.0919266,8.295917,1.0217353
2025-09-23T16:20:36.935109,-5.130212,8.293523,1.0145568
2025-09-23T16:20:36.935126,-5.1852465,8.32463,1.0193424
2025-09-23T16:20:36.935142,-5.2307105,8.319844,1.0169497
2025-09-23T16:20:36.935159,-5.2139606,8.312666,1.0217353
2025-09-23T16:20:36.935176,-5.206782,8.298309,1.0767702
2025-09-23T16:20:36.935192,-5.209175,8.243274,1.134198
2025-09-23T16:20:36.936036,-5.5106707,8.446664,1.2514462
2025-09-23T16:20:36.936112,-4.9938207,8.154739,1.0432707
2025-09-23T16:20:36.936134,-5.1756754,8.3174515,1.038485
2025-09-23T16:20:36.936154,-5.178068,8.396415,1.0432707
2025-09-23T16:20:36.936172,-5.1900325,8.382058,1.0887343
2025-09-23T16:20:36.936189,-5.168497,8.350951,1.105484
2025-09-23T16:20:36.936206,-5.168497,8.295917,1.1246266
2025-09-23T16:20:36.936224,-5.151747,8.355737,1.1246266
2025-09-23T16:20:36.936241,-5.0799623,8.374879,1.1126626
2025-09-23T16:20:36.936258,-5.087141,8.362915,1.1102697
2025-09-23T16:20:36.936275,-5.096712,8.372486,1.1174482
2025-09-23T16:20:36.936292,-5.089534,8.334201,1.1102697
2025-09-23T16:20:36.936308,-5.0679984,8.319844,1.1294123
2025-09-23T16:20:36.936326,-5.0823555,8.3174515,1.1437693
2025-09-23T16:20:36.936343,-5.1014977,8.34138,1.1294123
2025-09-23T16:20:36.936360,-5.15414,8.329415,1.1078769
2025-09-23T16:20:36.936376,-5.15414,8.348558,1.1174482
2025-09-23T16:20:36.953611,-5.111069,8.350951,1.1533405
2025-09-23T16:20:36.953720,-5.070391,8.334201,1.119841
2025-09-23T16:20:36.953744,-5.0392847,8.338987,1.0983056
2025-09-23T16:20:36.953763,-5.0392847,8.329415,1.0983056
2025-09-23T16:20:36.953781,-5.046463,8.360522,1.1174482
2025-09-23T16:20:36.953798,-5.096712,8.365308,1.1030912
2025-09-23T16:20:36.953815,-5.103891,8.350951,1.1174482
2025-09-23T16:20:36.953832,-5.099105,8.334201,1.1365907
2025-09-23T16:20:36.953849,-5.0656056,8.336594,1.1389836
2025-09-23T16:20:36.953865,-5.0679984,8.336594,1.1174482
2025-09-23T16:20:36.953881,-5.0823555,8.389236,1.1078769
2025-09-23T16:20:36.953899,-5.072784,8.3581295,1.0743774
2025-09-23T16:20:36.953917,-5.06082,8.3581295,1.0959128
2025-09-23T16:20:36.953934,-5.089534,8.34138,1.1389836
2025-09-23T16:20:36.953950,-5.096712,8.32463,1.1533405
2025-09-23T16:20:36.953966,-5.06082,8.322237,1.1581261
2025-09-23T16:20:36.953983,-5.070391,8.360522,1.1653047
2025-09-23T16:20:36.953999,-5.0656056,8.386844,1.1533405
2025-09-23T16:20:36.954016,-5.0656056,8.386844,1.1581261
2025-09-23T16:20:36.954032,-5.0392847,8.403593,1.1629118
2025-09-23T16:20:36.954049,-5.0512486,8.365308,1.119841
2025-09-23T16:20:36.954065,-5.048856,8.327023,1.1150553
2025-09-23T16:20:36.954082,-5.0679984,8.30788,1.1557333
2025-09-23T16:20:36.954098,-5.0919266,8.343773,1.1772687
2025-09-23T16:20:36.954114,-5.0919266,8.331808,1.2083755
2025-09-23T16:20:36.954130,-5.0943193,8.365308,1.1772687
2025-09-23T16:20:36.954147,-5.0799623,8.353344,1.1509477
2025-09-23T16:20:36.954163,-5.072784,8.362915,1.174876
2025-09-23T16:20:36.954179,-5.0512486,8.350951,1.1772687
2025-09-23T16:20:36.954196,-5.0368915,8.346166,1.1796615
2025-09-23T16:20:36.954212,-5.0536413,8.362915,1.1964114
2025-09-23T16:20:36.954229,-5.072784,8.394022,1.2083755
2025-09-23T16:20:36.954245,-5.0847483,8.382058,1.1820544
2025-09-23T16:20:36.954261,-5.0751767,8.3581295,1.1988041
2025-09-23T16:20:37.075671,-5.06082,8.331808,1.1724831
2025-09-23T16:20:37.075786,-5.070391,8.355737,1.1724831
2025-09-23T16:20:37.075809,-5.06082,8.346166,1.2083755
2025-09-23T16:20:37.075829,-5.046463,8.391629,1.2514462
2025-09-23T16:20:37.075847,-5.0273204,8.370093,1.2514462
2025-09-23T16:20:37.075864,-5.0392847,8.360522,1.2155539
2025-09-23T16:20:37.075881,-5.0679984,8.389236,1.2466606
2025-09-23T16:20:37.075898,-5.0775695,8.396415,1.2610176
2025-09-23T16:20:37.075915,-5.056034,8.348558,1.2442678
2025-09-23T16:20:37.075932,-5.022535,8.34138,1.2418749
2025-09-23T16:20:37.075949,-4.991428,8.34138,1.2370893
2025-09-23T16:20:37.075965,-5.0344987,8.353344,1.2562319
2025-09-23T16:20:37.075982,-5.0512486,8.372486,1.2586247
2025-09-23T16:20:37.076000,-5.0823555,8.367701,1.2299109
2025-09-23T16:20:37.076016,-5.0823555,8.350951,1.2011969
2025-09-23T16:20:37.076033,-5.096712,8.346166,1.2203395
2025-09-23T16:20:37.076049,-5.099105,8.322237,1.2658032
2025-09-23T16:20:37.087793,-5.0823555,8.319844,1.2873386
2025-09-23T16:20:37.087879,-5.048856,8.34138,1.294517
2025-09-23T16:20:37.087903,-5.029713,8.365308,1.3280165
2025-09-23T16:20:37.087921,-5.005785,8.372486,1.2705889
2025-09-23T16:20:37.087939,-4.996214,8.367701,1.2442678
2025-09-23T16:20:37.087956,-5.0129633,8.362915,1.227518
2025-09-23T16:20:37.087974,-5.0344987,8.362915,1.2346965
2025-09-23T16:20:37.087990,-5.06082,8.346166,1.2394822
2025-09-23T16:20:37.088007,-5.0919266,8.334201,1.2466606
2025-09-23T16:20:37.088023,-5.0775695,8.331808,1.2921243
2025-09-23T16:20:37.088040,-5.0416775,8.355737,1.3040884
2025-09-23T16:20:37.088056,-5.020142,8.3581295,1.3208381
2025-09-23T16:20:37.088073,-5.0177493,8.343773,1.3232309
2025-09-23T16:20:37.088090,-5.0249276,8.346166,1.2921243
2025-09-23T16:20:37.088106,-5.0512486,8.331808,1.2897314
2025-09-23T16:20:37.088123,-5.046463,8.343773,1.2753744
2025-09-23T16:20:37.088139,-5.056034,8.353344,1.2729816
2025-09-23T16:20:37.153732,-5.0368915,8.353344,1.2897314
2025-09-23T16:20:37.153803,-5.058427,8.362915,1.3232309
2025-09-23T16:20:37.153827,-5.032106,8.3581295,1.2801601
2025-09-23T16:20:37.153847,-5.0129633,8.355737,1.2586247
2025-09-23T16:20:37.153864,-4.9674997,8.367701,1.2514462
2025-09-23T16:20:37.153881,-4.979464,8.362915,1.2729816
2025-09-23T16:20:37.153898,-5.0177493,8.355737,1.3016955
2025-09-23T16:20:37.153915,-5.029713,8.370093,1.3328022
2025-09-23T16:20:37.153931,-5.022535,8.350951,1.3782659
2025-09-23T16:20:37.153947,-5.0129633,8.327023,1.3974084
2025-09-23T16:20:37.153963,-5.020142,8.372486,1.3663018
2025-09-23T16:20:37.153980,-5.0009995,8.405986,1.3375878
2025-09-23T16:20:37.153996,-4.9938207,8.377272,1.2993027
2025-09-23T16:20:37.154013,-5.003392,8.362915,1.2753744
2025-09-23T16:20:37.154029,-5.003392,8.353344,1.2729816
2025-09-23T16:20:37.154045,-5.032106,8.334201,1.282553
2025-09-23T16:20:37.154062,-5.0656056,8.3581295,1.2777673
2025-09-23T16:20:37.295978,-5.1014977,8.353344,1.2586247
2025-09-23T16:20:37.296087,-5.058427,8.34138,1.2705889
2025-09-23T16:20:37.296142,-5.0081778,8.327023,1.2346965
2025-09-23T16:20:37.296189,-4.979464,8.343773,1.2227324
2025-09-23T16:20:37.296234,-5.020142,8.370093,1.2514462
2025-09-23T16:20:37.296282,-5.0249276,8.4012,1.2777673
2025-09-23T16:20:37.296331,-5.0416775,8.377272,1.308874
2025-09-23T16:20:37.296376,-4.8215375,8.30788,1.2131611
2025-09-23T16:20:37.296427,-5.058427,8.300702,1.3016955
2025-09-23T16:20:37.296491,-5.0775695,8.4012,1.2897314
2025-09-23T16:20:37.296536,-5.0392847,8.396415,1.2753744
2025-09-23T16:20:37.296595,-5.058427,8.382058,1.2418749
2025-09-23T16:20:37.296642,-5.048856,8.362915,1.2514462
2025-09-23T16:20:37.296687,-5.029713,8.348558,1.2634103
2025-09-23T16:20:37.296730,-5.0392847,8.338987,1.2634103
2025-09-23T16:20:37.296778,-5.0847483,8.343773,1.2873386
2025-09-23T16:20:37.296822,-5.096712,8.336594,1.2777673
2025-09-23T16:20:37.296865,-5.0847483,8.353344,1.2586247
2025-09-23T16:20:37.296909,-5.0536413,8.353344,1.2442678
2025-09-23T16:20:37.296956,-5.0440702,8.346166,1.2610176
2025-09-23T16:20:37.297011,-5.032106,8.331808,1.2658032
2025-09-23T16:20:37.297066,-5.0368915,8.360522,1.2873386
2025-09-23T16:20:37.297111,-5.048856,8.367701,1.3040884
2025-09-23T16:20:37.297155,-5.0799623,8.379665,1.3040884
2025-09-23T16:20:37.297199,-5.0775695,8.34138,1.2729816
2025-09-23T16:20:37.297243,-5.0392847,8.315059,1.2586247
2025-09-23T16:20:37.297287,-5.003392,8.30788,1.2586247
2025-09-23T16:20:37.297330,-5.003392,8.319844,1.268196
2025-09-23T16:20:37.297374,-5.06082,8.362915,1.2586247
2025-09-23T16:20:37.297419,-5.0943193,8.382058,1.2466606
2025-09-23T16:20:37.297463,-5.1158547,8.372486,1.2753744
2025-09-23T16:20:37.297507,-5.0919266,8.353344,1.2346965
2025-09-23T16:20:37.297551,-5.0775695,8.319844,1.1796615
2025-09-23T16:20:37.297602,-5.056034,8.312666,1.1724831
2025-09-23T16:20:37.301362,-5.0368915,8.360522,1.1796615
2025-09-23T16:20:37.301432,-5.0656056,8.350951,1.1988041
2025-09-23T16:20:37.301484,-5.139783,8.343773,1.2131611
2025-09-23T16:20:37.301533,-5.099105,8.3174515,1.2035898
2025-09-23T16:20:37.301585,-5.288138,8.394022,1.1844472
2025-09-23T16:20:37.301632,-5.127819,8.274381,1.2323036
2025-09-23T16:20:37.301676,-5.127819,8.3581295,1.2155539
2025-09-23T16:20:37.301720,-5.046463,8.329415,1.2011969
2025-09-23T16:20:37.301763,-5.048856,8.32463,1.2059826
2025-09-23T16:20:37.301807,-5.0799623,8.322237,1.2466606
2025-09-23T16:20:37.301851,-5.113462,8.310273,1.2897314
2025-09-23T16:20:37.301894,-5.15414,8.32463,1.268196
2025-09-23T16:20:37.301938,-5.1254263,8.338987,1.2490535
2025-09-23T16:20:37.301981,-5.1254263,8.334201,1.2370893
2025-09-23T16:20:37.302024,-5.127819,8.295917,1.2299109
2025-09-23T16:20:37.302068,-5.127819,8.327023,1.2394822
2025-09-23T16:20:37.302111,-5.130212,8.303095,1.2586247
2025-09-23T16:20:37.320861,-5.113462,8.288737,1.2777673
2025-09-23T16:20:37.320960,-5.123033,8.298309,1.2634103
2025-09-23T16:20:37.321016,-5.151747,8.295917,1.2610176
2025-09-23T16:20:37.321063,-5.151747,8.327023,1.2418749
2025-09-23T16:20:37.321109,-5.127819,8.295917,1.2155539
2025-09-23T16:20:37.321154,-5.111069,8.315059,1.2059826
2025-09-23T16:20:37.321480,-5.063213,8.348558,1.1940185
2025-09-23T16:20:37.321543,-5.046463,8.382058,1.2155539
2025-09-23T16:20:37.321604,-5.0656056,8.355737,1.1964114
2025-09-23T16:20:37.321654,-5.056034,8.3581295,1.1772687
2025-09-23T16:20:37.321703,-5.096712,8.353344,1.1581261
2025-09-23T16:20:37.321747,-5.1158547,8.338987,1.1796615
2025-09-23T16:20:37.321791,-5.0943193,8.322237,1.174876
2025-09-23T16:20:37.321835,-5.0656056,8.315059,1.2035898
2025-09-23T16:20:37.321879,-5.0440702,8.334201,1.2131611
2025-09-23T16:20:37.321925,-5.0775695,8.3581295,1.1844472
2025-09-23T16:20:37.321970,-5.1206403,8.377272,1.2083755
2025-09-23T16:20:37.322014,-5.113462,8.374879,1.2394822
2025-09-23T16:20:37.322057,-5.1182475,8.315059,1.2346965
2025-09-23T16:20:37.322100,-5.072784,8.312666,1.2131611
2025-09-23T16:20:37.322144,-5.099105,8.331808,1.2083755
2025-09-23T16:20:37.322188,-5.0847483,8.3174515,1.227518
2025-09-23T16:20:37.324741,-5.089534,8.3174515,1.2299109
2025-09-23T16:20:37.324808,-5.087141,8.327023,1.227518
2025-09-23T16:20:37.324859,-5.0799623,8.34138,1.2131611
2025-09-23T16:20:37.324906,-5.0799623,8.362915,1.1892328
2025-09-23T16:20:37.324950,-5.0919266,8.331808,1.1940185
2025-09-23T16:20:37.324994,-5.0847483,8.3174515,1.227518
2025-09-23T16:20:37.325037,-5.1014977,8.346166,1.2466606
2025-09-23T16:20:37.325081,-5.0799623,8.346166,1.2418749
2025-09-23T16:20:37.325124,-5.0440702,8.391629,1.2370893
2025-09-23T16:20:37.325168,-5.0536413,8.365308,1.1988041
2025-09-23T16:20:37.325211,-5.058427,8.355737,1.1820544
2025-09-23T16:20:37.325255,-5.0943193,8.319844,1.2203395
2025-09-23T16:20:37.325299,-5.1158547,8.305488,1.2394822
2025-09-23T16:20:37.325342,-5.1062837,8.334201,1.2131611
2025-09-23T16:20:37.325386,-5.1158547,8.3581295,1.1916257
2025-09-23T16:20:37.325430,-5.089534,8.365308,1.1533405
2025-09-23T16:20:37.325473,-5.06082,8.362915,1.1509477
2025-09-23T16:20:37.331031,-5.1014977,8.303095,1.1294123
2025-09-23T16:20:37.331108,-5.1828537,8.295917,1.1102697
2025-09-23T16:20:37.331168,-5.2642097,8.329415,1.1318051
2025-09-23T16:20:37.331215,-5.204389,8.334201,1.1006985
2025-09-23T16:20:37.331260,-5.113462,8.276773,1.0719845
2025-09-23T16:20:37.331304,-5.103891,8.319844,1.0983056
2025-09-23T16:20:37.331347,-5.1062837,8.4347,1.1365907
2025-09-23T16:20:37.331390,-5.089534,8.4347,1.0935199
2025-09-23T16:20:37.331433,-5.0273204,8.32463,1.0576276
2025-09-23T16:20:37.331476,-5.0177493,8.281559,1.1030912
2025-09-23T16:20:37.331520,-5.0440702,8.415557,1.1270195
2025-09-23T16:20:37.331563,-5.0775695,8.441878,0.9619147
2025-09-23T16:20:37.331616,-5.046463,8.41795,0.8446664
2025-09-23T16:20:37.331661,-5.0751767,8.346166,0.87338024
2025-09-23T16:20:37.331705,-5.111069,8.41795,0.97866446
2025-09-23T16:20:37.331750,-5.1493545,8.405986,0.9738788
2025-09-23T16:20:37.331794,-5.2642097,8.475378,1.0193424
2025-09-23T16:20:37.337955,-5.3096733,8.439486,1.0289137
2025-09-23T16:20:37.338031,-5.319245,8.343773,1.0313065
2025-09-23T16:20:37.338082,-5.2570314,8.288737,1.105484
2025-09-23T16:20:37.338129,-5.2331033,8.315059,1.2490535
2025-09-23T16:20:37.338174,-5.2307105,8.322237,1.2729816
2025-09-23T16:20:37.338219,-5.1756754,8.355737,1.2323036
2025-09-23T16:20:37.338263,-5.099105,8.415557,1.2179468
2025-09-23T16:20:37.338307,-5.087141,8.365308,1.2179468
2025-09-23T16:20:37.338350,-5.072784,8.30788,1.3686945
2025-09-23T16:20:37.338394,-5.156533,8.319844,1.5481563
2025-09-23T16:20:37.338452,-5.103891,8.271988,1.6271194
2025-09-23T16:20:37.338499,-4.9363933,8.413164,1.672583
2025-09-23T16:20:37.338543,-4.76411,8.271988,1.6606189
2025-09-23T16:20:37.338594,-4.7306104,8.281559,1.7730815
2025-09-23T16:20:37.338639,-4.7688956,8.372486,1.9405792
2025-09-23T16:20:37.338682,-4.733003,8.441878,2.024328
2025-09-23T16:20:37.338726,-4.7449675,8.41795,2.091327
2025-09-23T16:20:37.338769,-4.7449675,8.415557,2.2420747
2025-09-23T16:20:37.338812,-4.56072,8.465807,2.4143581
2025-09-23T16:20:37.338856,-4.421936,8.415557,2.5674987
2025-09-23T16:20:37.338899,-4.371687,8.209774,2.6608188
2025-09-23T16:20:37.338942,-4.2424746,8.200203,2.8642087
2025-09-23T16:20:37.338986,-4.139583,8.336594,3.1058838
2025-09-23T16:20:37.339029,-4.048656,8.2456665,3.103491
2025-09-23T16:20:37.339072,-4.0390844,8.056634,3.318845
2025-09-23T16:20:37.339116,-3.8811584,7.9106717,3.682554
2025-09-23T16:20:37.339159,-3.7447674,7.867601,3.9888353
2025-09-23T16:20:37.339203,-3.7208393,7.908279,4.1754756
2025-09-23T16:20:37.339248,-3.5270207,7.925029,4.2951164
2025-09-23T16:20:37.339292,-3.2614172,7.9154572,4.4482574
2025-09-23T16:20:37.339335,-3.0675986,7.984849,4.4554358
2025-09-23T16:20:37.339378,-2.993421,8.02792,4.4817567
2025-09-23T16:20:37.339422,-2.9431717,7.9776707,4.536792
2025-09-23T16:20:37.339465,-2.9096723,7.7886376,4.706682
2025-09-23T16:20:37.344342,-2.861816,7.570891,4.9028935
2025-09-23T16:20:37.344412,-2.7876384,7.446464,5.1182475
2025-09-23T16:20:37.344463,-2.656033,7.3363943,5.3383875
2025-09-23T16:20:37.344511,-2.3521447,7.1569324,5.5704913
2025-09-23T16:20:37.344556,-2.201397,7.082755,5.65424
2025-09-23T16:20:37.344607,-2.2779672,7.0875406,5.6303115
2025-09-23T16:20:37.344652,-2.1870399,6.9990063,5.8600225
2025-09-23T16:20:37.344696,-1.9070797,6.867401,6.216553
2025-09-23T16:20:37.344740,-1.6247265,6.8075805,6.5276203
2025-09-23T16:20:37.344784,-1.3375878,6.9798636,6.661618
2025-09-23T16:20:37.344828,-1.1988041,6.9894347,6.9320073
2025-09-23T16:20:37.344872,-1.0145568,6.8099732,7.283752
2025-09-23T16:20:37.344929,-0.75613195,6.45105,7.568498
2025-09-23T16:20:37.344976,-0.5024927,6.381658,7.7910304
2025-09-23T16:20:37.345020,-0.36370903,6.216553,7.9346
2025-09-23T16:20:37.345064,-0.11485548,6.285945,8.008778
2025-09-23T16:20:37.345108,0.15314065,6.099305,8.099705
2025-09-23T16:20:37.345152,0.43788654,5.7547383,8.293523
2025-09-23T16:20:37.345195,0.9834501,5.278567,8.489735
2025-09-23T16:20:37.345239,1.2514462,5.218746,8.537591
2025-09-23T16:20:37.345282,1.5026926,4.9986067,8.719446
2025-09-23T16:20:37.345325,1.5409778,5.2402816,8.941978
2025-09-23T16:20:37.345375,2.036292,5.2833524,9.083155
2025-09-23T16:20:37.345425,3.818945,4.17069,9.300901
2025-09-23T16:20:37.345469,5.178068,3.7280176,9.090333
2025-09-23T16:20:37.345513,1.1988041,5.613562,7.9633136
2025-09-23T16:20:37.345560,0.57906306,5.0392847,8.281559
2025-09-23T16:20:37.345611,0.86859465,5.020142,8.819944
2025-09-23T16:20:37.345654,1.0025927,4.421936,9.726824
2025-09-23T16:20:37.345701,1.5577276,4.6372905,9.657433
2025-09-23T16:20:37.345745,2.6775684,4.725825,8.516056
2025-09-23T16:20:37.345788,3.0580273,4.979464,7.853244
2025-09-23T16:20:37.345831,2.656033,5.1349974,8.001599
2025-09-23T16:20:37.345875,2.7972097,4.9986067,8.116454
2025-09-23T16:20:37.355417,2.3641088,5.386244,7.9130645
2025-09-23T16:20:37.355487,2.309074,5.2139606,8.183454
2025-09-23T16:20:37.355538,2.2444677,5.1326046,8.30788
2025-09-23T16:20:37.355593,2.210968,5.089534,8.4347
2025-09-23T16:20:37.355640,2.2492533,5.3096733,8.30788
2025-09-23T16:20:37.355686,2.495714,5.13739,8.059027
2025-09-23T16:20:37.355884,2.2827528,4.974678,7.9154572
2025-09-23T16:20:37.355920,2.0865414,5.0105705,8.178668
2025-09-23T16:20:37.355942,1.98365,4.802395,8.566305
2025-09-23T16:20:37.355962,2.3449662,4.7138605,8.432307
2025-09-23T16:20:37.355981,2.2612174,4.9316072,8.142776
2025-09-23T16:20:37.355999,2.2372892,4.792824,8.236095
2025-09-23T16:20:37.356017,2.1631117,5.089534,8.367701
2025-09-23T16:20:37.356034,2.5914268,4.8239303,8.2145605
2025-09-23T16:20:37.356052,2.9431717,4.7018967,7.948957
2025-09-23T16:20:37.356070,3.0915267,4.776074,8.17149
2025-09-23T16:20:37.356088,2.7756743,4.627719,8.58784
2025-09-23T16:20:37.356106,2.4335005,4.5678983,8.776874
2025-09-23T16:20:37.356124,2.6632116,4.1754756,8.779266
2025-09-23T16:20:37.356141,2.7326035,4.254439,8.702696
2025-09-23T16:20:37.356159,2.7996025,4.338187,8.681161
2025-09-23T16:20:37.356177,2.8354948,4.5391846,8.516056
2025-09-23T16:20:37.356194,2.7732813,4.642076,8.425129
2025-09-23T16:20:37.356212,2.8115666,4.5296135,8.348558
2025-09-23T16:20:37.356229,2.7182465,4.5224347,8.429914
2025-09-23T16:20:37.356247,2.5316064,4.575077,8.516056
2025-09-23T16:20:37.356264,2.416751,4.634897,8.456235
2025-09-23T16:20:37.356283,2.5794628,4.4195433,8.520842
2025-09-23T16:20:37.356301,2.5962126,4.4410787,8.355737
2025-09-23T16:20:37.356319,2.629712,4.599005,8.315059
2025-09-23T16:20:37.356336,2.5746772,4.692325,8.248059
2025-09-23T16:20:37.356354,2.833102,4.4578285,8.396415
2025-09-23T16:20:37.356372,2.821138,4.508078,8.389236
2025-09-23T16:20:37.356389,2.7445676,4.699504,8.336594
2025-09-23T16:20:37.356407,2.8522446,4.5008993,8.221739
2025-09-23T16:20:37.357586,2.8187451,4.668397,8.279166
2025-09-23T16:20:37.357638,2.9216363,4.7545385,8.334201
2025-09-23T16:20:37.357662,3.089134,4.508078,8.233703
2025-09-23T16:20:37.357683,3.0795627,4.5631127,8.300702
2025-09-23T16:20:37.357701,2.9383862,4.546363,8.327023
2025-09-23T16:20:37.357720,2.7996025,4.4817567,8.338987
2025-09-23T16:20:37.357738,2.8283165,4.4578285,8.449057
2025-09-23T16:20:37.357757,2.9072795,4.4721856,8.4705925
2025-09-23T16:20:37.357775,2.9336007,4.5128636,8.4012
2025-09-23T16:20:37.357793,3.0987053,4.3525443,8.336594
2025-09-23T16:20:37.357811,2.8809586,4.5535417,8.219346
2025-09-23T16:20:37.357829,2.9240294,4.618148,8.348558
2025-09-23T16:20:37.357847,3.0293136,4.6085763,8.283952
2025-09-23T16:20:37.357865,3.0029924,4.6803613,8.23131
2025-09-23T16:20:37.357884,3.0005996,4.618148,8.209774
2025-09-23T16:20:37.357902,2.9647074,4.6085763,8.219346
2025-09-23T16:20:37.357920,2.969493,4.575077,8.221739
2025-09-23T16:20:37.358075,2.928815,4.584648,8.233703
2025-09-23T16:20:37.358125,2.981457,4.5678983,8.336594
2025-09-23T16:20:37.358150,3.0556345,4.5391846,8.32463
2025-09-23T16:20:37.358172,3.0723844,4.5631127,8.293523
2025-09-23T16:20:37.358191,3.0436704,4.54397,8.274381
2025-09-23T16:20:37.358210,3.010171,4.5894337,8.269595
2025-09-23T16:20:37.358228,3.022135,4.6061835,8.243274
2025-09-23T16:20:37.358247,3.0364919,4.5894337,8.260024
2025-09-23T16:20:37.358265,3.034099,4.5798626,8.262417
2025-09-23T16:20:37.358287,2.981457,4.5798626,8.250452
2025-09-23T16:20:37.358309,2.952743,4.599005,8.243274
2025-09-23T16:20:37.358327,2.955136,4.601398,8.250452
2025-09-23T16:20:37.358345,2.9671001,4.5894337,8.255239
2025-09-23T16:20:37.358363,2.9790642,4.558327,8.283952
2025-09-23T16:20:37.358381,2.9503503,4.551149,8.298309
2025-09-23T16:20:37.358399,2.9359934,4.5678983,8.288737
2025-09-23T16:20:37.358417,2.9216363,4.5942197,8.279166
2025-09-23T16:20:37.370178,2.9359934,4.5942197,8.293523
2025-09-23T16:20:37.370229,2.9718857,4.57747,8.293523
2025-09-23T16:20:37.370253,2.9336007,4.587041,8.271988
2025-09-23T16:20:37.370273,2.9096723,4.599005,8.250452
2025-09-23T16:20:37.370292,2.955136,4.5966125,8.276773
2025-09-23T16:20:37.370309,2.9862428,4.6037908,8.274381
2025-09-23T16:20:37.370328,3.0173492,4.5822554,8.271988
2025-09-23T16:20:37.370346,2.9766715,4.5894337,8.262417
2025-09-23T16:20:37.370364,2.9599216,4.587041,8.238488
2025-09-23T16:20:37.370382,2.9862428,4.57747,8.286345
2025-09-23T16:20:37.370400,3.0149565,4.6061835,8.269595
2025-09-23T16:20:37.370418,3.0149565,4.615755,8.250452
2025-09-23T16:20:37.370436,2.9910283,4.6061835,8.236095
2025-09-23T16:20:37.370454,3.0029924,4.5966125,8.224132
2025-09-23T16:20:37.370472,3.0053852,4.6085763,8.255239
2025-09-23T16:20:37.370489,3.0077782,4.587041,8.248059
2025-09-23T16:20:37.370508,3.0125637,4.587041,8.252846
2025-09-23T16:20:37.370526,3.0029924,4.6085763,8.257631
2025-09-23T16:20:37.370544,2.9958138,4.6037908,8.2145605
2025-09-23T16:20:37.370562,2.9742785,4.6229334,8.228917
2025-09-23T16:20:37.370586,2.9503503,4.625326,8.262417
2025-09-23T16:20:37.370604,2.9790642,4.5822554,8.3174515
2025-09-23T16:20:37.370622,3.010171,4.6037908,8.303095
2025-09-23T16:20:37.370640,2.9982069,4.56072,8.255239
2025-09-23T16:20:37.370658,2.9575288,4.5966125,8.274381
2025-09-23T16:20:37.370681,2.981457,4.6061835,8.2456665
2025-09-23T16:20:37.370699,2.9766715,4.613362,8.260024
2025-09-23T16:20:37.370716,2.9838498,4.618148,8.255239
2025-09-23T16:20:37.370735,3.0005996,4.6301117,8.240881
2025-09-23T16:20:37.370752,2.9958138,4.599005,8.226524
2025-09-23T16:20:37.370771,3.0029924,4.6037908,8.240881
2025-09-23T16:20:37.370788,2.9910283,4.613362,8.216953
2025-09-23T16:20:37.370806,2.9886355,4.6085763,8.224132
2025-09-23T16:20:37.370824,2.9886355,4.5798626,8.286345
2025-09-23T16:20:37.370842,2.9958138,4.599005,8.29113
2025-09-23T16:20:37.370859,3.0125637,4.584648,8.281559
2025-09-23T16:20:37.370877,3.0029924,4.584648,8.240881
2025-09-23T16:20:37.370895,3.0077782,4.6037908,8.250452
2025-09-23T16:20:37.370913,2.9958138,4.5894337,8.23131
2025-09-23T16:20:37.370930,2.9718857,4.599005,8.248059
2025-09-23T16:20:37.370948,2.969493,4.5678983,8.260024
2025-09-23T16:20:37.370966,2.9910283,4.5798626,8.271988
2025-09-23T16:20:37.370984,2.9886355,4.587041,8.26481
2025-09-23T16:20:37.371001,2.9862428,4.5894337,8.252846
2025-09-23T16:20:37.371018,2.9671001,4.584648,8.269595
2025-09-23T16:20:37.371036,3.0005996,4.615755,8.2456665
2025-09-23T16:20:37.371054,3.0005996,4.57747,8.257631
2025-09-23T16:20:37.371071,3.0005996,4.5918264,8.260024
2025-09-23T16:20:37.371089,3.0005996,4.599005,8.243274
2025-09-23T16:20:37.371107,3.0317063,4.6085763,8.243274
2025-09-23T16:20:37.371126,3.0173492,4.634897,8.243274
2025-09-23T16:20:37.371143,3.0053852,4.6061835,8.26481
2025-09-23T16:20:37.371161,3.0532417,4.6085763,8.250452
2025-09-23T16:20:37.371179,3.0029924,4.615755,8.255239
2025-09-23T16:20:37.371197,2.9766715,4.6085763,8.271988
2025-09-23T16:20:37.371215,3.0005996,4.5942197,8.262417
2025-09-23T16:20:37.371232,3.0197423,4.57747,8.262417
2025-09-23T16:20:37.371250,3.0005996,4.6037908,8.240881
2025-09-23T16:20:37.371268,2.9862428,4.5966125,8.207381
2025-09-23T16:20:37.371286,2.9910283,4.6085763,8.226524
2025-09-23T16:20:37.371303,3.0005996,4.625326,8.224132
2025-09-23T16:20:37.371321,3.0005996,4.613362,8.224132
2025-09-23T16:20:37.371339,2.9862428,4.5966125,8.233703
2025-09-23T16:20:37.371356,2.9742785,4.57747,8.2456665
2025-09-23T16:20:37.371377,2.9718857,4.6085763,8.283952
2025-09-23T16:20:37.371398,2.9838498,4.570291,8.269595
2025-09-23T16:20:37.371416,2.9958138,4.5918264,8.274381
2025-09-23T16:20:37.371433,2.993421,4.6205406,8.262417
2025-09-23T16:20:37.371451,3.0053852,4.6037908,8.26481
2025-09-23T16:20:37.371469,2.9958138,4.6085763,8.224132
2025-09-23T16:20:37.371486,2.9886355,4.615755,8.240881
2025-09-23T16:20:37.371513,3.0077782,4.625326,8.23131
2025-09-23T16:20:37.371538,3.0125637,4.599005,8.236095
2025-09-23T16:20:37.371563,3.0005996,4.5942197,8.240881
2025-09-23T16:20:37.371596,3.0005996,4.587041,8.233703
2025-09-23T16:20:37.378908,3.010171,4.6085763,8.255239
2025-09-23T16:20:37.378956,2.9958138,4.5894337,8.267202
2025-09-23T16:20:37.378980,2.981457,4.601398,8.252846
2025-09-23T16:20:37.379000,2.9790642,4.5966125,8.274381
2025-09-23T16:20:37.379019,2.9958138,4.5918264,8.226524
2025-09-23T16:20:37.379039,2.9958138,4.6037908,8.248059
2025-09-23T16:20:37.379056,2.9790642,4.5966125,8.26481
2025-09-23T16:20:37.379073,3.0077782,4.613362,8.271988
2025-09-23T16:20:37.379091,2.9982069,4.5798626,8.260024
2025-09-23T16:20:37.379109,2.993421,4.5966125,8.243274
2025-09-23T16:20:37.379126,2.9886355,4.5894337,8.257631
2025-09-23T16:20:37.379145,3.0125637,4.6085763,8.260024
2025-09-23T16:20:37.379163,3.0245278,4.5894337,8.243274
2025-09-23T16:20:37.379181,3.034099,4.6061835,8.228917
2025-09-23T16:20:37.379199,2.9958138,4.613362,8.212168
2025-09-23T16:20:37.379216,2.9838498,4.6229334,8.219346
2025-09-23T16:20:37.379232,2.9982069,4.5894337,8.238488
2025-09-23T16:20:37.379249,2.993421,4.599005,8.236095
2025-09-23T16:20:37.379266,2.9862428,4.5918264,8.26481
2025-09-23T16:20:37.551974,2.9886355,4.587041,8.274381
2025-09-23T16:20:37.568079,2.9982069,4.584648,8.262417
2025-09-23T16:20:37.568174,3.0005996,4.584648,8.255239
2025-09-23T16:20:37.568225,2.981457,4.5894337,8.281559
2025-09-23T16:20:37.568270,3.0053852,4.5942197,8.269595
2025-09-23T16:20:37.568316,2.9982069,4.610969,8.26481
2025-09-23T16:20:37.568360,2.9742785,4.5942197,8.271988
2025-09-23T16:20:37.568406,2.9982069,4.5966125,8.262417
2025-09-23T16:20:37.568450,3.0077782,4.5894337,8.255239
2025-09-23T16:20:37.568494,3.0053852,4.5966125,8.248059
2025-09-23T16:20:37.568556,3.0125637,4.6061835,8.221739
2025-09-23T16:20:37.745941,3.0149565,4.613362,8.2456665
2025-09-23T16:20:37.764216,3.0197423,4.6085763,8.219346
2025-09-23T16:20:37.764313,3.0173492,4.618148,8.221739
2025-09-23T16:20:37.764364,3.0293136,4.599005,8.193025
2025-09-23T16:20:37.764409,3.0173492,4.6061835,8.238488
2025-09-23T16:20:37.764453,3.048456,4.5798626,8.267202
2025-09-23T16:20:37.764497,3.0652058,4.5224347,8.322237
2025-09-23T16:20:37.764543,3.0388846,4.4985065,8.348558
2025-09-23T16:20:37.764595,2.9623144,4.534399,8.338987
2025-09-23T16:20:37.764640,2.926422,4.584648,8.331808
2025-09-23T16:20:37.764815,2.9766715,4.584648,8.353344
2025-09-23T16:20:37.942467,3.0029924,4.599005,8.303095
2025-09-23T16:20:37.953189,2.993421,4.6205406,8.23131
2025-09-23T16:20:37.953233,2.9383862,4.6636114,8.157132
2025-09-23T16:20:37.953276,2.926422,4.658826,8.1738825
2025-09-23T16:20:37.953294,2.940779,4.6636114,8.236095
2025-09-23T16:20:37.953311,2.9503503,4.634897,8.219346
2025-09-23T16:20:37.953328,2.8594232,4.6707897,8.209774
2025-09-23T16:20:37.953344,2.8139594,4.6636114,8.154739
2025-09-23T16:20:37.953361,2.9383862,4.625326,8.147561
2025-09-23T16:20:37.953383,3.0963125,4.599005,8.181061
2025-09-23T16:20:38.145480,3.158526,4.5966125,8.276773
2025-09-23T16:20:38.174684,3.0963125,4.610969,8.276773
2025-09-23T16:20:38.174760,2.952743,4.610969,8.219346
2025-09-23T16:20:38.174805,2.845066,4.5798626,8.224132
2025-09-23T16:20:38.174823,2.87378,4.5822554,8.353344
2025-09-23T16:20:38.174841,2.9838498,4.584648,8.413164
2025-09-23T16:20:38.174859,2.9240294,4.575077,8.382058
2025-09-23T16:20:38.174875,2.7613173,4.5248275,8.343773
2025-09-23T16:20:38.174892,2.6656044,4.5224347,8.389236
2025-09-23T16:20:38.174910,2.7206392,4.520042,8.394022
2025-09-23T16:20:38.174944,2.8426733,4.5822554,8.360522
2025-09-23T16:20:38.350236,2.9240294,4.610969,8.310273
2025-09-23T16:20:38.355747,2.9910283,4.5942197,8.250452
2025-09-23T16:20:38.355794,3.0005996,4.570291,8.228917
2025-09-23T16:20:38.355817,3.0197423,4.570291,8.3174515
2025-09-23T16:20:38.355837,3.0915267,4.615755,8.303095
2025-09-23T16:20:38.355856,3.0388846,4.6707897,8.099705
2025-09-23T16:20:38.355874,2.9623144,4.6971107,8.082955
2025-09-23T16:20:38.355891,2.902494,4.658826,8.19781
2025-09-23T16:20:38.355909,2.902494,4.5894337,8.283952
2025-09-23T16:20:38.355927,2.900101,4.5559344,8.336594
2025-09-23T16:20:38.355952,2.833102,4.5391846,8.374879
2025-09-23T16:20:38.551342,2.7493532,4.5487556,8.3174515
2025-09-23T16:20:38.606795,2.792424,4.5391846,8.310273
2025-09-23T16:20:38.606863,2.8426733,4.5415773,8.334201
2025-09-23T16:20:38.606896,2.8809586,4.570291,8.338987
2025-09-23T16:20:38.606914,2.7996025,4.536792,8.276773
2025-09-23T16:20:38.606931,2.6751757,4.4817567,8.391629
2025-09-23T16:20:38.606948,2.6632116,4.479364,8.525627
2025-09-23T16:20:38.606966,2.766103,4.4985065,8.520842
2025-09-23T16:20:38.606983,2.8953154,4.4913282,8.415557
2025-09-23T16:20:38.607017,2.8809586,4.4817567,8.350951
2025-09-23T16:20:38.742397,2.8019953,4.4721856,8.379665
2025-09-23T16:20:38.772923,2.8833513,4.520042,8.305488
2025-09-23T16:20:38.772971,2.9910283,4.5655055,8.271988
2025-09-23T16:20:38.772993,3.0125637,4.6229334,8.202596
2025-09-23T16:20:38.773027,2.9958138,4.6085763,8.169097
2025-09-23T16:20:38.773044,2.952743,4.627719,8.176275
2025-09-23T16:20:38.773061,3.022135,4.610969,8.207381
2025-09-23T16:20:38.773078,3.1130621,4.5655055,8.267202
2025-09-23T16:20:38.773095,3.0652058,4.5152564,8.3174515
2025-09-23T16:20:38.773111,2.940779,4.486542,8.396415
2025-09-23T16:20:38.773137,2.8378878,4.4578285,8.41795
2025-09-23T16:20:38.945888,2.7948167,4.453043,8.444271
2025-09-23T16:20:39.003530,2.861816,4.4195433,8.410771
2025-09-23T16:20:39.003604,2.9192436,4.45065,8.408379
2025-09-23T16:20:39.003627,2.8713872,4.426722,8.475378
2025-09-23T16:20:39.003646,2.821138,4.4578285,8.41795
2025-09-23T16:20:39.003665,2.7565317,4.508078,8.331808
2025-09-23T16:20:39.003683,2.7637103,4.503292,8.26481
2025-09-23T16:20:39.003700,2.8761728,4.462614,8.312666
2025-09-23T16:20:39.003718,3.0077782,4.4745784,8.386844
2025-09-23T16:20:39.003736,3.0580273,4.520042,8.303095
2025-09-23T16:20:39.003769,3.0197423,4.570291,8.260024
2025-09-23T16:20:39.149663,3.0053852,4.5272202,8.288737
2025-09-23T16:20:39.184147,2.9623144,4.505685,8.281559
2025-09-23T16:20:39.184229,2.9336007,4.4889355,8.32463
2025-09-23T16:20:39.184251,3.0460632,4.520042,8.365308
2025-09-23T16:20:39.184269,3.1465619,4.493721,8.353344
2025-09-23T16:20:39.184286,3.1322048,4.503292,8.281559
2025-09-23T16:20:39.184303,2.9647074,4.5128636,8.279166
2025-09-23T16:20:39.184319,2.8929226,4.503292,8.305488
2025-09-23T16:20:39.184336,3.0149565,4.551149,8.271988
2025-09-23T16:20:39.184368,3.050849,4.56072,8.243274
2025-09-23T16:20:39.341921,3.050849,4.5391846,8.224132
2025-09-23T16:20:39.364145,3.0245278,4.503292,8.276773
2025-09-23T16:20:39.364196,2.9838498,4.469793,8.322237
2025-09-23T16:20:39.364240,2.914458,4.4817567,8.3581295
2025-09-23T16:20:39.364260,2.8785655,4.4674,8.394022
2025-09-23T16:20:39.364278,2.8642087,4.4434714,8.441878
2025-09-23T16:20:39.364296,2.9120653,4.398008,8.465807
2025-09-23T16:20:39.364314,2.9359934,4.4482574,8.403593
2025-09-23T16:20:39.364331,2.9168508,4.453043,8.346166
2025-09-23T16:20:39.364349,2.8833513,4.4817567,8.338987
2025-09-23T16:20:39.364372,2.9048867,4.438686,8.350951
2025-09-23T16:20:39.540482,2.9192436,4.4889355,8.3581295
2025-09-23T16:20:39.552799,2.8666015,4.54397,8.3174515
2025-09-23T16:20:39.552867,2.7852457,4.5487556,8.286345
2025-09-23T16:20:39.552913,2.8283165,4.4817567,8.362915
2025-09-23T16:20:39.552933,2.9048867,4.426722,8.429914
2025-09-23T16:20:39.552952,2.9336007,4.4195433,8.408379
2025-09-23T16:20:39.552969,2.928815,4.45065,8.372486
2025-09-23T16:20:39.552986,2.952743,4.508078,8.343773
2025-09-23T16:20:39.553002,2.9910283,4.5320063,8.276773
2025-09-23T16:20:39.553025,3.0412776,4.5559344,8.2456665
2025-09-23T16:20:39.553061,3.022135,4.551149,8.271988
2025-09-23T16:20:39.774732,3.048456,4.54397,8.271988
2025-09-23T16:20:39.913890,3.0436704,4.5272202,8.286345
2025-09-23T16:20:39.913976,3.0293136,4.5224347,8.29113
2025-09-23T16:20:39.913998,2.9958138,4.5320063,8.286345
2025-09-23T16:20:39.914016,2.9455647,4.5248275,8.298309
2025-09-23T16:20:39.914033,2.9718857,4.486542,8.322237
2025-09-23T16:20:39.914050,2.9982069,4.493721,8.322237
2025-09-23T16:20:39.914067,2.993421,4.4745784,8.3174515
2025-09-23T16:20:39.914084,2.9168508,4.4913282,8.382058
2025-09-23T16:20:39.914115,2.8666015,4.4721856,8.367701
2025-09-23T16:20:39.993544,2.8378878,4.493721,8.3581295
2025-09-23T16:20:39.993642,2.8498518,4.5152564,8.350951
2025-09-23T16:20:39.993689,2.9048867,4.493721,8.336594
2025-09-23T16:20:39.993709,2.9431717,4.5008993,8.370093
2025-09-23T16:20:39.993727,2.9455647,4.4985065,8.355737
2025-09-23T16:20:39.993746,2.9192436,4.503292,8.334201
2025-09-23T16:20:39.993762,2.8953154,4.5272202,8.334201
2025-09-23T16:20:39.993779,2.902494,4.517649,8.32463
2025-09-23T16:20:39.993795,2.9455647,4.505685,8.312666
2025-09-23T16:20:39.993812,2.955136,4.5152564,8.295917
2025-09-23T16:20:39.993844,2.9790642,4.5296135,8.243274
2025-09-23T16:20:40.139116,2.9623144,4.5391846,8.2456665
2025-09-23T16:20:40.144498,2.9886355,4.510471,8.315059
2025-09-23T16:20:40.144542,2.981457,4.5008993,8.336594
2025-09-23T16:20:40.144572,2.9168508,4.5008993,8.331808
2025-09-23T16:20:40.144591,2.8689942,4.5224347,8.329415
2025-09-23T16:20:40.144609,2.8833513,4.5320063,8.300702
2025-09-23T16:20:40.144627,2.9455647,4.534399,8.303095
2025-09-23T16:20:40.144645,2.9790642,4.536792,8.310273
2025-09-23T16:20:40.144663,2.9623144,4.534399,8.298309
2025-09-23T16:20:40.144689,2.9742785,4.536792,8.286345
2025-09-23T16:20:40.367856,2.9312077,4.493721,8.303095
2025-09-23T16:20:40.422544,2.9359934,4.4745784,8.334201
2025-09-23T16:20:40.422632,2.9647074,4.479364,8.350951
2025-09-23T16:20:40.422653,2.9623144,4.510471,8.334201
2025-09-23T16:20:40.422672,2.9503503,4.508078,8.331808
2025-09-23T16:20:40.422689,2.9216363,4.508078,8.327023
2025-09-23T16:20:40.422705,2.914458,4.508078,8.343773
2025-09-23T16:20:40.422722,2.928815,4.4889355,8.331808
2025-09-23T16:20:40.422738,2.955136,4.5128636,8.334201
2025-09-23T16:20:40.422754,2.9479575,4.5391846,8.274381
2025-09-23T16:20:40.422786,2.9455647,4.5559344,8.238488
2025-09-23T16:20:40.550578,2.9599216,4.5559344,8.262417
2025-09-23T16:20:40.752942,2.9790642,4.5535417,8.257631
2025-09-23T16:20:40.753011,2.969493,4.558327,8.281559
2025-09-23T16:20:40.753033,2.955136,4.503292,8.336594
2025-09-23T16:20:40.753051,2.9671001,4.5152564,8.365308
2025-09-23T16:20:40.753070,2.952743,4.5224347,8.353344
2025-09-23T16:20:40.753088,2.9336007,4.5128636,8.336594
2025-09-23T16:20:40.753106,2.926422,4.517649,8.300702
2025-09-23T16:20:40.753123,2.9431717,4.520042,8.281559
2025-09-23T16:20:40.753141,2.9647074,4.54397,8.276773
2025-09-23T16:20:40.753159,2.9623144,4.5272202,8.29113
2025-09-23T16:20:40.753176,2.9575288,4.508078,8.303095
2025-09-23T16:20:40.753194,2.9575288,4.5008993,8.336594
2025-09-23T16:20:40.753211,2.9312077,4.508078,8.346166
2025-09-23T16:20:40.753229,2.9671001,4.5296135,8.30788
2025-09-23T16:20:40.753246,2.9671001,4.536792,8.286345
2025-09-23T16:20:40.753264,3.0053852,4.558327,8.279166
2025-09-23T16:20:40.753282,3.0197423,4.5296135,8.267202
2025-09-23T16:20:40.757590,3.0005996,4.5391846,8.315059
2025-09-23T16:20:40.757664,2.9671001,4.536792,8.343773
2025-09-23T16:20:40.757688,2.9455647,4.503292,8.348558
2025-09-23T16:20:40.869320,2.940779,4.503292,8.353344
2025-09-23T16:20:41.268384,2.9455647,4.517649,8.310273
2025-09-23T16:20:41.268443,2.969493,4.520042,8.269595
2025-09-23T16:20:41.268465,2.993421,4.5152564,8.300702
2025-09-23T16:20:41.268483,2.981457,4.505685,8.322237
2025-09-23T16:20:41.268500,2.9431717,4.5128636,8.319844
2025-09-23T16:20:41.268517,2.8953154,4.508078,8.322237
2025-09-23T16:20:41.268533,2.9096723,4.503292,8.315059
2025-09-23T16:20:41.268556,2.9431717,4.5008993,8.3174515
2025-09-23T16:20:41.268587,2.981457,4.534399,8.283952
2025-09-23T16:20:41.268603,2.9623144,4.534399,8.295917
2025-09-23T16:20:41.268621,2.9838498,4.5272202,8.32463
2025-09-23T16:20:41.268639,2.9910283,4.5128636,8.336594
2025-09-23T16:20:41.268657,2.9790642,4.510471,8.348558
2025-09-23T16:20:41.268674,2.9742785,4.503292,8.336594
2025-09-23T16:20:41.268692,2.9671001,4.510471,8.3174515
2025-09-23T16:20:41.268710,2.952743,4.5248275,8.303095
2025-09-23T16:20:41.385199,2.9240294,4.5152564,8.303095
2025-09-23T16:20:41.385260,2.940779,4.5248275,8.298309
2025-09-23T16:20:41.385282,2.9623144,4.5224347,8.288737
2025-09-23T16:20:41.385300,2.9647074,4.5224347,8.303095
2025-09-23T16:20:41.385317,2.9455647,4.5152564,8.305488
2025-09-23T16:20:41.385333,2.928815,4.5224347,8.319844
2025-09-23T16:20:41.385350,2.9766715,4.5248275,8.3174515
2025-09-23T16:20:41.385367,2.993421,4.5415773,8.300702
2025-09-23T16:20:41.385384,2.993421,4.5224347,8.269595
2025-09-23T16:20:41.385400,2.9671001,4.5008993,8.295917
2025-09-23T16:20:41.385417,2.914458,4.5224347,8.365308
2025-09-23T16:20:41.470678,2.9383862,4.496114,8.3581295
2025-09-23T16:20:41.552780,2.9455647,4.4889355,8.386844
2025-09-23T16:20:41.552847,2.9168508,4.4817567,8.338987
2025-09-23T16:20:41.552868,2.914458,4.4721856,8.293523
2025-09-23T16:20:41.552887,2.952743,4.4985065,8.32463
2025-09-23T16:20:41.552904,2.981457,4.510471,8.327023
2025-09-23T16:20:41.552921,2.9838498,4.520042,8.303095
2025-09-23T16:20:41.552938,2.9766715,4.5272202,8.271988
2025-09-23T16:20:41.552955,2.9766715,4.551149,8.262417
2025-09-23T16:20:41.552972,2.9886355,4.536792,8.276773
2025-09-23T16:20:41.649573,2.9671001,4.5248275,8.286345
2025-09-23T16:20:41.790623,2.9383862,4.56072,8.298309
2025-09-23T16:20:41.790690,2.9168508,4.5272202,8.329415
2025-09-23T16:20:41.790735,2.9383862,4.505685,8.350951
2025-09-23T16:20:41.790753,3.0149565,4.4674,8.355737
2025-09-23T16:20:41.790770,3.0388846,4.496114,8.348558
2025-09-23T16:20:41.790786,3.0005996,4.505685,8.346166
2025-09-23T16:20:41.790802,2.9958138,4.520042,8.283952
2025-09-23T16:20:41.790819,2.9958138,4.546363,8.267202
2025-09-23T16:20:41.790836,2.9766715,4.5655055,8.255239
2025-09-23T16:20:41.790853,2.9671001,4.5726843,8.236095
2025-09-23T16:20:41.870901,2.9359934,4.54397,8.271988
2025-09-23T16:20:41.976492,2.8977082,4.536792,8.283952
2025-09-23T16:20:41.976553,2.8905299,4.5128636,8.300702
2025-09-23T16:20:41.976580,2.8929226,4.493721,8.346166
2025-09-23T16:20:41.976598,2.8977082,4.4985065,8.374879
2025-09-23T16:20:41.976616,2.9312077,4.4889355,8.34138
2025-09-23T16:20:41.976632,2.9647074,4.510471,8.336594
2025-09-23T16:20:41.976649,3.0173492,4.510471,8.322237
2025-09-23T16:20:41.976665,3.0029924,4.510471,8.310273
2025-09-23T16:20:41.976681,2.9647074,4.5248275,8.30788
2025-09-23T16:20:41.976698,2.9575288,4.4913282,8.32463
2025-09-23T16:20:42.053767,2.9718857,4.505685,8.32463
2025-09-23T16:20:42.089007,2.9790642,4.5391846,8.322237
2025-09-23T16:20:42.089075,2.9766715,4.5224347,8.310273
2025-09-23T16:20:42.089108,2.9886355,4.517649,8.288737
2025-09-23T16:20:42.089127,2.9671001,4.5224347,8.293523
2025-09-23T16:20:42.089144,2.9790642,4.5320063,8.269595
2025-09-23T16:20:42.089160,2.952743,4.5128636,8.274381
2025-09-23T16:20:42.089177,2.9575288,4.517649,8.310273
2025-09-23T16:20:42.089193,2.9790642,4.5008993,8.319844
2025-09-23T16:20:42.089211,2.9742785,4.496114,8.331808
2025-09-23T16:20:42.323314,2.9455647,4.5008993,8.327023
2025-09-23T16:20:42.387648,2.952743,4.4913282,8.329415
2025-09-23T16:20:42.387704,2.9790642,4.496114,8.30788
2025-09-23T16:20:42.387727,2.9766715,4.4745784,8.34138
2025-09-23T16:20:42.387747,2.952743,4.4913282,8.336594
2025-09-23T16:20:42.387765,2.9359934,4.5415773,8.315059
2025-09-23T16:20:42.387783,2.969493,4.5224347,8.32463
2025-09-23T16:20:42.387800,2.9718857,4.505685,8.288737
2025-09-23T16:20:42.387818,2.9718857,4.5248275,8.279166
2025-09-23T16:20:42.387836,2.955136,4.510471,8.262417
2025-09-23T16:20:42.387858,2.955136,4.503292,8.319844
2025-09-23T16:20:42.453745,2.9766715,4.505685,8.3174515
2025-09-23T16:20:42.674439,2.9359934,4.4913282,8.319844
2025-09-23T16:20:42.674487,2.9455647,4.5128636,8.3174515
2025-09-23T16:20:42.674525,2.969493,4.5008993,8.319844
2025-09-23T16:20:42.674544,2.9647074,4.503292,8.336594
2025-09-23T16:20:42.674561,2.9742785,4.517649,8.327023
2025-09-23T16:20:42.674585,2.9790642,4.505685,8.329415
2025-09-23T16:20:42.674602,3.0005996,4.5152564,8.295917
2025-09-23T16:20:42.674619,2.9671001,4.551149,8.295917
2025-09-23T16:20:42.674637,2.9742785,4.517649,8.300702
2025-09-23T16:20:42.674654,3.0005996,4.5152564,8.30788
2025-09-23T16:20:42.674672,2.9862428,4.508078,8.303095
2025-09-23T16:20:42.674689,2.981457,4.510471,8.315059
2025-09-23T16:20:42.674707,2.9623144,4.5008993,8.334201
2025-09-23T16:20:42.674724,2.9479575,4.469793,8.319844
2025-09-23T16:20:42.674742,2.9647074,4.503292,8.310273
2025-09-23T16:20:42.674759,2.9718857,4.5296135,8.298309
2025-09-23T16:20:42.674776,2.9647074,4.5224347,8.305488
2025-09-23T16:20:42.699107,2.9838498,4.5272202,8.295917
2025-09-23T16:20:42.699196,2.981457,4.5008993,8.26481
2025-09-23T16:20:42.699221,2.9718857,4.5248275,8.286345
2025-09-23T16:20:42.865277,2.9910283,4.4889355,8.34138
2025-09-23T16:20:42.870037,3.0125637,4.505685,8.322237
2025-09-23T16:20:42.870112,2.9766715,4.496114,8.3174515
2025-09-23T16:20:42.870163,2.9790642,4.510471,8.338987
2025-09-23T16:20:42.870211,2.9718857,4.546363,8.276773
2025-09-23T16:20:42.870256,2.9718857,4.5415773,8.248059
2025-09-23T16:20:42.870301,2.9671001,4.534399,8.267202
2025-09-23T16:20:42.870345,2.9503503,4.4889355,8.295917
2025-09-23T16:20:42.870389,2.9503503,4.4721856,8.30788
2025-09-23T16:20:42.870434,2.940779,4.4674,8.350951
2025-09-23T16:20:42.870495,2.9359934,4.486542,8.3581295
