timestamp,x,y,z
2025-09-23T17:11:04.881605,0.27038896,9.772287,-0.74895346
2025-09-23T17:11:04.902457,0.1794617,9.812965,-0.7848458
2025-09-23T17:11:04.925055,0.062213387,9.767502,-0.782453
2025-09-23T17:11:04.938445,-0.0071784677,9.753145,-0.7298109
2025-09-23T17:11:04.957191,-0.009571291,9.707682,-0.70588267
2025-09-23T17:11:04.977589,-0.031106694,9.738789,-0.80159557
2025-09-23T17:11:04.994043,-0.05503492,9.805787,-0.8662018
2025-09-23T17:11:05.018478,0.02632105,9.822537,-0.8327023
2025-09-23T17:11:05.032624,0.17706887,9.8321085,-0.7537391
2025-09-23T17:11:05.051398,0.25603202,9.779466,-0.73459655
2025-09-23T17:11:05.073953,0.3469593,9.750752,-0.77766734
2025-09-23T17:11:05.096409,0.37088752,9.767502,-0.81834537
2025-09-23T17:11:05.106722,0.38763726,9.767502,-0.76570326
2025-09-23T17:11:05.131449,0.36610186,9.79143,-0.74416786
2025-09-23T17:11:05.147859,0.21535404,9.757931,-0.8063812
2025-09-23T17:11:05.163027,0.10289137,9.712467,-0.8997013
2025-09-23T17:11:05.184370,0.0526421,9.669396,-0.9068798
2025-09-23T17:11:05.204191,0.0047856453,9.724431,-0.8542377
2025-09-23T17:11:05.225399,0.019142581,9.784252,-0.7704889
2025-09-23T17:11:05.238924,0.09332009,9.79143,-0.71306115
2025-09-23T17:11:05.260008,0.2009971,9.810573,-0.7537391
2025-09-23T17:11:05.277006,0.28953153,9.779466,-0.7968099
2025-09-23T17:11:05.294713,0.32542387,9.700503,-0.782453
2025-09-23T17:11:05.314972,0.36131623,9.693324,-0.7968099
2025-09-23T17:11:05.335868,0.3397808,9.736395,-0.7680961
2025-09-23T17:11:05.350969,0.3062813,9.781859,-0.72502524
2025-09-23T17:11:05.373430,0.25842485,9.827323,-0.70348984
2025-09-23T17:11:05.389828,0.2943172,9.74836,-0.6987042
2025-09-23T17:11:05.408691,0.23688944,9.77468,-0.70348984
2025-09-23T17:11:05.428381,0.1363909,9.789038,-0.6580262
2025-09-23T17:11:05.450788,0.14596218,9.815358,-0.6723832
2025-09-23T17:11:05.464307,0.19621146,9.844072,-0.74895346
2025-09-23T17:11:05.485799,0.17228323,9.829716,-0.73459655
2025-09-23T17:11:05.507486,0.19142582,9.820144,-0.7298109
2025-09-23T17:11:05.521774,0.27756742,9.793823,-0.7585248
2025-09-23T17:11:05.539556,0.34217364,9.736395,-0.7537391
2025-09-23T17:11:05.562042,0.35653058,9.705289,-0.7178468
2025-09-23T17:11:05.592306,0.36370903,9.700503,-0.80877405
2025-09-23T17:11:05.594990,0.3900301,9.688539,-0.89730847
2025-09-23T17:11:05.614404,0.2727818,9.693324,-0.9164511
2025-09-23T17:11:05.634281,0.21296121,9.674182,-0.7896315
2025-09-23T17:11:05.651421,0.1268196,9.729217,-0.66999036
2025-09-23T17:11:05.674552,0.09332009,9.789038,-0.65324056
2025-09-23T17:11:05.694672,-0.023928227,9.848858,-0.715454
2025-09-23T17:11:05.917368,-0.148355,9.829716,-0.75613195
2025-09-23T17:11:05.950420,-0.11246266,9.803394,-0.78723866
2025-09-23T17:11:05.950488,-0.05503492,9.769895,-0.79920274
2025-09-23T17:11:05.950521,0.02632105,9.781859,-0.7920243
2025-09-23T17:11:05.950541,0.14117654,9.767502,-0.7537391
2025-09-23T17:11:05.950560,0.20578274,9.705289,-0.72263247
2025-09-23T17:11:05.950591,0.2416751,9.671789,-0.7322037
2025-09-23T17:11:05.950609,0.23928227,9.693324,-0.782453
2025-09-23T17:11:05.950627,0.2440679,9.753145,-0.8111669
2025-09-23T17:11:05.950655,0.20338993,9.805787,-0.8135597
2025-09-23T17:11:05.950673,0.20817557,9.777073,-0.8279166
2025-09-23T17:11:06.106085,0.11246266,9.750752,-0.8279166
2025-09-23T17:11:06.108994,0.043070808,9.736395,-0.7896315
2025-09-23T17:11:06.109051,0.03589234,9.738789,-0.75613195
2025-09-23T17:11:06.109074,0.078963146,9.726824,-0.7968099
2025-09-23T17:11:06.109094,0.059820566,9.729217,-0.82313097
2025-09-23T17:11:06.109113,0.083748795,9.755538,-0.8135597
2025-09-23T17:11:06.109132,0.06460621,9.74836,-0.81834537
2025-09-23T17:11:06.109151,0.10049855,9.762716,-0.81834537
2025-09-23T17:11:06.109168,0.148355,9.77468,-0.8470592
2025-09-23T17:11:06.109195,0.19621146,9.755538,-0.86141616
2025-09-23T17:11:06.109214,0.2656033,9.717253,-0.8566305
2025-09-23T17:11:06.311789,0.33738798,9.712467,-0.82313097
2025-09-23T17:11:06.332369,0.36370903,9.729217,-0.7896315
2025-09-23T17:11:06.332437,0.4019942,9.762716,-0.80877405
2025-09-23T17:11:06.332483,0.4235296,9.798609,-0.8470592
2025-09-23T17:11:06.332508,0.4139583,9.803394,-0.8422736
2025-09-23T17:11:06.332527,0.36131623,9.786645,-0.76570326
2025-09-23T17:11:06.332545,0.2656033,9.757931,-0.7465607
2025-09-23T17:11:06.332563,0.11724831,9.705289,-0.79441714
2025-09-23T17:11:06.332620,-0.02871387,9.712467,-0.8853444
2025-09-23T17:11:06.332639,-0.050249275,9.707682,-0.8853444
2025-09-23T17:11:06.332658,-0.0071784677,9.717253,-0.8255238
2025-09-23T17:11:06.510167,-0.009571291,9.700503,-0.7513463
2025-09-23T17:11:06.535607,-0.019142581,9.695718,-0.71306115
2025-09-23T17:11:06.535688,0.0023928226,9.71486,-0.74895346
2025-09-23T17:11:06.535711,0.11006984,9.777073,-0.7968099
2025-09-23T17:11:06.535731,0.18185452,9.8632145,-0.7680961
2025-09-23T17:11:06.535750,0.26081768,9.839287,-0.73459655
2025-09-23T17:11:06.535769,0.30388847,9.760324,-0.7393822
2025-09-23T17:11:06.535787,0.39481574,9.741181,-0.8542377
2025-09-23T17:11:06.535806,0.46899325,9.71486,-0.92602235
2025-09-23T17:11:06.535842,0.45942193,9.743574,-0.8757731
2025-09-23T17:11:06.713060,0.4546363,9.745967,-0.80159557
2025-09-23T17:11:06.756045,0.3804588,9.693324,-0.9020941
2025-09-23T17:11:06.756101,0.050249275,9.468399,-1.6414764
2025-09-23T17:11:06.756133,0.062213387,9.18126,-0.7369894
2025-09-23T17:11:06.756154,0.27038896,10.578669,0.014356935
2025-09-23T17:11:06.756173,0.18903299,9.887143,-0.552742
2025-09-23T17:11:06.756192,-0.46660042,9.992428,-1.3830515
2025-09-23T17:11:06.756211,0.36370903,9.822537,-0.7537391
2025-09-23T17:11:06.756229,0.086141616,9.671789,-1.0169497
2025-09-23T17:11:06.756248,0.6771688,9.631111,-0.9882358
2025-09-23T17:11:06.756294,0.76331043,9.724431,-1.0073783
2025-09-23T17:11:06.905090,0.89013004,9.896714,-0.64845496
2025-09-23T17:11:06.917122,0.6269195,9.839287,-0.57906306
2025-09-23T17:11:06.917195,0.2847459,9.736395,-0.47856453
2025-09-23T17:11:06.917217,0.05742774,9.772287,-0.526421
2025-09-23T17:11:06.917237,0.24646074,9.731609,-0.863809
2025-09-23T17:11:06.917256,0.11724831,9.829716,-1.0959128
2025-09-23T17:11:06.917274,-0.09332009,9.767502,-1.1318051
2025-09-23T17:11:06.917293,-0.19142582,9.62154,-1.0695918
2025-09-23T17:11:06.917312,-0.086141616,9.65504,-0.80159557
2025-09-23T17:11:06.917357,0.18424734,9.7196455,-0.5838487
2025-09-23T17:11:07.102971,0.31585258,9.779466,-0.5910272
2025-09-23T17:11:07.106829,0.4139583,9.769895,-0.7752745
2025-09-23T17:11:07.106873,0.47856453,9.779466,-0.8925229
2025-09-23T17:11:07.106905,0.5383851,9.779466,-0.91405827
2025-09-23T17:11:07.106924,0.5479564,9.743574,-0.85184485
2025-09-23T17:11:07.106943,0.5407779,9.700503,-0.8662018
2025-09-23T17:11:07.106961,0.44506502,9.698111,-0.89730847
2025-09-23T17:11:07.106979,0.2632105,9.726824,-0.8542377
2025-09-23T17:11:07.106997,0.16271193,9.757931,-0.7920243
2025-09-23T17:11:07.107015,0.0741775,9.743574,-0.7680961
2025-09-23T17:11:07.107060,0.08135597,9.769895,-0.8350951
2025-09-23T17:11:07.310080,0.15553348,9.767502,-0.8805587
2025-09-23T17:11:07.373343,0.24646074,9.786645,-0.79441714
2025-09-23T17:11:07.373404,0.33499518,9.765109,-0.7537391
2025-09-23T17:11:07.373426,0.38285163,9.743574,-0.80159557
2025-09-23T17:11:07.373445,0.5766702,9.674182,-0.8207382
2025-09-23T17:11:07.373464,0.37088752,9.801002,-0.80877405
2025-09-23T17:11:07.373483,0.06699903,9.829716,-0.7728817
2025-09-23T17:11:07.373501,0.20338993,9.784252,-0.73459655
2025-09-23T17:11:07.373519,0.41156548,9.753145,-0.7728817
2025-09-23T17:11:07.373537,0.36131623,9.71486,-0.86859465
2025-09-23T17:11:07.373585,0.32303107,9.712467,-0.9403793
2025-09-23T17:11:12.252023,0.36370903,9.7196455,-0.8997013
2025-09-23T17:11:12.252078,0.37088752,9.734002,-0.79920274
2025-09-23T17:11:12.252101,0.3493521,9.750752,-0.701097
2025-09-23T17:11:12.252121,0.22253251,9.789038,-0.7465607
2025-09-23T17:11:12.252140,0.16031912,9.769895,-0.7585248
2025-09-23T17:11:12.252158,0.3493521,9.568898,-0.8662018
2025-09-23T17:11:12.252177,-0.050249275,9.79143,-0.76331043
2025-09-23T17:11:12.252195,-0.1698904,9.894321,-0.72023964
2025-09-23T17:11:12.252219,0.1794617,9.74836,-0.7896315
2025-09-23T17:11:12.252242,0.1052842,9.829716,-0.8446664
2025-09-23T17:11:12.252260,0.11964113,9.793823,-0.79441714
2025-09-23T17:11:12.252278,0.3062813,9.755538,-0.7609176
2025-09-23T17:11:12.252296,0.38524446,9.738789,-0.7585248
2025-09-23T17:11:12.252315,0.36370903,9.731609,-0.76570326
2025-09-23T17:11:12.252333,0.3684947,9.741181,-0.74177504
2025-09-23T17:11:12.252352,0.2321038,9.755538,-0.7298109
2025-09-23T17:11:12.252370,0.16749759,9.77468,-0.70588267
2025-09-23T17:11:12.252388,0.11724831,9.762716,-0.70588267
2025-09-23T17:11:12.252406,0.10289137,9.757931,-0.7298109
2025-09-23T17:11:12.252424,0.13160525,9.729217,-0.7800602
2025-09-23T17:11:12.252442,0.17467605,9.722038,-0.7585248
2025-09-23T17:11:12.252460,0.22971097,9.710074,-0.6843473
2025-09-23T17:11:12.252477,0.21535404,9.734002,-0.6628119
2025-09-23T17:11:12.252496,0.16749759,9.769895,-0.6652047
2025-09-23T17:11:12.252514,0.15314065,9.760324,-0.6771688
2025-09-23T17:11:12.252532,0.16271193,9.757931,-0.70588267
2025-09-23T17:11:12.252550,0.2009971,9.793823,-0.7465607
2025-09-23T17:11:12.252575,0.19381863,9.786645,-0.73459655
2025-09-23T17:11:12.252598,0.17467605,9.784252,-0.7082755
2025-09-23T17:11:12.252616,0.21296121,9.724431,-0.72741807
2025-09-23T17:11:12.252635,0.17467605,9.757931,-0.74177504
2025-09-23T17:11:12.252652,0.17228323,9.734002,-0.715454
2025-09-23T17:11:12.252671,0.19860429,9.767502,-0.73459655
2025-09-23T17:11:12.252689,0.24646074,9.757931,-0.72741807
2025-09-23T17:11:12.275957,0.24646074,9.815358,-0.7082755
2025-09-23T17:11:12.276055,0.3469593,9.686146,-0.71306115
2025-09-23T17:11:12.276079,0.10049855,9.8632145,-0.72741807
2025-09-23T17:11:12.276100,0.33020952,9.765109,-0.70348984
2025-09-23T17:11:12.276119,0.46899325,9.65504,-0.6771688
2025-09-23T17:11:12.276137,0.52163535,9.623933,-0.7322037
2025-09-23T17:11:12.276166,0.53359944,9.68136,-0.6867401
2025-09-23T17:11:12.276184,0.30388847,9.786645,-0.64606214
2025-09-23T17:11:12.276202,0.124426775,9.820144,-0.70588267
2025-09-23T17:11:12.276221,-0.04546363,9.844072,-0.67477596
2025-09-23T17:11:12.276239,-0.03589234,9.781859,-0.68195444
2025-09-23T17:11:12.276257,0.05742774,9.74836,-0.701097
2025-09-23T17:11:12.276275,0.15314065,9.731609,-0.69152576
2025-09-23T17:11:12.276293,0.2009971,9.827323,-0.715454
2025-09-23T17:11:12.276312,0.19860429,9.875179,-0.6652047
2025-09-23T17:11:12.276330,0.32063824,9.765109,-0.66759753
2025-09-23T17:11:12.276348,0.44506502,9.678967,-0.66041905
2025-09-23T17:11:12.276366,0.38285163,9.700503,-0.6364908
2025-09-23T17:11:12.276384,0.27756742,9.779466,-0.66759753
2025-09-23T17:11:12.276402,0.22492532,9.839287,-0.76570326
2025-09-23T17:11:12.276420,0.21774685,9.812965,-0.7465607
2025-09-23T17:11:12.276438,0.2009971,9.767502,-0.6771688
2025-09-23T17:11:12.276456,0.15792629,9.765109,-0.6412765
2025-09-23T17:11:12.276474,0.15553348,9.801002,-0.57188463
2025-09-23T17:11:12.276492,0.23449662,9.760324,-0.49052864
2025-09-23T17:11:12.276510,0.26081768,9.724431,-0.57427746
2025-09-23T17:11:12.276528,0.21774685,9.743574,-0.7513463
2025-09-23T17:11:12.276546,0.22253251,9.724431,-0.8207382
2025-09-23T17:11:12.276564,0.22013968,9.757931,-0.72263247
2025-09-23T17:11:12.276588,0.2105684,9.820144,-0.6197411
2025-09-23T17:11:12.276605,0.16510476,9.772287,-0.6029913
2025-09-23T17:11:12.276630,0.10767702,9.757931,-0.66759753
2025-09-23T17:11:12.276648,0.22492532,9.693324,-0.70588267
2025-09-23T17:11:12.276666,0.37806597,9.68136,-0.6939186
2025-09-23T17:11:12.276683,0.50009996,9.717253,-0.7082755
2025-09-23T17:11:12.276701,0.5407779,9.698111,-0.73459655
2025-09-23T17:11:12.276719,0.46899325,9.674182,-0.6723832
2025-09-23T17:11:12.276737,0.38763726,9.731609,-0.59342
2025-09-23T17:11:12.276754,0.19142582,9.836894,-0.59581286
2025-09-23T17:11:12.276772,0.043070808,9.844072,-0.57906306
2025-09-23T17:11:12.276790,-0.031106694,9.779466,-0.49292147
2025-09-23T17:11:12.276809,-0.040677983,9.784252,-0.49052864
2025-09-23T17:11:12.276827,0.009571291,9.815358,-0.65084773
2025-09-23T17:11:12.276851,-0.033499517,9.834501,-0.7393822
2025-09-23T17:11:12.276875,-0.0741775,9.877572,-0.715454
2025-09-23T17:11:12.276893,0.16749759,9.801002,-0.64606214
2025-09-23T17:11:12.276911,0.33260235,9.781859,-0.6939186
2025-09-23T17:11:12.276928,0.38763726,9.772287,-0.7298109
2025-09-23T17:11:12.276946,0.47377887,9.729217,-0.7704889
2025-09-23T17:11:12.276964,0.53599226,9.729217,-0.83748794
2025-09-23T17:11:12.276982,0.64606214,9.662218,-0.9020941
2025-09-23T17:11:12.277000,0.6053841,9.619147,-0.8757731
2025-09-23T17:11:12.277019,0.44027936,9.71486,-0.7920243
2025-09-23T17:11:12.277037,0.37806597,9.798609,-0.7369894
2025-09-23T17:11:12.277055,0.36610186,9.777073,-0.74895346
2025-09-23T17:11:12.277072,0.30149564,9.822537,-0.75613195
2025-09-23T17:11:12.277090,0.3684947,9.812965,-0.7369894
2025-09-23T17:11:12.277108,0.3924229,9.767502,-0.7537391
2025-09-23T17:11:12.277126,0.35174492,9.700503,-0.7585248
2025-09-23T17:11:12.277144,0.29192436,9.643075,-0.7513463
2025-09-23T17:11:12.277163,0.19621146,9.619147,-0.7465607
2025-09-23T17:11:12.277181,0.13878371,9.686146,-0.74416786
2025-09-23T17:11:12.277200,0.1268196,9.805787,-0.7585248
2025-09-23T17:11:12.277218,0.18664017,9.875179,-0.7082755
2025-09-23T17:11:12.277236,0.22492532,9.91825,-0.6364908
2025-09-23T17:11:12.277255,0.18664017,9.925428,-0.70348984
2025-09-23T17:11:12.277273,0.20578274,9.927821,-0.849452
2025-09-23T17:11:12.277292,0.31345975,9.844072,-0.9236295
2025-09-23T17:11:12.277310,0.34456646,9.734002,-0.94277215
2025-09-23T17:11:12.277328,0.4211368,9.585648,-0.8877372
2025-09-23T17:11:12.277346,0.38524446,9.552148,-0.8709874
2025-09-23T17:11:12.277364,0.21296121,9.631111,-0.85902333
2025-09-23T17:11:12.277382,0.1268196,9.700503,-0.89013004
2025-09-23T17:11:12.277400,0.08853444,9.734002,-0.849452
2025-09-23T17:11:12.277418,0.13160525,9.781859,-0.782453
2025-09-23T17:11:12.277437,0.2727818,9.858429,-0.7537391
2025-09-23T17:11:12.277455,0.33260235,9.9015,-0.79920274
2025-09-23T17:11:12.277474,0.5072784,9.844072,-0.90448695
2025-09-23T17:11:12.277492,0.62931234,9.851251,-1.0025927
2025-09-23T17:11:12.277510,0.6987042,10.009177,-1.1006985
2025-09-23T17:11:12.277529,0.78723866,10.157532,-1.134198
2025-09-23T17:11:12.277547,0.8877372,10.092926,-1.0313065
2025-09-23T17:11:12.277570,0.72263247,9.939785,-1.0671989
2025-09-23T17:11:12.277591,0.47856453,9.803394,-1.2921243
2025-09-23T17:11:12.277609,0.4354937,9.769895,-1.4380864
2025-09-23T17:11:12.277628,0.4642076,9.777073,-1.375873
2025-09-23T17:11:12.277646,0.50009996,9.9756775,-1.3447664
2025-09-23T17:11:12.277664,0.5766702,10.150353,-0.98584294
2025-09-23T17:11:12.277682,0.8039884,10.380065,-0.32063824
2025-09-23T17:11:12.277701,1.0576276,10.432707,0.031106694
2025-09-23T17:11:12.277719,1.2083755,10.119247,-0.27517462
2025-09-23T17:11:12.277737,1.079163,9.5760765,-0.70588267
2025-09-23T17:11:12.277756,0.8805587,9.08794,-0.94277215
2025-09-23T17:11:12.277774,0.74177504,8.736196,-0.9451649
2025-09-23T17:11:12.277792,0.8662018,8.377272,-0.57427746
2025-09-23T17:11:12.277810,1.0360922,8.130812,-0.3924229
2025-09-23T17:11:12.277828,1.079163,8.288737,-0.16271193
2025-09-23T17:11:12.277846,1.268196,8.523234,-0.21535404
2025-09-23T17:11:12.277865,1.4069797,8.831908,-0.6628119
2025-09-23T17:11:12.277883,1.6510476,9.343972,-1.5816557
2025-09-23T17:11:12.277901,1.8640088,9.631111,-2.07697
2025-09-23T17:11:12.277919,2.0578275,9.65504,-1.7682959
2025-09-23T17:11:12.277937,1.9932213,9.944571,-0.6197411
2025-09-23T17:11:12.277955,2.0338993,10.470992,0.059820566
2025-09-23T17:11:12.277973,1.9525433,10.650454,0.2105684
2025-09-23T17:11:12.277992,2.2492533,10.150353,0.14117654
2025-09-23T17:11:12.278010,2.7230322,9.332008,-0.21296121
2025-09-23T17:11:12.278027,2.4263222,8.571091,-0.2321038
2025-09-23T17:11:12.278046,2.8115666,8.886943,-0.72741807
2025-09-23T17:11:12.278064,1.8903298,10.150353,-1.457229
2025-09-23T17:11:12.278082,0.5479564,10.66481,-1.7994026
2025-09-23T17:11:12.278100,-0.27517462,10.4159565,-2.024328
2025-09-23T17:11:12.278118,-0.7298109,9.712467,-1.9094725
2025-09-23T17:11:12.278138,-1.6390835,9.482756,-1.7970098
2025-09-23T17:11:12.278157,-2.1942184,9.669396,-1.5696917
2025-09-23T17:11:12.278175,-1.3495519,9.60479,-1.6199409
2025-09-23T17:11:12.278194,-0.086141616,9.7196455,-2.0793629
2025-09-23T17:11:12.278212,0.81595254,9.755538,-2.2612174
2025-09-23T17:11:12.278230,1.5361922,9.844072,-2.120041
2025-09-23T17:11:12.278248,2.0673988,10.004392,-1.4811572
2025-09-23T17:11:12.278266,2.4311078,9.994821,-0.7680961
2025-09-23T17:11:12.278285,2.4885356,9.722038,-0.27517462
2025-09-23T17:11:12.278302,1.9908284,9.475577,-0.44027936
2025-09-23T17:11:12.278320,1.5768701,9.296116,-1.1006985
2025-09-23T17:11:12.278338,1.0743774,9.176475,-1.6223338
2025-09-23T17:11:12.278356,0.4354937,9.193225,-1.8329022
2025-09-23T17:11:12.278374,-0.13878371,9.60479,-1.8281165
2025-09-23T17:11:12.278393,-0.6580262,10.1599245,-1.7204394
2025-09-23T17:11:12.278412,-1.1676974,10.578669,-1.4620147
2025-09-23T17:11:12.278431,-1.3806586,10.581061,-1.2562319
2025-09-23T17:11:12.278449,-1.3423735,10.363315,-1.3064811
2025-09-23T17:11:12.278467,-0.79920274,9.9756775,-1.3926228
2025-09-23T17:11:12.278485,-0.02871387,9.619147,-1.3064811
2025-09-23T17:11:12.278503,0.47856453,9.454042,-1.119841
2025-09-23T17:11:12.278521,0.8135597,9.482756,-1.1676974
2025-09-23T17:11:12.278539,1.0456635,9.480363,-1.4117653
2025-09-23T17:11:12.278557,1.1700903,9.489935,-1.5074782
2025-09-23T17:11:12.278577,1.2107682,9.640682,-1.4883357
2025-09-23T17:11:12.278595,1.1078769,9.784252,-1.4931214
2025-09-23T17:11:12.278612,0.74416786,9.829716,-1.3208381
2025-09-23T17:11:12.278630,0.37328035,9.817751,-1.0839486
2025-09-23T17:11:12.278649,0.15792629,9.765109,-0.90448695
2025-09-23T17:11:12.278667,0.08135597,9.726824,-0.9451649
2025-09-23T17:11:12.278687,0.038285162,9.765109,-1.1700903
2025-09-23T17:11:12.278706,-0.0047856453,9.858429,-1.4739788
2025-09-23T17:11:12.278724,0.0047856453,9.877572,-1.7204394
2025-09-23T17:11:12.278742,0.13160525,9.853643,-1.8544376
2025-09-23T17:11:12.278760,0.17467605,9.894321,-1.9310079
2025-09-23T17:11:12.278779,0.18185452,9.911072,-1.9788643
2025-09-23T17:11:12.278797,0.16031912,9.772287,-2.0051854
2025-09-23T17:11:12.278815,0.25842485,9.530613,-1.8783658
2025-09-23T17:11:12.278832,0.6580262,9.360723,-1.5625132
2025-09-23T17:11:12.278850,1.0313065,9.265009,-1.18684
2025-09-23T17:11:12.278867,1.4069797,9.3104725,-0.6771688
2025-09-23T17:11:12.278885,1.9812572,9.482756,-0.078963146
2025-09-23T17:11:12.278903,2.4263222,9.688539,0.19621146
2025-09-23T17:11:12.278921,2.4837499,9.772287,-0.33738798
2025-09-23T17:11:12.278939,2.3545375,9.657433,-0.8255238
2025-09-23T17:11:12.278956,2.213361,9.549755,-0.9164511
2025-09-23T17:11:12.278974,1.8496519,9.822537,-0.9164511
2025-09-23T17:11:12.278991,1.1892328,9.987641,-0.7968099
2025-09-23T17:11:12.279010,0.634098,9.77468,-0.567099
2025-09-23T17:11:12.279028,0.35174492,9.456435,-0.04546363
2025-09-23T17:11:12.279046,0.19621146,9.458828,-0.11964113
2025-09-23T17:11:12.279064,0.3924229,9.738789,0.8111669
2025-09-23T17:11:12.279082,1.6773686,9.88475,1.6223338
2025-09-23T17:11:12.279100,2.5339992,10.006784,1.2131611
2025-09-23T17:11:12.279119,2.4598217,10.068997,0.46181476
2025-09-23T17:11:12.279136,2.3904297,9.961321,0.1268196
2025-09-23T17:11:12.279154,1.8903298,9.834501,0.5168497
2025-09-23T17:11:12.279172,1.2131611,9.772287,0.8662018
2025-09-23T17:11:12.279189,0.7728817,9.913465,0.7369894
2025-09-23T17:11:12.279208,0.88295156,10.004392,0.39720857
2025-09-23T17:11:12.279226,1.2610176,10.0163555,0.5383851
2025-09-23T17:11:12.279244,1.579263,9.734002,0.8853444
2025-09-23T17:11:12.279261,1.6773686,9.260223,0.8207382
2025-09-23T17:11:12.279279,1.5864414,9.08794,0.6987042
2025-09-23T17:11:12.279297,1.5840486,9.434899,0.87338024
2025-09-23T17:11:12.279315,1.538585,9.920643,1.119841
2025-09-23T17:11:12.279333,1.3878372,10.157532,0.930808
2025-09-23T17:11:12.279351,1.1581261,9.858429,0.634098
2025-09-23T17:11:12.279369,1.1294123,9.334401,0.46660042
2025-09-23T17:11:12.279387,1.4452649,9.071191,0.16749759
2025-09-23T17:11:12.279408,1.7946169,8.941978,0.021535404
2025-09-23T17:11:12.279427,1.9166509,8.831908,-0.062213387
2025-09-23T17:11:12.279445,2.0338993,8.719446,-0.019142581
2025-09-23T17:11:12.279463,1.995614,8.807981,-0.050249275
2025-09-23T17:11:12.279481,1.9238294,8.941978,-0.0047856453
2025-09-23T17:11:12.279499,1.9070797,8.961121,0.30867413
2025-09-23T17:11:12.279517,1.9190438,9.200403,0.36131623
2025-09-23T17:11:12.279535,1.835295,9.79143,0.39960137
2025-09-23T17:11:12.279553,1.7563318,10.999805,0.71306115
2025-09-23T17:11:12.279574,1.4548361,12.284752,0.9595219
2025-09-23T17:11:12.279592,0.6628119,12.229716,0.5910272
2025-09-23T17:11:12.279611,-0.08853444,10.911271,-0.15314065
2025-09-23T17:11:12.279630,-0.22731815,9.571291,-0.16510476
2025-09-23T17:11:12.279648,0.17706887,8.786445,0.30149564
2025-09-23T17:11:12.279666,0.66999036,8.630911,0.44985065
2025-09-23T17:11:12.279684,0.72263247,8.874979,0.0741775
2025-09-23T17:11:12.279703,0.6436693,9.18126,-0.4881358
2025-09-23T17:11:12.279721,0.8350951,9.506684,-0.5766702
2025-09-23T17:11:12.279739,1.2729816,9.803394,-0.11246266
2025-09-23T17:11:12.279757,1.861616,9.851251,0.2656033
2025-09-23T17:11:12.279775,1.9549361,9.74836,0.14356937
2025-09-23T17:11:12.279793,1.7874385,9.650253,-0.15314065
2025-09-23T17:11:12.279811,1.6558332,9.801002,-0.37567315
2025-09-23T17:11:12.279829,1.0313065,9.834501,-0.6580262
2025-09-23T17:11:12.279847,0.37328035,9.698111,-0.9667004
2025-09-23T17:11:12.279866,0.3900301,9.786645,-1.0145568
2025-09-23T17:11:12.279883,0.2321038,9.877572,-0.62931234
2025-09-23T17:11:12.279901,-0.2009971,9.834501,-0.30867413
2025-09-23T17:11:12.279920,-0.29192436,9.717253,-0.3589234
2025-09-23T17:11:12.279938,-0.19142582,9.676575,-0.61016977
2025-09-23T17:11:12.279956,0.08853444,9.729217,-0.58624154
2025-09-23T17:11:12.279974,0.2536392,9.8727865,-0.4426722
2025-09-23T17:11:12.279992,0.38524446,9.9038925,-0.4881358
2025-09-23T17:11:12.280010,0.39960137,9.812965,-0.71306115
2025-09-23T17:11:12.290502,0.20817557,9.79143,-0.8063812
2025-09-23T17:11:12.290548,0.08853444,9.812965,-0.7609176
2025-09-23T17:11:12.290580,0.16271193,9.777073,-0.74416786
2025-09-23T17:11:12.290600,0.26081768,9.688539,-0.7178468
2025-09-23T17:11:12.290620,0.16031912,9.74836,-0.77766734
2025-09-23T17:11:12.290638,0.1268196,9.736395,-0.9068798
2025-09-23T17:11:12.290657,0.0741775,9.856036,-0.90448695
2025-09-23T17:11:12.290675,0.040677983,9.875179,-0.74416786
2025-09-23T17:11:12.290693,0.07178468,9.84168,-0.76331043
2025-09-23T17:11:12.290711,0.14596218,9.846465,-0.8709874
2025-09-23T17:11:12.290730,0.2943172,9.891929,-0.79920274
2025-09-23T17:11:12.290749,0.35653058,9.870394,-0.74895346
2025-09-23T17:11:12.290767,0.23688944,9.786645,-0.76570326
2025-09-23T17:11:12.290786,-0.009571291,9.707682,-0.7728817
2025-09-23T17:11:12.302087,-0.15553348,9.707682,-0.72741807
2025-09-23T17:11:12.321496,-0.14356937,9.743574,-0.81834537
2025-09-23T17:11:12.343812,-0.124426775,9.765109,-0.82313097
2025-09-23T17:11:12.359894,-0.20817557,9.812965,-0.73459655
2025-09-23T17:11:12.378153,-0.17228323,9.772287,-0.715454
2025-09-23T17:11:12.401263,-0.08853444,9.767502,-0.83988076
2025-09-23T17:11:12.417618,-0.08853444,9.822537,-0.82313097
2025-09-23T17:11:12.434336,-0.050249275,9.801002,-0.74177504
2025-09-23T17:11:12.455451,0.0526421,9.772287,-0.6269195
2025-09-23T17:11:12.474439,0.1052842,9.741181,-0.61016977
2025-09-23T17:11:12.489288,0.09571291,9.750752,-0.7968099
2025-09-23T17:11:12.509618,0.11485548,9.856036,-0.8877372
2025-09-23T17:11:12.531165,0.19860429,9.9038925,-0.79441714
2025-09-23T17:11:12.550797,0.26081768,9.887143,-0.6364908
2025-09-23T17:11:12.569299,0.22492532,9.781859,-0.5623133
2025-09-23T17:11:12.585434,0.17467605,9.698111,-0.5910272
2025-09-23T17:11:12.604288,0.13878371,9.671789,-0.701097
2025-09-23T17:11:12.623997,0.08853444,9.68136,-0.74177504
2025-09-23T17:11:12.649821,0.086141616,9.767502,-0.6053841
2025-09-23T17:11:12.659100,0.11006984,9.798609,-0.45702913
2025-09-23T17:11:12.679332,0.17467605,9.784252,-0.40917268
2025-09-23T17:11:12.704709,0.2536392,9.777073,-0.44027936
2025-09-23T17:11:12.715829,0.2847459,9.731609,-0.5623133
2025-09-23T17:11:12.736248,0.2943172,9.717253,-0.59342
2025-09-23T17:11:12.753419,0.2847459,9.738789,-0.53599226
2025-09-23T17:11:12.777015,0.3684947,9.683753,-0.485743
2025-09-23T17:11:12.810017,0.36610186,9.693324,-0.44985065
2025-09-23T17:11:12.815270,0.3278167,9.731609,-0.43070808
2025-09-23T17:11:12.829972,0.25842485,9.781859,-0.44506502
2025-09-23T17:11:12.849047,0.21535404,9.82493,-0.4881358
2025-09-23T17:11:12.865809,0.2536392,9.777073,-0.5024927
2025-09-23T17:11:12.883918,0.3182454,9.772287,-0.5024927
2025-09-23T17:11:12.906236,0.3182454,9.789038,-0.4833502
2025-09-23T17:11:12.930173,0.4019942,9.79143,-0.47377887
2025-09-23T17:11:12.941000,0.53359944,9.762716,-0.41635114
2025-09-23T17:11:12.961333,0.5982057,9.745967,-0.40438703
2025-09-23T17:11:12.979098,0.6412765,9.726824,-0.43070808
2025-09-23T17:11:13.000156,0.7393822,9.798609,-0.42592242
2025-09-23T17:11:13.019492,0.8063812,9.829716,-0.38763726
2025-09-23T17:11:13.042363,0.86859465,9.851251,-0.30149564
2025-09-23T17:11:13.053872,0.9379865,9.879965,-0.2536392
2025-09-23T17:11:13.073015,0.971486,9.889536,-0.20817557
2025-09-23T17:11:13.095253,0.98584294,9.84168,-0.28953153
2025-09-23T17:11:13.112200,0.9523434,9.786645,-0.4331009
2025-09-23T17:11:13.131963,0.76331043,9.741181,-0.3924229
2025-09-23T17:11:13.151057,0.63170516,9.726824,-0.29192436
2025-09-23T17:11:13.169656,0.5479564,9.767502,-0.2847459
2025-09-23T17:11:13.192309,0.55034924,9.868001,-0.32542387
2025-09-23T17:11:13.209422,0.53359944,9.875179,-0.32542387
2025-09-23T17:11:13.224163,0.49292147,9.781859,-0.20578274
2025-09-23T17:11:13.242610,0.55513483,9.734002,-0.03589234
2025-09-23T17:11:13.272212,0.6723832,9.777073,-0.05742774
2025-09-23T17:11:13.279254,0.7322037,9.784252,-0.12203395
2025-09-23T17:11:13.301549,0.76331043,9.875179,-0.15792629
2025-09-23T17:11:13.318293,0.81595254,9.949356,-0.2105684
2025-09-23T17:11:13.342594,0.86141616,9.913465,-0.2416751
2025-09-23T17:11:13.355905,0.8542377,9.815358,-0.2009971
2025-09-23T17:11:13.378443,0.79441714,9.736395,-0.23449662
2025-09-23T17:11:13.396315,0.73459655,9.698111,-0.30388847
2025-09-23T17:11:13.416889,0.6436693,9.710074,-0.27756742
2025-09-23T17:11:13.429854,0.57427746,9.805787,-0.20578274
2025-09-23T17:11:13.450943,0.5192425,9.911072,-0.2321038
2025-09-23T17:11:13.470457,0.46181476,9.906285,-0.29910284
2025-09-23T17:11:13.486864,0.40438703,9.781859,-0.33260235
2025-09-23T17:11:13.506273,0.38524446,9.705289,-0.29671
2025-09-23T17:11:13.529868,0.3804588,9.664611,-0.2536392
2025-09-23T17:11:13.543956,0.38763726,9.650253,-0.24646074
2025-09-23T17:11:13.561993,0.40438703,9.702896,-0.31106696
2025-09-23T17:11:13.580952,0.34217364,9.817751,-0.36131623
2025-09-23T17:11:13.603978,0.2632105,9.858429,-0.3924229
2025-09-23T17:11:13.622456,0.23688944,9.856036,-0.4833502
2025-09-23T17:11:13.636999,0.31345975,9.793823,-0.567099
2025-09-23T17:11:13.682517,0.29192436,9.777073,-0.5072784
2025-09-23T17:11:13.686358,0.24646074,9.767502,-0.4139583
2025-09-23T17:11:13.695081,0.23928227,9.755538,-0.3684947
2025-09-23T17:11:13.711829,0.2321038,9.789038,-0.40917268
2025-09-23T17:11:13.732230,0.124426775,9.815358,-0.5192425
2025-09-23T17:11:13.749483,0.038285162,9.812965,-0.5982057
2025-09-23T17:11:13.777965,0.11006984,9.8321085,-0.6628119
2025-09-23T17:11:13.788375,0.2727818,9.817751,-0.6221339
2025-09-23T17:11:13.820769,0.3589234,9.757931,-0.60777694
2025-09-23T17:11:13.827496,0.36131623,9.662218,-0.6436693
2025-09-23T17:11:13.845196,0.35413775,9.626326,-0.7322037
2025-09-23T17:11:13.867599,0.39481574,9.667004,-0.7585248
2025-09-23T17:11:13.882784,0.47377887,9.755538,-0.66999036
2025-09-23T17:11:13.901428,0.3924229,9.8321085,-0.61734825
2025-09-23T17:11:13.927213,0.2847459,9.848858,-0.64845496
2025-09-23T17:11:13.937238,0.31345975,9.798609,-0.7106683
2025-09-23T17:11:13.958743,0.37088752,9.769895,-0.7082755
2025-09-23T17:11:13.974532,0.37088752,9.784252,-0.6795616
2025-09-23T17:11:13.994199,0.3182454,9.781859,-0.66999036
2025-09-23T17:11:14.013396,0.33499518,9.7196455,-0.7680961
2025-09-23T17:11:14.040643,0.33020952,9.710074,-0.79920274
2025-09-23T17:11:14.092113,0.27996024,9.77468,-0.7298109
2025-09-23T17:11:14.098062,0.26799613,9.829716,-0.66759753
2025-09-23T17:11:14.098140,0.39481574,9.779466,-0.701097
2025-09-23T17:11:14.106654,0.5072784,9.762716,-0.8279166
2025-09-23T17:11:14.142279,0.6221339,9.722038,-0.83988076
2025-09-23T17:11:14.148907,0.69152576,9.710074,-0.7728817
2025-09-23T17:11:14.164883,0.7298109,9.741181,-0.61734825
2025-09-23T17:11:14.181791,0.66999036,9.738789,-0.56470615
2025-09-23T17:11:14.200251,0.60777694,9.722038,-0.61734825
2025-09-23T17:11:14.225117,0.5623133,9.729217,-0.71306115
2025-09-23T17:11:14.238603,0.56470615,9.690931,-0.715454
2025-09-23T17:11:14.257762,0.567099,9.753145,-0.66041905
2025-09-23T17:11:14.280135,0.57427746,9.812965,-0.6197411
2025-09-23T17:11:14.296520,0.6197411,9.798609,-0.66041905
2025-09-23T17:11:14.317636,0.64606214,9.789038,-0.6771688
2025-09-23T17:11:14.336095,0.64845496,9.736395,-0.63170516
2025-09-23T17:11:14.352472,0.6843473,9.698111,-0.552742
2025-09-23T17:11:14.369187,0.6891329,9.738789,-0.5479564
2025-09-23T17:11:14.390621,0.68195444,9.731609,-0.5910272
2025-09-23T17:11:14.406305,0.6364908,9.734002,-0.6053841
2025-09-23T17:11:14.427519,0.55513483,9.731609,-0.64845496
2025-09-23T17:11:14.445394,0.5407779,9.722038,-0.6556334
2025-09-23T17:11:14.464774,0.552742,9.74836,-0.6963114
2025-09-23T17:11:14.481962,0.6053841,9.736395,-0.7298109
2025-09-23T17:11:14.503008,0.66759753,9.755538,-0.71306115
2025-09-23T17:11:14.525251,0.701097,9.77468,-0.6197411
2025-09-23T17:11:14.547330,0.74177504,9.760324,-0.53359944
2025-09-23T17:11:14.557282,0.8279166,9.731609,-0.52163535
2025-09-23T17:11:14.578603,0.89013004,9.707682,-0.5814559
2025-09-23T17:11:14.595382,0.9284152,9.707682,-0.61016977
2025-09-23T17:11:14.619057,0.9523434,9.705289,-0.5838487
2025-09-23T17:11:14.633279,1.0049855,9.674182,-0.5407779
2025-09-23T17:11:14.653052,0.99302137,9.647861,-0.4977071
2025-09-23T17:11:14.670814,0.9451649,9.695718,-0.51206404
2025-09-23T17:11:14.690596,0.8997013,9.745967,-0.4953143
2025-09-23T17:11:14.706941,0.8925229,9.822537,-0.45702913
2025-09-23T17:11:14.727388,0.9020941,9.772287,-0.47377887
2025-09-23T17:11:14.746656,0.79441714,9.729217,-0.53599226
2025-09-23T17:11:14.764471,0.72741807,9.736395,-0.60777694
2025-09-23T17:11:14.783925,0.74895346,9.645468,-0.7178468
2025-09-23T17:11:14.808098,0.80877405,9.667004,-0.6364908
2025-09-23T17:11:14.826237,0.86141616,9.772287,-0.5312066
2025-09-23T17:11:14.841067,0.9595219,9.803394,-0.49292147
2025-09-23T17:11:14.861008,0.9738788,9.722038,-0.3684947
2025-09-23T17:11:14.877377,0.9284152,9.674182,-0.18424734
2025-09-23T17:11:14.898531,0.7585248,9.710074,-0.21535404
2025-09-23T17:11:14.914082,0.72502524,9.836894,-0.33260235
2025-09-23T17:11:14.934014,0.9523434,9.834501,-0.6029913
2025-09-23T17:11:14.957783,1.2466606,9.765109,-0.7896315
2025-09-23T17:11:14.972412,1.4093726,9.686146,-0.8279166
2025-09-23T17:11:14.990093,1.5577276,9.5760765,-0.7106683
2025-09-23T17:11:15.008272,1.5577276,9.571291,-0.59581286
2025-09-23T17:11:15.026791,1.5433706,9.652647,-0.45702913
2025-09-23T17:11:15.051471,1.402194,9.695718,-0.39720857
2025-09-23T17:11:15.064841,1.2083755,9.702896,-0.39960137
2025-09-23T17:11:15.087648,1.119841,9.79143,-0.47856453
2025-09-23T17:11:15.102207,1.1844472,9.836894,-0.5024927
2025-09-23T17:11:15.121884,1.1820544,9.91825,-0.526421
2025-09-23T17:11:15.142842,1.2442678,9.934999,-0.5024927
2025-09-23T17:11:15.159810,1.2466606,9.829716,-0.41156548
2025-09-23T17:11:15.183534,1.268196,9.760324,-0.31106696
2025-09-23T17:11:15.196035,1.3184453,9.753145,-0.37088752
2025-09-23T17:11:15.217429,1.4931214,9.645468,-0.44027936
2025-09-23T17:11:15.235715,1.6319051,9.640682,-0.44745782
2025-09-23T17:11:15.256007,1.6821543,9.609575,-0.40438703
2025-09-23T17:11:15.269901,1.6965113,9.590433,-0.32063824
2025-09-23T17:11:15.289698,1.5218352,9.65504,-0.35653058
2025-09-23T17:11:15.314651,1.4380864,9.726824,-0.45942193
2025-09-23T17:11:15.327957,1.3208381,9.777073,-0.59342
2025-09-23T17:11:15.397325,1.2251252,9.74836,-0.61734825
2025-09-23T17:11:15.402002,1.2323036,9.643075,-0.526421
2025-09-23T17:11:15.402081,1.1509477,9.619147,-0.36370903
2025-09-23T17:11:15.404848,1.079163,9.626326,-0.30867413
2025-09-23T17:11:15.422449,1.038485,9.705289,-0.39481574
2025-09-23T17:11:15.446095,0.99302137,9.829716,-0.5982057
2025-09-23T17:11:15.459059,0.8877372,9.887143,-0.8350951
2025-09-23T17:11:15.477530,0.7680961,9.865608,-0.930808
2025-09-23T17:11:15.496362,0.77766734,9.84168,-0.8853444
2025-09-23T17:11:15.519024,0.86859465,9.796216,-0.79441714
2025-09-23T17:11:15.538230,0.9068798,9.79143,-0.634098
2025-09-23T17:11:15.552768,1.0073783,9.769895,-0.52163535
2025-09-23T17:11:15.572247,1.146162,9.743574,-0.5192425
2025-09-23T17:11:15.591336,1.2346965,9.7196455,-0.52163535
2025-09-23T17:11:15.610252,1.2562319,9.674182,-0.6125626
2025-09-23T17:11:15.630822,1.2346965,9.664611,-0.7178468
2025-09-23T17:11:15.648835,1.1629118,9.676575,-0.83748794
2025-09-23T17:11:15.665104,1.0935199,9.693324,-0.8446664
2025-09-23T17:11:15.685912,0.997807,9.710074,-0.7680961
2025-09-23T17:11:17.719419,0.863809,9.726824,-0.65084773
2025-09-23T17:11:17.759116,0.7609176,9.734002,-0.59581286
2025-09-23T17:11:17.759157,0.7585248,9.705289,-0.6364908
2025-09-23T17:11:17.759179,0.72741807,9.712467,-0.6771688
2025-09-23T17:11:17.759198,0.6939186,9.738789,-0.61734825
2025-09-23T17:11:17.759215,0.83988076,9.731609,-0.5096712
2025-09-23T17:11:17.759232,0.95473623,9.700503,-0.4881358
2025-09-23T17:11:17.759249,0.8877372,9.695718,-0.5838487
2025-09-23T17:11:17.759266,0.8279166,9.695718,-0.64845496
2025-09-23T17:11:17.759283,0.79920274,9.683753,-0.715454
2025-09-23T17:11:17.759300,0.7704889,9.702896,-0.7585248
2025-09-23T17:11:17.759316,0.76331043,9.769895,-0.5623133
2025-09-23T17:11:17.759333,0.70588267,9.810573,-0.552742
2025-09-23T17:11:17.759350,0.5814559,9.80818,-0.61734825
2025-09-23T17:11:17.759367,0.4977071,9.801002,-0.65084773
2025-09-23T17:11:17.759384,0.50009996,9.765109,-0.6987042
2025-09-23T17:11:17.759402,0.60777694,9.757931,-0.55513483
2025-09-23T17:11:17.759418,0.72263247,9.71486,-0.39960137
2025-09-23T17:11:17.759435,0.72502524,9.652647,-0.4546363
2025-09-23T17:11:17.759451,0.64845496,9.674182,-0.6771688
2025-09-23T17:11:17.759468,0.5383851,9.781859,-0.6963114
2025-09-23T17:11:17.759485,0.43070808,9.891929,-0.49292147
2025-09-23T17:11:17.759502,0.4139583,9.9015,-0.3900301
2025-09-23T17:11:17.759519,0.4642076,9.844072,-0.45702913
2025-09-23T17:11:17.759535,0.38285163,9.755538,-0.56470615
2025-09-23T17:11:17.759552,0.26799613,9.712467,-0.6149554
2025-09-23T17:11:17.759577,0.19860429,9.760324,-0.6125626
2025-09-23T17:11:17.759594,0.18903299,9.84168,-0.5479564
2025-09-23T17:11:17.759610,0.2536392,9.817751,-0.6364908
2025-09-23T17:11:17.759627,0.31345975,9.722038,-0.66041905
2025-09-23T17:11:17.759644,0.32303107,9.62154,-0.65084773
2025-09-23T17:11:17.759661,0.30149564,9.667004,-0.6556334
2025-09-23T17:11:17.759677,0.33020952,9.745967,-0.5886344
2025-09-23T17:11:17.759694,0.38763726,9.796216,-0.52163535
2025-09-23T17:11:17.759710,0.44985065,9.805787,-0.5599205
2025-09-23T17:11:17.759727,0.46660042,9.779466,-0.58624154
2025-09-23T17:11:17.759744,0.49292147,9.729217,-0.5072784
2025-09-23T17:11:17.759760,0.4211368,9.676575,-0.5407779
2025-09-23T17:11:17.759777,0.2416751,9.789038,-0.42592242
2025-09-23T17:11:17.759793,0.20817557,9.812965,-0.4211368
2025-09-23T17:11:17.759809,0.36131623,9.793823,-0.4833502
2025-09-23T17:11:17.759826,0.35653058,9.834501,-0.37088752
2025-09-23T17:11:17.759843,0.35174492,9.784252,-0.4019942
2025-09-23T17:11:17.759862,0.31585258,9.755538,-0.41874397
2025-09-23T17:11:17.759880,0.2536392,9.700503,-0.2656033
2025-09-23T17:11:17.759898,0.23449662,9.757931,-0.21535404
2025-09-23T17:11:17.759917,0.22492532,9.786645,-0.31345975
2025-09-23T17:11:17.759934,0.2632105,9.805787,-0.31106696
2025-09-23T17:11:17.759953,0.31106696,9.82493,-0.20578274
2025-09-23T17:11:17.759977,0.3397808,9.796216,-0.28713873
2025-09-23T17:11:17.760004,0.30388847,9.79143,-0.31585258
2025-09-23T17:11:17.760021,0.29192436,9.769895,-0.29192436
2025-09-23T17:11:17.760039,0.3397808,9.786645,-0.22971097
2025-09-23T17:11:17.760058,0.3684947,9.805787,-0.27756742
2025-09-23T17:11:17.760076,0.3924229,9.815358,-0.3062813
2025-09-23T17:11:17.760094,0.38285163,9.8321085,-0.21774685
2025-09-23T17:11:17.760113,0.34217364,9.829716,-0.17706887
2025-09-23T17:11:17.760131,0.33020952,9.812965,-0.19860429
2025-09-23T17:11:17.760149,0.3278167,9.772287,-0.2416751
2025-09-23T17:11:17.760168,0.29671,9.779466,-0.26799613
2025-09-23T17:11:17.760186,0.32063824,9.779466,-0.20338993
2025-09-23T17:11:17.760205,0.3278167,9.769895,-0.18664017
2025-09-23T17:11:17.760223,0.3278167,9.77468,-0.2656033
2025-09-23T17:11:17.760242,0.41874397,9.801002,-0.23928227
2025-09-23T17:11:17.760260,0.44745782,9.772287,-0.23449662
2025-09-23T17:11:17.760278,0.40677986,9.777073,-0.17706887
2025-09-23T17:11:17.760296,0.3924229,9.79143,-0.13878371
2025-09-23T17:11:17.760314,0.4546363,9.803394,-0.1698904
2025-09-23T17:11:17.760333,0.47856453,9.798609,-0.22971097
2025-09-23T17:11:17.760351,0.5072784,9.817751,-0.15792629
2025-09-23T17:11:17.760372,0.5240282,9.803394,-0.12921242
2025-09-23T17:11:17.760399,0.567099,9.772287,-0.15792629
2025-09-23T17:11:17.760425,0.55034924,9.765109,-0.1268196
2025-09-23T17:11:17.760455,0.47856453,9.829716,-0.11964113
2025-09-23T17:11:17.760485,0.5192425,9.844072,-0.20817557
2025-09-23T17:11:17.760515,0.5192425,9.798609,-0.13399807
2025-09-23T17:11:17.760546,0.5407779,9.827323,-0.086141616
2025-09-23T17:11:17.760585,0.55513483,9.879965,-0.13160525
2025-09-23T17:11:17.760618,0.67477596,9.836894,-0.15553348
2025-09-23T17:11:17.760649,0.74416786,9.80818,-0.076570325
2025-09-23T17:11:17.760682,0.7369894,9.777073,-0.050249275
2025-09-23T17:11:17.760713,0.6867401,9.7196455,-0.083748795
2025-09-23T17:11:17.760744,0.6125626,9.729217,-0.062213387
2025-09-23T17:11:17.760774,0.56470615,9.789038,-0.0023928226
2025-09-23T17:11:17.760805,0.59581286,9.827323,-0.04546363
2025-09-23T17:11:17.760832,0.5623133,9.793823,-0.16031912
2025-09-23T17:11:17.760860,0.4546363,9.767502,-0.08135597
2025-09-23T17:11:17.760888,0.3804588,9.765109,-0.04546363
2025-09-23T17:11:17.760917,0.34456646,9.801002,-0.1052842
2025-09-23T17:11:17.760947,0.27996024,9.822537,-0.11724831
2025-09-23T17:11:17.760978,0.28713873,9.848858,-0.08135597
2025-09-23T17:11:17.761005,0.37328035,9.801002,-0.14356937
2025-09-23T17:11:17.761028,0.38763726,9.779466,-0.17467605
2025-09-23T17:11:17.761047,0.4139583,9.745967,-0.09332009
2025-09-23T17:11:17.761066,0.46899325,9.762716,-0.18664017
2025-09-23T17:11:17.761084,0.5240282,9.786645,-0.26799613
2025-09-23T17:11:17.761102,0.50488555,9.741181,-0.27038896
2025-09-23T17:11:17.761121,0.4761717,9.71486,-0.33020952
2025-09-23T17:11:17.761140,0.39960137,9.724431,-0.27756742
2025-09-23T17:11:17.761158,0.2943172,9.777073,-0.2656033
2025-09-23T17:11:17.761176,0.26799613,9.781859,-0.31345975
2025-09-23T17:11:17.761194,0.25603202,9.753145,-0.31345975
2025-09-23T17:11:17.761212,0.24885355,9.798609,-0.32063824
2025-09-23T17:11:17.761230,0.2727818,9.810573,-0.36370903
2025-09-23T17:11:17.761248,0.19621146,9.834501,-0.42592242
2025-09-23T17:11:17.761266,0.15792629,9.79143,-0.45224348
2025-09-23T17:11:17.761284,0.20817557,9.722038,-0.40438703
2025-09-23T17:11:17.761302,0.26081768,9.734002,-0.3397808
2025-09-23T17:11:17.924382,0.30867413,9.789038,-0.37567315
2025-09-23T17:11:17.938050,0.33260235,9.796216,-0.4354937
2025-09-23T17:11:17.938116,0.3469593,9.772287,-0.47138608
2025-09-23T17:11:17.938159,0.23928227,9.772287,-0.49292147
2025-09-23T17:11:17.938177,0.2009971,9.812965,-0.42592242
2025-09-23T17:11:17.938196,0.2632105,9.82493,-0.4546363
2025-09-23T17:11:17.938213,0.23449662,9.853643,-0.54317075
2025-09-23T17:11:17.938230,0.24885355,9.796216,-0.41874397
2025-09-23T17:11:17.938246,0.34217364,9.738789,-0.2416751
2025-09-23T17:11:17.938263,0.37806597,9.741181,-0.3589234
2025-09-23T17:11:17.938287,0.38524446,9.729217,-0.45224348
2025-09-23T17:11:18.131492,0.37328035,9.724431,-0.3469593
2025-09-23T17:11:18.146935,0.43070808,9.745967,-0.23688944
2025-09-23T17:11:18.147034,0.44506502,9.781859,-0.30388847
2025-09-23T17:11:18.147084,0.43788654,9.798609,-0.3493521
2025-09-23T17:11:18.147131,0.38524446,9.79143,-0.33020952
2025-09-23T17:11:18.147175,0.3493521,9.745967,-0.31345975
2025-09-23T17:11:18.147220,0.37567315,9.741181,-0.3900301
2025-09-23T17:11:18.147267,0.48095736,9.750752,-0.39481574
2025-09-23T17:11:18.147311,0.61016977,9.82493,-0.26799613
2025-09-23T17:11:18.147354,0.7680961,9.793823,-0.29192436
2025-09-23T17:11:18.147398,0.8327023,9.755538,-0.3469593
2025-09-23T17:11:18.332765,0.7896315,9.726824,-0.36131623
2025-09-23T17:11:18.346920,0.8039884,9.722038,-0.35174492
2025-09-23T17:11:18.347018,0.85184485,9.674182,-0.4139583
2025-09-23T17:11:18.347071,0.849452,9.683753,-0.46899325
2025-09-23T17:11:18.347118,0.849452,9.669396,-0.42831525
2025-09-23T17:11:18.347165,0.8542377,9.640682,-0.35174492
2025-09-23T17:11:18.347211,0.7298109,9.638289,-0.2847459
2025-09-23T17:11:18.347257,0.5910272,9.650253,-0.38524446
2025-09-23T17:11:18.347302,0.5383851,9.667004,-0.567099
2025-09-23T17:11:18.347348,0.49292147,9.683753,-0.552742
2025-09-23T17:11:18.599217,0.5024927,9.755538,-0.45702913
2025-09-23T17:11:18.607168,0.4953143,9.8321085,-0.44985065
2025-09-23T17:11:18.607261,0.552742,9.858429,-0.5096712
2025-09-23T17:11:18.607312,0.64845496,9.8321085,-0.5599205
2025-09-23T17:11:18.607358,0.80877405,9.71486,-0.6412765
2025-09-23T17:11:18.607403,1.0073783,9.62154,-0.7896315
2025-09-23T17:11:18.607447,1.1365907,9.58804,-0.863809
2025-09-23T17:11:18.607492,1.3016955,9.54497,-0.96430755
2025-09-23T17:11:18.607535,1.4811572,9.458828,-0.9379865
2025-09-23T17:11:18.607589,1.4715859,9.458828,-0.8805587
2025-09-23T17:11:18.607635,1.2490535,9.542577,-0.9164511
2025-09-23T17:11:18.724151,1.0336994,9.619147,-0.997807
2025-09-23T17:11:18.763539,0.8805587,9.695718,-1.0624132
2025-09-23T17:11:18.763647,0.9020941,9.736395,-0.9762716
2025-09-23T17:11:18.763699,0.95712906,9.664611,-0.7800602
2025-09-23T17:11:18.763759,1.0001999,9.564112,-0.93559366
2025-09-23T17:11:18.763803,1.3208381,9.32483,-1.0624132
2025-09-23T17:11:18.763848,2.0961127,9.3104725,-1.4763715
2025-09-23T17:11:18.763891,1.308874,9.4229355,-3.0460632
2025-09-23T17:11:18.763934,1.3040884,9.49472,-2.87378
2025-09-23T17:11:18.763978,2.1080768,10.095319,-1.9621146
2025-09-23T17:11:18.928121,2.4047868,9.894321,-0.36370903
2025-09-23T17:11:18.971944,2.3928227,9.530613,0.15074782
2025-09-23T17:11:18.972062,2.062613,9.382257,-0.13878371
2025-09-23T17:11:18.972117,1.7898313,9.693324,-0.5886344
2025-09-23T17:11:18.972163,1.7324036,9.686146,-0.7704889
2025-09-23T17:11:18.972208,1.4668003,9.533006,-1.0145568
2025-09-23T17:11:18.972252,1.1916257,9.114262,-1.3471591
2025-09-23T17:11:18.972296,0.80877405,8.915657,-1.5984055
2025-09-23T17:11:18.972339,0.96909314,9.396614,-2.3952155
2025-09-23T17:11:18.972383,1.1964114,10.033105,-2.3569303
2025-09-23T17:11:18.972427,2.3162522,10.336994,-2.0195422
2025-09-23T17:11:18.992096,2.9982069,9.434899,-1.4883357
2025-09-23T17:11:19.002041,2.5172493,8.717052,-1.174876
2025-09-23T17:11:19.002139,1.3998013,9.133404,-1.0719845
2025-09-23T17:11:19.002190,1.0671989,9.561719,-1.6342978
2025-09-23T17:11:19.195212,1.2801601,9.652647,-2.012364
2025-09-23T17:11:19.227925,1.2753744,9.743574,-1.8185452
2025-09-23T17:11:19.228020,1.2969099,9.954143,-1.3040884
2025-09-23T17:11:19.228072,1.3328022,10.10489,-1.0815558
2025-09-23T17:11:19.228118,1.4452649,9.982856,-0.9284152
2025-09-23T17:11:19.228163,1.0743774,9.757931,-0.92602235
2025-09-23T17:11:19.228208,0.8853444,9.619147,-1.0480564
2025-09-23T17:11:19.228252,0.81595254,9.695718,-1.1294123
2025-09-23T17:11:19.228295,0.7082755,9.815358,-0.89730847
2025-09-23T17:11:19.228339,0.5072784,9.820144,-1.1940185
2025-09-23T17:11:19.252141,0.39960137,9.745967,-1.6582261
2025-09-23T17:11:19.262195,0.6364908,10.057034,-1.8113668
2025-09-23T17:11:19.262302,0.96909314,10.191031,-1.7108682
2025-09-23T17:11:19.454193,0.8350951,9.990034,-1.3806586
2025-09-23T17:11:19.483664,0.634098,10.018748,-0.94277215
2025-09-23T17:11:19.483951,0.9068798,9.755538,-1.0217353
2025-09-23T17:11:19.483993,1.1413764,9.142975,-1.052842
2025-09-23T17:11:19.484015,0.89491564,8.889337,-0.5623133
2025-09-23T17:11:19.484035,0.6149554,9.159725,-0.31106696
2025-09-23T17:11:19.484055,0.47377887,9.657433,-0.72263247
2025-09-23T17:11:19.484074,0.567099,9.834501,-1.5026926
2025-09-23T17:11:19.484091,0.34456646,10.219746,-1.9214365
2025-09-23T17:11:19.484108,0.13399807,10.0163555,-1.6797615
2025-09-23T17:11:19.484126,0.02871387,9.341579,-1.3184453
2025-09-23T17:11:19.651946,0.38763726,9.257831,-0.997807
2025-09-23T17:11:19.677934,0.53599226,9.631111,-1.105484
2025-09-23T17:11:19.678035,0.32063824,9.875179,-1.4141582
2025-09-23T17:11:19.678086,-0.06460621,9.927821,-1.8017955
2025-09-23T17:11:19.678133,0.12921242,9.690931,-2.0051854
2025-09-23T17:11:19.678179,0.7393822,9.332008,-1.6462619
2025-09-23T17:11:19.678224,1.1653047,9.262616,-1.3375878
2025-09-23T17:11:19.678268,1.1222339,9.51147,-1.308874
2025-09-23T17:11:19.678312,0.3804588,9.913465,-1.1844472
2025-09-23T17:11:19.678360,-0.22971097,10.167104,-1.4117653
2025-09-23T17:11:19.678406,-0.28235307,10.059426,-1.4093726
2025-09-23T17:11:19.945245,0.18424734,9.860822,-1.1102697
2025-09-23T17:11:19.959072,0.6843473,10.040284,-1.0480564
2025-09-23T17:11:19.959168,0.9523434,9.875179,-1.2179468
2025-09-23T17:11:19.959219,0.8422736,9.717253,-1.0169497
2025-09-23T17:11:19.959265,0.4019942,9.571291,-0.98584294
2025-09-23T17:11:19.959310,0.124426775,9.5760765,-1.0145568
2025-09-23T17:11:19.959356,0.22492532,9.578469,-1.1437693
2025-09-23T17:11:19.959400,0.36370903,9.631111,-1.3351951
2025-09-23T17:11:19.959444,0.36370903,9.5665045,-1.5553347
2025-09-23T17:11:19.959488,0.32303107,9.485149,-1.4141582
2025-09-23T17:11:19.959534,0.30388847,9.533006,-1.227518
2025-09-23T17:11:19.959588,0.36610186,9.568898,-1.1126626
2025-09-23T17:11:19.959634,0.39481574,9.657433,-1.1653047
2025-09-23T17:11:19.959678,0.30867413,9.7196455,-1.3184453
2025-09-23T17:11:19.959723,0.1698904,9.755538,-1.4620147
2025-09-23T17:11:20.150501,0.09332009,9.736395,-1.430908
2025-09-23T17:11:20.200681,0.08853444,9.710074,-1.3160524
2025-09-23T17:11:20.200962,0.11724831,9.817751,-1.2370893
2025-09-23T17:11:20.200989,0.20578274,9.777073,-1.2323036
2025-09-23T17:11:20.201009,0.36610186,9.676575,-1.2083755
2025-09-23T17:11:20.201027,0.4354937,9.643075,-1.2586247
2025-09-23T17:11:20.201045,0.40438703,9.762716,-1.3423735
2025-09-23T17:11:20.201062,0.36370903,9.820144,-1.3710874
2025-09-23T17:11:20.201080,0.35413775,9.77468,-1.3136597
2025-09-23T17:11:20.201098,0.3182454,9.7196455,-1.2418749
2025-09-23T17:11:20.342216,0.30149564,9.753145,-1.2394822
2025-09-23T17:11:20.347968,0.21774685,9.738789,-1.3280165
2025-09-23T17:11:20.348009,0.33020952,9.724431,-1.268196
2025-09-23T17:11:20.348031,0.40677986,9.657433,-1.268196
2025-09-23T17:11:20.348071,0.485743,9.573684,-1.2897314
2025-09-23T17:11:20.348088,0.49292147,9.616755,-1.2634103
2025-09-23T17:11:20.348105,0.52163535,9.662218,-1.227518
2025-09-23T17:11:20.348122,0.485743,9.734002,-1.2801601
2025-09-23T17:11:20.348139,0.41156548,9.798609,-1.3184453
2025-09-23T17:11:20.348155,0.3278167,9.80818,-1.2969099
2025-09-23T17:11:20.348173,0.32542387,9.724431,-1.2131611
2025-09-23T17:11:20.549146,0.30149564,9.726824,-1.2323036
2025-09-23T17:11:20.690888,0.26081768,9.750752,-1.2969099
2025-09-23T17:11:20.690987,0.2321038,9.734002,-1.2418749
2025-09-23T17:11:20.691038,0.21774685,9.683753,-1.1557333
2025-09-23T17:11:20.691084,0.2656033,9.678967,-1.174876
2025-09-23T17:11:20.691128,0.28713873,9.731609,-1.227518
2025-09-23T17:11:20.691172,0.21535404,9.738789,-1.2107682
2025-09-23T17:11:20.691216,0.148355,9.738789,-1.1988041
2025-09-23T17:11:20.691259,0.15792629,9.781859,-1.2227324
2025-09-23T17:11:20.691303,0.23449662,9.659825,-1.1844472
2025-09-23T17:11:20.741289,0.44745782,9.602397,-1.0408778
2025-09-23T17:11:20.752176,0.4953143,9.659825,-1.1916257
2025-09-23T17:11:20.752275,0.34456646,9.724431,-1.3112668
2025-09-23T17:11:20.752326,0.2536392,9.676575,-1.2035898
2025-09-23T17:11:20.752371,0.3397808,9.777073,-1.1533405
2025-09-23T17:11:20.752415,0.4331009,9.805787,-1.1365907
2025-09-23T17:11:20.752459,0.41635114,9.688539,-0.9738788
2025-09-23T17:11:20.752503,0.41156548,9.736395,-0.8925229
2025-09-23T17:11:20.752548,0.3684947,9.750752,-1.0552348
2025-09-23T17:11:20.752607,0.3589234,9.705289,-1.0695918
2025-09-23T17:11:20.752652,0.3804588,9.757931,-1.0600204
2025-09-23T17:11:20.789079,0.37567315,9.686146,-1.0552348
2025-09-23T17:11:20.792939,0.45224348,9.662218,-0.94277215
2025-09-23T17:11:20.997721,0.5455636,9.769895,-1.0193424
2025-09-23T17:11:21.036198,0.46899325,9.781859,-1.1246266
2025-09-23T17:11:21.036292,0.4977071,9.54497,-0.997807
2025-09-23T17:11:21.036343,0.5694918,9.623933,-1.0289137
2025-09-23T17:11:21.036389,0.5766702,9.705289,-1.1772687
2025-09-23T17:11:21.036433,0.46899325,9.777073,-1.0983056
2025-09-23T17:11:21.036477,0.42831525,9.750752,-1.0073783
2025-09-23T17:11:21.036526,0.38524446,9.755538,-1.0097711
2025-09-23T17:11:21.036581,0.40677986,9.678967,-0.96909314
2025-09-23T17:11:21.036627,0.4642076,9.750752,-0.9284152
2025-09-23T17:11:21.036671,0.41156548,9.812965,-0.9667004
2025-09-23T17:11:21.187650,0.3900301,9.757931,-1.0241281
2025-09-23T17:11:21.227971,0.49292147,9.702896,-1.0408778
2025-09-23T17:11:21.228063,0.56470615,9.731609,-1.038485
2025-09-23T17:11:21.228114,0.5312066,9.74836,-1.0480564
2025-09-23T17:11:21.228160,0.40917268,9.755538,-1.0552348
2025-09-23T17:11:21.228206,0.36131623,9.743574,-1.0959128
2025-09-23T17:11:21.228250,0.41874397,9.710074,-1.0360922
2025-09-23T17:11:21.228293,0.44745782,9.705289,-1.0097711
2025-09-23T17:11:21.228337,0.39720857,9.762716,-1.0911272
2025-09-23T17:11:21.228380,0.3469593,9.777073,-1.105484
2025-09-23T17:11:21.228424,0.33499518,9.745967,-1.0887343
2025-09-23T17:11:21.398715,0.3397808,9.705289,-1.0552348
2025-09-23T17:11:21.433274,0.3469593,9.712467,-1.0600204
2025-09-23T17:11:21.433372,0.37088752,9.700503,-1.0887343
2025-09-23T17:11:21.433423,0.3493521,9.647861,-1.0983056
2025-09-23T17:11:21.433469,0.33499518,9.659825,-1.0839486
2025-09-23T17:11:21.433513,0.37088752,9.683753,-1.0863415
2025-09-23T17:11:21.433557,0.39720857,9.669396,-1.0552348
2025-09-23T17:11:21.433624,0.37806597,9.74836,-1.026521
2025-09-23T17:11:21.433879,0.3062813,9.803394,-1.079163
2025-09-23T17:11:21.433978,0.3397808,9.736395,-1.026521
2025-09-23T17:11:21.598799,0.41635114,9.710074,-0.9379865
2025-09-23T17:11:21.639968,0.43788654,9.750752,-0.9667004
2025-09-23T17:11:21.640041,0.37567315,9.820144,-1.0432707
2025-09-23T17:11:21.640065,0.37567315,9.772287,-1.0887343
2025-09-23T17:11:21.640085,0.47856453,9.729217,-1.1006985
2025-09-23T17:11:21.640103,0.5072784,9.772287,-1.146162
2025-09-23T17:11:21.640122,0.50009996,9.631111,-1.1653047
2025-09-23T17:11:21.640140,0.5024927,9.458828,-0.9810573
2025-09-23T17:11:21.640159,0.485743,9.580862,-0.91166544
2025-09-23T17:11:21.640185,0.3589234,9.796216,-0.9212367
2025-09-23T17:11:21.640218,0.15074782,9.705289,-0.86141616
2025-09-23T17:11:21.793294,0.16031912,9.815358,-0.91166544
2025-09-23T17:11:21.842800,0.27038896,9.8632145,-1.038485
2025-09-23T17:11:21.842872,0.29910284,9.777073,-0.9619147
2025-09-23T17:11:21.842903,0.38763726,9.741181,-0.9164511
2025-09-23T17:11:21.842923,0.41874397,9.738789,-0.9523434
2025-09-23T17:11:21.842942,0.4546363,9.74836,-0.9738788
2025-09-23T17:11:21.842960,0.47138608,9.765109,-1.012164
2025-09-23T17:11:21.842978,0.4235296,9.772287,-1.0408778
2025-09-23T17:11:21.842995,0.3397808,9.678967,-1.0480564
2025-09-23T17:11:21.843014,0.27756742,9.623933,-0.96909314
2025-09-23T17:11:21.843069,0.22492532,9.6071825,-0.91405827
2025-09-23T17:11:26.244733,0.16271193,9.702896,-0.9595219
2025-09-23T17:11:26.245182,0.1268196,9.973285,-1.0025927
2025-09-23T17:11:26.245224,0.15074782,9.829716,-1.0935199
2025-09-23T17:11:26.245245,0.22731815,9.738789,-0.9954142
2025-09-23T17:11:26.245269,0.4833502,9.659825,-0.8925229
2025-09-23T17:11:26.245294,0.7968099,9.640682,-0.90448695
2025-09-23T17:11:26.245311,0.8709874,9.640682,-1.0073783
2025-09-23T17:11:26.245329,0.60777694,9.705289,-1.0073783
2025-09-23T17:11:26.245346,0.35653058,9.796216,-1.0552348
2025-09-23T17:11:26.245363,0.2105684,9.712467,-1.0313065
2025-09-23T17:11:26.245380,0.1268196,9.726824,-0.9451649
2025-09-23T17:11:26.245397,0.09810573,9.77468,-0.9762716
2025-09-23T17:11:26.245414,0.12203395,9.700503,-0.971486
2025-09-23T17:11:26.245431,0.13160525,9.657433,-0.9499506
2025-09-23T17:11:26.245447,0.26081768,9.657433,-1.0097711
2025-09-23T17:11:26.245464,0.33260235,9.688539,-1.105484
2025-09-23T17:11:26.245481,0.45224348,9.712467,-1.0887343
2025-09-23T17:11:26.245508,0.52163535,9.678967,-1.0313065
2025-09-23T17:11:26.245525,0.5383851,9.65504,-1.0025927
2025-09-23T17:11:26.245542,0.45702913,9.757931,-0.98584294
2025-09-23T17:11:26.245559,0.29671,9.760324,-1.0432707
2025-09-23T17:11:26.245583,0.19621146,9.664611,-0.9595219
2025-09-23T17:11:26.245599,0.2009971,9.777073,-0.9092726
2025-09-23T17:11:26.245617,0.17467605,9.856036,-1.0624132
2025-09-23T17:11:26.245635,0.2321038,9.88475,-1.1006985
2025-09-23T17:11:26.245653,0.4426722,9.851251,-1.1653047
2025-09-23T17:11:26.245671,0.5192425,9.698111,-1.0695918
2025-09-23T17:11:26.245689,0.5599205,9.820144,-1.0145568
2025-09-23T17:11:26.245706,0.45702913,9.913465,-1.2179468
2025-09-23T17:11:26.245724,0.29910284,9.810573,-1.2993027
2025-09-23T17:11:26.245742,0.3900301,9.466006,-1.1222339
2025-09-23T17:11:26.245760,0.57906306,9.504292,-1.1126626
2025-09-23T17:11:26.245778,0.33260235,9.678967,-1.3375878
2025-09-23T17:11:26.245796,0.043070808,9.650253,-1.3016955
2025-09-23T17:11:26.246040,0.18424734,9.635897,-1.1437693
2025-09-23T17:11:26.246086,0.3278167,9.690931,-1.1557333
2025-09-23T17:11:26.246109,0.34217364,9.659825,-1.0983056
2025-09-23T17:11:26.246128,0.46181476,9.734002,-0.9882358
2025-09-23T17:11:26.246146,0.41874397,9.82493,-1.0983056
2025-09-23T17:11:26.246164,0.32303107,9.801002,-1.174876
2025-09-23T17:11:26.246182,0.38524446,9.753145,-1.1318051
2025-09-23T17:11:26.246199,0.49292147,9.68136,-1.0887343
2025-09-23T17:11:26.246216,0.4426722,9.726824,-1.1533405
2025-09-23T17:11:26.246233,0.29671,9.726824,-1.2227324
2025-09-23T17:11:26.246250,0.19142582,9.729217,-1.2442678
2025-09-23T17:11:26.246267,0.2632105,9.772287,-1.3040884
2025-09-23T17:11:26.246284,0.3397808,9.767502,-1.1892328
2025-09-23T17:11:26.246301,0.41156548,9.671789,-1.119841
2025-09-23T17:11:26.246318,0.48095736,9.695718,-1.1174482
2025-09-23T17:11:26.246335,0.46660042,9.65504,-1.2059826
2025-09-23T17:11:26.246352,0.43070808,9.683753,-1.2418749
2025-09-23T17:11:26.246558,0.38524446,9.667004,-1.2586247
2025-09-23T17:11:26.246610,0.35174492,9.683753,-1.2011969
2025-09-23T17:11:26.246635,0.31345975,9.722038,-1.2346965
2025-09-23T17:11:26.246657,0.28713873,9.722038,-1.1964114
2025-09-23T17:11:26.246677,0.25842485,9.7196455,-1.1485549
2025-09-23T17:11:26.246697,0.15792629,9.762716,-1.2323036
2025-09-23T17:11:26.246715,0.13878371,9.753145,-1.2346965
2025-09-23T17:11:26.246733,0.25124636,9.729217,-1.2059826
2025-09-23T17:11:26.246750,0.3278167,9.667004,-1.2251252
2025-09-23T17:11:26.246767,0.44985065,9.6071825,-1.2873386
2025-09-23T17:11:26.246785,0.53599226,9.547362,-1.3639089
2025-09-23T17:11:26.246802,0.6412765,9.676575,-1.4644074
2025-09-23T17:11:26.246818,0.5312066,9.853643,-1.3878372
2025-09-23T17:11:26.246836,0.36131623,9.839287,-1.1940185
2025-09-23T17:11:26.246853,0.2536392,9.753145,-1.1078769
2025-09-23T17:11:26.246869,0.28713873,9.643075,-1.0648061
2025-09-23T17:11:26.247163,0.32542387,9.635897,-1.1222339
2025-09-23T17:11:26.247211,0.22971097,9.674182,-1.268196
2025-09-23T17:11:26.247234,0.20817557,9.533006,-1.2873386
2025-09-23T17:11:26.247253,0.43788654,9.573684,-1.1772687
2025-09-23T17:11:26.247271,0.55034924,9.812965,-1.3447664
2025-09-23T17:11:26.247289,0.38285163,9.664611,-1.3471591
2025-09-23T17:11:26.247306,0.3062813,9.65504,-1.0983056
2025-09-23T17:11:26.247327,0.32303107,9.798609,-1.1676974
2025-09-23T17:11:26.247347,0.41635114,9.817751,-1.0695918
2025-09-23T17:11:26.247364,0.59342,9.5760765,-0.89491564
2025-09-23T17:11:26.247382,0.5479564,9.552148,-0.9236295
2025-09-23T17:11:26.247401,0.33260235,9.686146,-1.2131611
2025-09-23T17:11:26.247419,0.2656033,9.896714,-1.4356936
2025-09-23T17:11:26.247438,0.3397808,9.944571,-1.3615161
2025-09-23T17:11:26.247455,0.35174492,9.887143,-1.1676974
2025-09-23T17:11:26.247473,0.3684947,9.812965,-1.0241281
2025-09-23T17:11:26.247492,0.38524446,9.789038,-1.0815558
2025-09-23T17:11:26.248585,0.39720857,9.729217,-1.1820544
2025-09-23T17:11:26.248635,0.44027936,9.623933,-1.3064811
2025-09-23T17:11:26.248659,0.4642076,9.552148,-1.3471591
2025-09-23T17:11:26.248679,0.43788654,9.506684,-1.4117653
2025-09-23T17:11:26.248699,0.44506502,9.41815,-1.4715859
2025-09-23T17:11:26.248718,0.40438703,9.458828,-1.3686945
2025-09-23T17:11:26.248736,0.30149564,9.552148,-1.2993027
2025-09-23T17:11:26.248754,0.20338993,9.578469,-1.2921243
2025-09-23T17:11:26.248772,0.32063824,9.68136,-1.0983056
2025-09-23T17:11:26.248790,0.32303107,9.889536,-1.1772687
2025-09-23T17:11:26.248809,0.10049855,9.999606,-1.3136597
2025-09-23T17:11:26.248828,-0.0023928226,9.992428,-1.146162
2025-09-23T17:11:26.248846,0.1268196,9.851251,-1.0480564
2025-09-23T17:11:26.248864,0.31345975,9.626326,-1.0025927
2025-09-23T17:11:26.248883,0.44985065,9.643075,-1.1270195
2025-09-23T17:11:26.248901,0.42592242,9.769895,-1.3160524
2025-09-23T17:11:26.248921,0.32542387,9.757931,-1.2969099
2025-09-23T17:11:26.248939,0.24646074,9.820144,-1.2969099
2025-09-23T17:11:26.248957,0.10767702,9.84168,-1.3064811
2025-09-23T17:11:26.248976,0.11485548,9.485149,-1.0935199
2025-09-23T17:11:26.248994,0.29910284,9.489935,-1.0935199
2025-09-23T17:11:26.249012,0.23449662,9.628718,-1.2801601
2025-09-23T17:11:26.249030,0.25842485,9.611969,-1.268196
2025-09-23T17:11:26.249048,0.38524446,9.712467,-1.2705889
2025-09-23T17:11:26.249066,0.34456646,9.777073,-1.2586247
2025-09-23T17:11:26.249085,0.34217364,9.645468,-1.0863415
2025-09-23T17:11:26.249104,0.37806597,9.662218,-0.9738788
2025-09-23T17:11:26.249122,0.30388847,9.700503,-1.0839486
2025-09-23T17:11:26.249140,0.29910284,9.789038,-1.1509477
2025-09-23T17:11:26.249161,0.31585258,9.939785,-1.2131611
2025-09-23T17:11:26.249180,0.30867413,9.968499,-1.308874
2025-09-23T17:11:26.249198,0.2943172,9.934999,-1.1988041
2025-09-23T17:11:26.249216,0.36131623,9.559326,-1.1964114
2025-09-23T17:11:26.249235,0.526421,9.274581,-0.94277215
2025-09-23T17:11:26.249404,0.6580262,9.1669035,-1.0432707
2025-09-23T17:11:26.249423,0.51206404,9.437292,-1.2131611
2025-09-23T17:11:26.249442,-0.02871387,9.698111,-1.3998013
2025-09-23T17:11:26.249460,-0.18664017,9.882358,-1.4668003
2025-09-23T17:11:26.249478,0.17467605,9.889536,-1.1318051
2025-09-23T17:11:26.249496,0.23688944,9.887143,-0.8709874
2025-09-23T17:11:26.249515,0.27517462,9.930214,-0.7920243
2025-09-23T17:11:26.249533,0.39720857,9.810573,-0.68195444
2025-09-23T17:11:26.249551,0.53359944,9.738789,-0.7369894
2025-09-23T17:11:26.249572,0.72502524,9.657433,-0.8279166
2025-09-23T17:11:26.249590,0.8446664,9.674182,-0.8781659
2025-09-23T17:11:26.249609,0.59581286,9.822537,-1.0217353
2025-09-23T17:11:26.249627,0.2727818,9.923036,-1.0408778
2025-09-23T17:11:26.249645,0.050249275,10.286744,-1.0480564
2025-09-23T17:11:26.249664,0.11724831,10.236495,-1.0935199
2025-09-23T17:11:26.249682,0.4354937,9.650253,-0.74895346
2025-09-23T17:11:26.250044,0.60059845,9.805787,-0.65324056
2025-09-23T17:11:26.250062,0.7609176,10.229317,-0.62452674
2025-09-23T17:11:26.250079,0.863809,10.351351,-0.70588267
2025-09-23T17:11:26.250097,0.98584294,10.064212,-1.0624132
2025-09-23T17:11:26.250115,1.0911272,9.726824,-1.3686945
2025-09-23T17:11:26.250133,1.2897314,9.489935,-1.4548361
2025-09-23T17:11:26.250151,1.1222339,9.468399,-1.3184453
2025-09-23T17:11:26.250169,1.4213367,9.657433,-0.8997013
2025-09-23T17:11:26.250187,1.3375878,9.812965,-0.87338024
2025-09-23T17:11:26.250205,0.8997013,9.8632145,-0.72023964
2025-09-23T17:11:26.250227,0.69152576,9.521041,-0.60777694
2025-09-23T17:11:26.250249,0.36610186,9.413364,-0.45224348
2025-09-23T17:11:26.250267,0.0741775,9.79143,-0.41156548
2025-09-23T17:11:26.250286,-0.22013968,10.116854,-0.43070808
2025-09-23T17:11:26.250304,-0.52163535,9.990034,-0.72263247
2025-09-23T17:11:26.250322,-0.85184485,9.669396,-1.119841
2025-09-23T17:11:26.250341,-0.77766734,9.442079,-1.2969099
2025-09-23T17:11:26.261364,-0.634098,9.286545,-1.5529419
2025-09-23T17:11:26.261412,-0.5623133,9.334401,-1.7036897
2025-09-23T17:11:26.261435,-0.26081768,9.286545,-1.4668003
2025-09-23T17:11:26.261455,0.038285162,9.365508,-1.4069797
2025-09-23T17:11:26.261473,0.55752766,9.564112,-1.4620147
2025-09-23T17:11:26.261491,1.7395821,9.781859,-1.2801601
2025-09-23T17:11:26.261508,3.0245278,9.822537,-1.0097711
2025-09-23T17:11:26.261525,4.1635113,10.234102,-0.49052864
2025-09-23T17:11:26.261543,4.453043,10.348958,0.19621146
2025-09-23T17:11:26.261561,3.9577286,9.80818,1.2873386
2025-09-23T17:11:26.261586,2.9120653,9.233903,2.6416762
2025-09-23T17:11:26.261606,1.9669002,8.968299,3.1489546
2025-09-23T17:11:26.261624,1.5122639,8.937193,2.4741786
2025-09-23T17:11:26.261642,2.4670002,9.241081,1.1246266
2025-09-23T17:11:26.261661,4.206582,9.513863,-0.23688944
2025-09-23T17:11:26.261678,4.699504,9.887143,-0.9595219
2025-09-23T17:11:26.261696,3.804588,9.8321085,-1.1389836
2025-09-23T17:11:26.263949,2.806781,9.734002,-1.3734802
2025-09-23T17:11:26.263997,2.0937197,9.643075,-1.5290136
2025-09-23T17:11:26.264019,1.402194,9.674182,-1.5218352
2025-09-23T17:11:26.264039,0.4833502,9.556933,-1.0025927
2025-09-23T17:11:26.264058,-0.19381863,9.489935,-0.6125626
2025-09-23T17:11:26.264075,-0.4235296,9.549755,-0.53359944
2025-09-23T17:11:26.264093,0.08853444,9.755538,-0.46899325
2025-09-23T17:11:26.264109,0.72502524,9.822537,-0.50488555
2025-09-23T17:11:26.264126,1.1772687,9.796216,-0.38285163
2025-09-23T17:11:26.264143,1.1294123,9.554541,-0.16510476
2025-09-23T17:11:26.264161,0.97866446,9.372686,-0.038285162
2025-09-23T17:11:26.264178,0.8279166,9.224331,-0.15553348
2025-09-23T17:11:26.264194,0.6963114,9.186047,-0.53359944
2025-09-23T17:11:26.264211,0.8997013,9.267402,-1.1389836
2025-09-23T17:11:26.264228,1.2873386,9.420543,-1.68694
2025-09-23T17:11:26.264245,1.416551,9.458828,-1.6893328
2025-09-23T17:11:26.264261,1.5218352,9.439685,-1.5050855
2025-09-23T17:11:26.264278,1.5337993,9.482756,-1.3806586
2025-09-23T17:11:26.264307,1.3112668,9.5353985,-1.442872
2025-09-23T17:11:26.264325,1.1533405,9.492328,-1.68694
2025-09-23T17:11:26.264342,1.2155539,9.322437,-2.0554347
2025-09-23T17:11:26.264360,1.2107682,9.413364,-2.1104696
2025-09-23T17:11:26.264378,1.2083755,9.753145,-1.8640088
2025-09-23T17:11:26.264396,1.3112668,10.169497,-1.3423735
2025-09-23T17:11:26.264414,1.2849457,10.4016,-0.81595254
2025-09-23T17:11:26.264433,1.1030912,10.18146,-0.46899325
2025-09-23T17:11:26.264451,0.7585248,9.793823,-0.30149564
2025-09-23T17:11:26.264469,0.44985065,9.449257,-0.37806597
2025-09-23T17:11:26.264486,0.3469593,9.272188,-0.66759753
2025-09-23T17:11:26.264502,0.5240282,9.32483,-1.0863415
2025-09-23T17:11:26.264519,0.70588267,9.506684,-1.253839
2025-09-23T17:11:26.264537,0.8255238,9.693324,-1.1676974
2025-09-23T17:11:26.264556,0.8853444,9.8632145,-1.038485
2025-09-23T17:11:26.264581,0.8135597,9.970892,-1.0169497
2025-09-23T17:11:26.264599,0.79920274,9.944571,-1.1318051
2025-09-23T17:11:26.264617,0.72023964,9.889536,-1.4069797
2025-09-23T17:11:26.264635,0.6029913,9.757931,-1.605584
2025-09-23T17:11:26.264653,0.53599226,9.631111,-1.564906
2025-09-23T17:11:26.264672,0.53359944,9.590433,-1.3782659
2025-09-23T17:11:26.264690,0.60059845,9.609575,-1.1485549
2025-09-23T17:11:26.264708,0.62452674,9.690931,-1.0001999
2025-09-23T17:11:26.264726,0.52163535,9.8321085,-0.94755775
2025-09-23T17:11:26.264745,0.52163535,9.887143,-0.8853444
2025-09-23T17:11:26.264763,0.7393822,9.8632145,-0.849452
2025-09-23T17:11:26.264781,0.6867401,9.891929,-0.79920274
2025-09-23T17:11:26.264799,0.60777694,9.896714,-0.72263247
2025-09-23T17:11:26.264819,0.66759753,9.84168,-0.66999036
2025-09-23T17:11:26.264839,0.715454,9.750752,-0.6843473
2025-09-23T17:11:26.264855,0.6149554,9.693324,-0.70588267
2025-09-23T17:11:26.264872,0.5694918,9.631111,-0.701097
2025-09-23T17:11:26.264889,0.5168497,9.647861,-0.70348984
2025-09-23T17:11:26.264907,0.4642076,9.769895,-0.6987042
2025-09-23T17:11:26.264924,0.45702913,9.839287,-0.6939186
2025-09-23T17:11:26.264941,0.42831525,9.810573,-0.6963114
2025-09-23T17:11:26.264958,0.3278167,9.769895,-0.6795616
2025-09-23T17:11:26.264974,0.24885355,9.734002,-0.6269195
2025-09-23T17:11:26.264992,0.24885355,9.769895,-0.6412765
2025-09-23T17:11:26.265008,0.2656033,9.868001,-0.6221339
2025-09-23T17:11:26.265025,0.2727818,9.942178,-0.59342
2025-09-23T17:11:26.265042,0.16510476,9.9015,-0.49292147
2025-09-23T17:11:26.265059,0.021535404,9.789038,-0.42831525
2025-09-23T17:11:26.265076,-0.040677983,9.695718,-0.43788654
2025-09-23T17:11:26.265094,0.047856454,9.611969,-0.5766702
2025-09-23T17:11:26.265113,0.19860429,9.650253,-0.72741807
2025-09-23T17:11:26.265132,0.35174492,9.729217,-0.80159557
2025-09-23T17:11:26.265150,0.45942193,9.79143,-0.7728817
2025-09-23T17:11:26.265168,0.44985065,9.8321085,-0.6412765
2025-09-23T17:11:26.265187,0.40917268,9.851251,-0.53359944
2025-09-23T17:11:26.265205,0.44745782,9.805787,-0.4953143
2025-09-23T17:11:26.265223,0.40677986,9.750752,-0.5383851
2025-09-23T17:11:28.258822,0.38524446,9.678967,-0.6269195
2025-09-23T17:11:28.259903,0.38763726,9.640682,-0.70348984
2025-09-23T17:11:28.259972,0.4235296,9.68136,-0.70348984
2025-09-23T17:11:28.259994,0.4139583,9.7196455,-0.6269195
2025-09-23T17:11:28.260012,0.34217364,9.741181,-0.5910272
2025-09-23T17:11:28.260030,0.25842485,9.726824,-0.6221339
2025-09-23T17:11:28.260047,0.1794617,9.767502,-0.6963114
2025-09-23T17:11:28.260064,0.09332009,9.805787,-0.7322037
2025-09-23T17:11:28.260081,0.0741775,9.803394,-0.6867401
2025-09-23T17:11:28.260098,0.18903299,9.805787,-0.6221339
2025-09-23T17:11:28.260115,0.3278167,9.760324,-0.6029913
2025-09-23T17:11:28.260132,0.36370903,9.784252,-0.6197411
2025-09-23T17:11:28.260149,0.39720857,9.853643,-0.70348984
2025-09-23T17:11:28.260166,0.44027936,9.827323,-0.7728817
2025-09-23T17:11:28.260183,0.4833502,9.772287,-0.7728817
2025-09-23T17:11:28.260200,0.4833502,9.760324,-0.7728817
2025-09-23T17:11:28.260216,0.552742,9.801002,-0.86141616
2025-09-23T17:11:28.260971,0.66759753,9.9015,-0.91884387
2025-09-23T17:11:28.261019,0.7800602,9.930214,-0.92602235
2025-09-23T17:11:28.261042,0.8709874,9.793823,-0.90448695
2025-09-23T17:11:28.261061,0.971486,9.645468,-0.8542377
2025-09-23T17:11:28.261078,0.9810573,9.571291,-0.8781659
2025-09-23T17:11:28.261096,0.98584294,9.597611,-0.94277215
2025-09-23T17:11:28.261113,1.052842,9.631111,-1.0313065
2025-09-23T17:11:28.261131,1.1078769,9.635897,-1.1365907
2025-09-23T17:11:28.261148,1.0313065,9.650253,-1.146162
2025-09-23T17:11:28.261165,0.8542377,9.619147,-0.9906286
2025-09-23T17:11:28.261182,0.74416786,9.6071825,-0.79441714
2025-09-23T17:11:28.261200,0.6795616,9.688539,-0.6867401
2025-09-23T17:11:28.261217,0.63170516,9.789038,-0.63888365
2025-09-23T17:11:28.261234,0.552742,9.836894,-0.5838487
2025-09-23T17:11:28.261252,0.47856453,9.834501,-0.5383851
2025-09-23T17:11:28.261270,0.45702913,9.705289,-0.48095736
2025-09-23T17:11:28.261288,0.526421,9.556933,-0.48095736
2025-09-23T17:11:28.261891,0.22253251,9.475577,-0.5240282
2025-09-23T17:11:28.261939,-0.94755775,10.018748,-0.86859465
2025-09-23T17:11:28.261962,0.23449662,9.891929,-0.4211368
2025-09-23T17:11:28.261981,0.9667004,9.982856,0.0023928226
2025-09-23T17:11:28.261999,1.0695918,9.982856,-0.2656033
2025-09-23T17:11:28.262017,0.9284152,9.8321085,-0.6269195
2025-09-23T17:11:28.262034,0.73459655,9.736395,-0.5455636
2025-09-23T17:11:28.262051,0.6269195,9.79143,-0.28953153
2025-09-23T17:11:28.262069,0.6029913,9.891929,-0.18903299
2025-09-23T17:11:28.262086,0.47377887,9.82493,-0.31345975
2025-09-23T17:11:28.262103,0.13160525,9.600004,-1.0025927
2025-09-23T17:11:28.262126,-0.12203395,9.829716,-0.567099
2025-09-23T17:11:28.262150,0.552742,9.784252,-0.44506502
2025-09-23T17:11:28.262168,0.7704889,9.781859,-1.0241281
2025-09-23T17:11:28.262186,0.4881358,9.915857,-1.2346965
2025-09-23T17:11:28.262205,0.7968099,10.052248,-0.96430755
2025-09-23T17:11:28.262223,1.5098711,10.114461,-0.86141616
2025-09-23T17:11:28.262952,1.8329022,10.193424,-0.8350951
2025-09-23T17:11:28.263000,1.4955142,9.896714,-0.6891329
2025-09-23T17:11:28.263023,0.79920274,9.343972,-0.5455636
2025-09-23T17:11:28.263042,0.7298109,9.253045,-0.44506502
2025-09-23T17:11:28.263060,0.5599205,9.41815,-0.5192425
2025-09-23T17:11:28.263078,0.69152576,9.7196455,-0.65324056
2025-09-23T17:11:28.263096,0.8327023,9.745967,-0.930808
2025-09-23T17:11:28.263113,0.6197411,9.420543,-1.1796615
2025-09-23T17:11:28.263130,0.7800602,9.676575,-1.1557333
2025-09-23T17:11:28.263147,0.9212367,10.095319,-0.9092726
2025-09-23T17:11:28.263164,1.2155539,10.3848505,-0.5814559
2025-09-23T17:11:28.263182,1.7371893,10.526027,-0.4761717
2025-09-23T17:11:28.263199,1.8257236,10.973485,-0.4354937
2025-09-23T17:11:28.263216,0.85184485,11.346765,-0.4546363
2025-09-23T17:11:28.263234,-0.1052842,11.370693,-0.25842485
2025-09-23T17:11:28.263251,0.49292147,11.394622,0.41874397
2025-09-23T17:11:28.264217,1.3519448,12.191431,1.1030912
2025-09-23T17:11:28.264265,-0.20817557,12.591033,0.634098
2025-09-23T17:11:28.264289,-1.9357935,13.529019,-1.2203395
2025-09-23T17:11:28.264308,-1.3926228,14.598611,-2.9910283
2025-09-23T17:11:28.264326,-1.4931214,14.569897,-3.3379877
2025-09-23T17:11:28.264343,-1.8329022,14.038691,-2.6081767
2025-09-23T17:11:28.264361,-2.213361,11.1936245,-2.201397
2025-09-23T17:11:28.264378,-3.0053852,9.638289,-2.2348964
2025-09-23T17:11:28.264395,-3.4073794,7.874779,-2.400001
2025-09-23T17:11:28.264413,-3.4337006,4.1611185,-2.8139594
2025-09-23T17:11:28.264430,-1.6247265,1.6845472,-2.2181466
2025-09-23T17:11:28.264447,-3.0317063,-1.079163,0.715454
2025-09-23T17:11:28.264464,-0.863809,2.3138595,2.0817556
2025-09-23T17:11:28.264481,2.2229323,1.7371893,7.245467
2025-09-23T17:11:28.264499,-0.33499518,3.9481573,4.4674
2025-09-23T17:11:28.264517,-3.2925239,9.056833,-1.2323036
2025-09-23T17:11:28.264535,-0.8039884,6.4127645,4.627719
2025-09-23T17:11:28.265171,0.019142581,5.623133,6.3122663
2025-09-23T17:11:28.265218,-1.0767702,7.0372915,3.9098723
2025-09-23T17:11:28.265241,-1.3328022,6.7429743,4.479364
2025-09-23T17:11:28.265260,-0.09332009,5.802595,3.1154552
2025-09-23T17:11:28.265279,-0.062213387,5.4436717,1.6845472
2025-09-23T17:11:28.265296,-1.4237294,7.0899334,1.2179468
2025-09-23T17:11:28.265313,-3.9816568,11.806187,1.1246266
2025-09-23T17:11:28.265331,-5.651847,13.58884,2.5339992
2025-09-23T17:11:28.265348,-5.4053864,10.0163555,4.4434714
2025-09-23T17:11:28.265366,-4.9172506,7.1545396,6.448657
2025-09-23T17:11:28.265383,-4.101298,6.235696,8.606983
2025-09-23T17:11:28.265400,-2.7421749,6.309873,9.363115
2025-09-23T17:11:28.265416,-1.8161523,6.302695,7.6953177
2025-09-23T17:11:28.265434,-0.41874397,4.125226,4.3669014
2025-09-23T17:11:28.265451,0.038285162,2.6416762,2.9120653
2025-09-23T17:11:28.265468,-1.6486548,4.2759743,4.2759743
2025-09-23T17:11:28.265485,-2.6943183,5.8432727,8.082955
2025-09-23T17:11:28.274650,-2.3042881,6.5515485,8.9108715
2025-09-23T17:11:28.274696,-2.3952155,6.7573314,6.003592
2025-09-23T17:11:28.274719,-2.251646,6.262017,5.4436717
2025-09-23T17:11:28.274739,-0.8207382,5.424529,5.986842
2025-09-23T17:11:32.284311,-0.05742774,4.816752,7.04447
2025-09-23T17:11:32.288320,-0.09571291,3.790231,6.9678993
2025-09-23T17:11:32.288363,-0.3182454,3.845266,5.6757755
2025-09-23T17:11:32.288384,-1.3351951,4.469793,7.300502
2025-09-23T17:11:32.288423,-2.292324,4.615755,8.480164
2025-09-23T17:11:32.288441,-2.6632116,4.6037908,9.006584
2025-09-23T17:11:32.288457,-1.3854443,3.9888353,8.176275
2025-09-23T17:11:32.288474,-0.6771688,4.347759,9.171689
2025-09-23T17:11:32.288491,-0.59342,3.562913,9.9015
2025-09-23T17:11:32.288507,0.0,2.993421,8.681161
2025-09-23T17:11:32.288529,0.43070808,3.249453,10.07139
2025-09-23T17:11:32.288553,0.4139583,2.6201408,10.578669
2025-09-23T17:11:32.288578,0.31106696,2.2277179,10.068997
2025-09-23T17:11:32.288596,-0.19860429,2.4191437,11.018949
2025-09-23T17:11:32.288614,0.49052864,1.7754744,9.702896
2025-09-23T17:11:32.288632,1.0863415,1.2610176,10.348958
2025-09-23T17:11:32.288649,0.2727818,1.3471591,12.126825
2025-09-23T17:11:32.359306,0.11006984,1.2155539,11.224731
2025-09-23T17:11:32.359380,0.41635114,1.5218352,11.85165
2025-09-23T17:11:32.359404,0.46899325,2.0554347,11.626725
2025-09-23T17:11:32.359425,0.9451649,2.0889342,11.313266
2025-09-23T17:11:32.359444,1.268196,1.9669002,13.490734
2025-09-23T17:11:32.359462,0.863809,1.1533405,14.49572
2025-09-23T17:11:32.359481,0.38285163,0.15314065,13.497912
2025-09-23T17:11:32.359500,0.2632105,0.0071784677,11.8588295
2025-09-23T17:11:32.359518,0.19860429,0.39481574,11.581262
2025-09-23T17:11:32.359536,0.16510476,1.0313065,12.021541
2025-09-23T17:11:32.359555,-0.45702913,1.3782659,12.141182
2025-09-23T17:11:32.359579,-0.7800602,1.6414764,11.117054
2025-09-23T17:11:32.359598,0.11006984,1.591227,9.915857
2025-09-23T17:11:32.359618,0.9092726,1.8975084,9.796216
2025-09-23T17:11:32.359636,0.17228323,3.5150564,9.805787
2025-09-23T17:11:32.359653,-0.8853444,5.3312087,9.585648
2025-09-23T17:11:32.359671,-2.024328,5.3503513,9.710074
2025-09-23T17:11:32.359689,-2.428715,5.2833524,9.296116
2025-09-23T17:11:32.359707,-2.0410776,5.706882,8.633304
2025-09-23T17:11:32.359724,-0.8039884,6.1208405,8.437093
2025-09-23T17:11:32.359742,-0.26799613,6.3218374,8.281559
2025-09-23T17:11:32.359759,-0.5886344,6.491728,8.059027
2025-09-23T17:11:32.359777,-0.96909314,6.424729,8.367701
2025-09-23T17:11:32.359795,-0.40677986,5.3718867,8.872586
2025-09-23T17:11:32.359813,-0.11006984,4.5008993,9.274581
2025-09-23T17:11:32.359831,-0.37567315,4.213761,9.372686
2025-09-23T17:11:32.359848,-1.268196,6.91765,8.372486
2025-09-23T17:11:32.359866,-3.6251264,9.178867,16.280766
2025-09-23T17:11:32.359883,-2.9312077,3.900301,10.267602
2025-09-23T17:11:32.359901,1.7467605,6.0634127,6.1064835
2025-09-23T17:11:32.359918,4.2185464,4.5894337,6.0753765
2025-09-23T17:11:32.359935,-0.62931234,6.5084777,8.394022
2025-09-23T17:11:32.359953,-1.698904,4.9292145,12.150753
2025-09-23T17:11:32.359970,-1.8257236,3.9553359,10.205389
2025-09-23T17:11:32.359987,-1.8640088,3.4911282,9.159725
2025-09-23T17:11:32.360005,-1.0169497,3.67059,8.853444
2025-09-23T17:11:32.360022,0.2632105,4.5248275,8.413164
2025-09-23T17:11:32.360040,0.4235296,4.989035,8.60459
2025-09-23T17:11:32.360057,-0.5024927,4.85743,8.702696
2025-09-23T17:11:32.360074,-1.134198,4.6492543,8.760123
2025-09-23T17:11:32.360091,-1.0767702,4.7401814,8.860622
2025-09-23T17:11:32.360108,-1.3878372,4.991428,8.472985
2025-09-23T17:11:32.360125,-1.902294,5.2809596,8.082955
2025-09-23T17:11:32.360143,-2.024328,5.611169,7.9154572
2025-09-23T17:11:32.360160,-1.7706888,6.0107703,7.8317084
2025-09-23T17:11:32.360178,-1.3256238,6.259624,7.63789
2025-09-23T17:11:32.360195,-1.105484,6.206982,7.54457
2025-09-23T17:11:32.360212,-1.2490535,6.0083776,7.6809607
2025-09-23T17:11:32.360229,-1.6127625,5.831309,7.7120676
2025-09-23T17:11:32.360247,-1.5625132,5.8911295,7.6307116
2025-09-23T17:11:32.360264,-1.564906,6.084948,7.4775705
2025-09-23T17:11:32.360282,-1.524228,6.1878395,7.4512496
2025-09-23T17:11:32.360299,-1.4907285,6.1806607,7.396215
2025-09-23T17:11:32.360316,-1.5290136,6.407979,7.243074
2025-09-23T17:11:32.360333,-1.4476577,6.6735826,6.910472
2025-09-23T17:11:32.360351,-1.3328022,6.8219376,6.7645097
2025-09-23T17:11:32.360368,-1.282553,6.9224358,6.8315086
2025-09-23T17:11:32.360386,-1.3112668,6.8578296,6.9344
2025-09-23T17:11:32.360403,-1.3351951,6.7094746,6.893722
2025-09-23T17:11:32.360421,-1.2753744,6.613762,6.8817577
2025-09-23T17:11:32.360438,-1.3447664,6.6089764,6.7932234
2025-09-23T17:11:32.360455,-1.5553347,6.695118,6.814759
2025-09-23T17:11:32.360472,-1.753939,6.795616,6.908079
2025-09-23T17:11:32.360490,-1.8089739,6.7740808,6.9224358
2025-09-23T17:11:32.360511,-1.6007984,6.7740808,7.02772
2025-09-23T17:11:32.360533,-1.5361922,6.9702926,7.0133634
2025-09-23T17:11:32.360551,-1.4476577,7.152147,6.71426
2025-09-23T17:11:32.360571,-1.2155539,7.2646093,6.439086
2025-09-23T17:11:32.360589,-1.0648061,7.4153576,6.448657
2025-09-23T17:11:32.360606,-1.146162,7.2933235,6.7118673
2025-09-23T17:11:32.360624,-1.3208381,7.3340015,6.7645097
2025-09-23T17:11:32.360641,-1.3998013,7.2095747,6.503692
2025-09-23T17:11:32.360659,-1.3639089,7.1808605,6.491728
2025-09-23T17:11:32.360677,-1.3328022,7.092326,6.513263
2025-09-23T17:11:32.360694,-1.5529419,7.207182,6.532406
2025-09-23T17:11:32.360712,-1.4859428,7.470392,6.6735826
2025-09-23T17:11:32.360729,-1.4213367,7.5828547,6.515656
2025-09-23T17:11:32.360746,-1.3328022,7.5493555,6.233303
2025-09-23T17:11:32.360764,-1.3663018,7.4656067,6.216553
2025-09-23T17:11:32.360781,-1.6007984,7.6259255,6.2691956
2025-09-23T17:11:32.360799,-1.7347964,7.664211,6.4773707
2025-09-23T17:11:32.360816,-1.7587247,7.6713896,6.35773
2025-09-23T17:11:32.360834,-1.7706888,7.6426754,5.898308
2025-09-23T17:11:32.360851,-1.8233309,7.826923,5.5106707
2025-09-23T17:11:32.360868,-1.6390835,7.944171,5.2235317
2025-09-23T17:11:32.360886,-1.4811572,7.987242,5.0943193
2025-09-23T17:11:32.360904,-1.6606189,8.157132,5.058427
2025-09-23T17:11:32.360921,-1.7659031,8.262417,5.046463
2025-09-23T17:11:32.360939,-1.7563318,8.300702,4.981857
2025-09-23T17:11:32.360955,-1.753939,8.391629,4.773681
2025-09-23T17:11:32.360973,-1.7467605,8.394022,4.5894337
2025-09-23T17:11:32.360990,-1.7898313,8.331808,4.2831526
2025-09-23T17:11:32.361009,-1.8735801,8.374879,4.017549
2025-09-23T17:11:32.361027,-2.0291135,8.652447,3.9146578
2025-09-23T17:11:32.361044,-1.9980069,8.956335,3.888337
2025-09-23T17:11:32.361062,-1.68694,9.078369,3.7567315
2025-09-23T17:11:32.361079,-1.5529419,9.107083,3.3906298
2025-09-23T17:11:32.361096,-1.605584,9.085547,3.1800613
2025-09-23T17:11:32.361114,-1.7946169,9.030513,2.9982069
2025-09-23T17:11:32.361132,-2.07697,9.099904,2.914458
2025-09-23T17:11:32.361149,-2.184647,9.30808,2.9168508
2025-09-23T17:11:32.361166,-1.9812572,9.420543,2.7948167
2025-09-23T17:11:32.361184,-1.7682959,9.269794,2.6368906
2025-09-23T17:11:32.361202,-1.9190438,9.138189,2.5698915
2025-09-23T17:11:32.361219,-2.2301106,9.068798,2.5028925
2025-09-23T17:11:32.361237,-2.2348964,8.992228,2.201397
2025-09-23T17:11:32.361254,-2.1248264,9.157332,2.0721843
2025-09-23T17:11:32.361272,-2.0961127,9.322437,2.1774685
2025-09-23T17:11:32.361289,-2.0697916,9.403793,2.143969
2025-09-23T17:11:32.361307,-2.0171494,9.415757,1.8831514
2025-09-23T17:11:32.361325,-1.9453648,9.427721,1.6773686
2025-09-23T17:11:32.361342,-1.969293,9.466006,1.68694
2025-09-23T17:11:32.361359,-2.091327,9.427721,1.6223338
2025-09-23T17:11:32.361377,-2.225325,9.377472,1.4979069
2025-09-23T17:11:32.361395,-2.292324,9.406186,1.375873
2025-09-23T17:11:32.361412,-2.2707887,9.4229355,1.2897314
2025-09-23T17:11:32.361430,-2.160719,9.468399,1.160519
2025-09-23T17:11:32.361447,-2.132005,9.480363,1.1724831
2025-09-23T17:11:32.361466,-2.2157538,9.492328,1.1844472
2025-09-23T17:11:32.361483,-2.3545375,9.5665045,1.1078769
2025-09-23T17:11:32.361501,-2.4526432,9.568898,0.9882358
2025-09-23T17:11:32.361519,-2.349752,9.592826,0.9499506
2025-09-23T17:11:32.361537,-2.2348964,9.614362,1.0169497
2025-09-23T17:11:32.361554,-2.347359,9.458828,0.98584294
2025-09-23T17:11:32.361576,-2.507678,9.396614,0.9499506
2025-09-23T17:11:32.361593,-2.57707,9.449257,1.0169497
2025-09-23T17:11:32.361611,-2.5507488,9.485149,0.9810573
2025-09-23T17:11:32.361629,-2.3808584,9.52822,0.94277215
2025-09-23T17:11:32.361647,-2.3162522,9.521041,0.94755775
2025-09-23T17:11:32.361664,-2.2875385,9.501899,0.95473623
2025-09-23T17:11:32.361682,-2.3306093,9.492328,0.9834501
2025-09-23T17:11:32.361700,-2.3449662,9.49472,1.0600204
2025-09-23T17:11:32.361717,-2.321038,9.473185,1.0336994
2025-09-23T17:11:32.361735,-2.2779672,9.470792,1.0624132
2025-09-23T17:11:32.361753,-2.2707887,9.540184,1.1533405
2025-09-23T17:11:32.361772,-2.1750758,9.583255,1.0839486
2025-09-23T17:11:32.361790,-2.0075781,9.583255,0.9068798
2025-09-23T17:11:32.361808,-1.969293,9.58804,0.9236295
2025-09-23T17:11:32.361826,-2.036292,9.556933,1.0432707
2025-09-23T17:11:32.361844,-2.1870399,9.485149,1.0456635
2025-09-23T17:11:32.361861,-2.3425734,9.578469,0.9595219
2025-09-23T17:11:32.361879,-2.2660031,9.499506,0.92602235
2025-09-23T17:11:32.361897,-2.2277179,9.449257,0.86859465
2025-09-23T17:11:32.361915,-2.2348964,9.51147,0.9236295
2025-09-23T17:11:32.361932,-2.268396,9.533006,0.99302137
2025-09-23T17:11:32.361950,-2.2564318,9.542577,0.9738788
2025-09-23T17:11:32.361967,-2.1487548,9.58804,0.8997013
2025-09-23T17:11:32.361985,-2.062613,9.568898,0.95473623
2025-09-23T17:11:32.362002,-2.0697916,9.506684,1.0169497
2025-09-23T17:11:32.362020,-2.1559331,9.523434,0.9954142
2025-09-23T17:11:32.362037,-2.2205393,9.513863,0.9954142
2025-09-23T17:11:32.362054,-2.2181466,9.499506,1.0289137
2025-09-23T17:11:32.362071,-2.120041,9.518648,1.0839486
2025-09-23T17:11:32.362088,-2.132005,9.542577,1.160519
2025-09-23T17:11:32.362106,-2.213361,9.509077,1.1030912
2025-09-23T17:11:32.362123,-2.2875385,9.492328,1.0025927
2025-09-23T17:11:32.362140,-2.2612174,9.475577,0.9499506
2025-09-23T17:11:32.362158,-2.2348964,9.47797,0.94277215
2025-09-23T17:11:32.362175,-2.2348964,9.492328,0.9954142
2025-09-23T17:11:32.362193,-2.2755744,9.482756,0.9762716
2025-09-23T17:11:32.362210,-2.2492533,9.513863,0.9212367
2025-09-23T17:11:32.362228,-2.1966112,9.509077,0.8757731
2025-09-23T17:11:32.362245,-2.2181466,9.533006,0.9212367
2025-09-23T17:11:32.362263,-2.2588246,9.5353985,0.9403793
2025-09-23T17:11:32.362281,-2.254039,9.518648,0.90448695
2025-09-23T17:11:32.362298,-2.184647,9.506684,0.86141616
2025-09-23T17:11:32.362316,-2.1918256,9.51147,0.8662018
2025-09-23T17:11:32.362333,-2.254039,9.509077,0.83748794
2025-09-23T17:11:32.362351,-2.2971098,9.530613,0.82313097
2025-09-23T17:11:32.362519,-2.2325034,9.525827,0.9020941
2025-09-23T17:11:32.362609,-2.2061825,9.554541,0.930808
2025-09-23T17:11:32.362666,-2.1678972,9.521041,0.9164511
2025-09-23T17:11:32.362715,-2.1631117,9.525827,0.9284152
2025-09-23T17:11:32.362761,-2.184647,9.497113,0.97866446
2025-09-23T17:11:32.362829,-2.239682,9.509077,0.96909314
2025-09-23T17:11:32.362898,-2.1942184,9.523434,0.95473623
2025-09-23T17:11:32.362950,-2.1343977,9.52822,0.971486
2025-09-23T17:11:32.362999,-2.0745773,9.504292,0.9523434
2025-09-23T17:11:32.363046,-2.158326,9.521041,0.9882358
2025-09-23T17:11:32.363093,-2.2181466,9.523434,1.052842
2025-09-23T17:11:32.363141,-2.1942184,9.509077,1.052842
2025-09-23T17:11:32.363188,-2.1655045,9.540184,1.0336994
2025-09-23T17:11:32.363235,-2.184647,9.51147,1.0552348
2025-09-23T17:11:32.363282,-2.210968,9.482756,1.0911272
2025-09-23T17:11:32.363329,-2.2612174,9.489935,1.1413764
2025-09-23T17:11:32.363376,-2.2636101,9.530613,1.1030912
2025-09-23T17:11:32.363423,-2.2085752,9.54497,1.1102697
2025-09-23T17:11:32.363470,-2.1176481,9.5353985,1.1078769
2025-09-23T17:11:32.363517,-2.062613,9.49472,1.0767702
2025-09-23T17:11:32.363570,-2.172683,9.513863,1.0552348
2025-09-23T17:11:32.363619,-2.2085752,9.485149,1.012164
2025-09-23T17:11:32.363666,-2.2157538,9.485149,1.0097711
2025-09-23T17:11:32.363713,-2.1296122,9.54497,1.0432707
2025-09-23T17:11:32.363760,-2.0554347,9.554541,1.052842
2025-09-23T17:11:32.363807,-2.0315065,9.54497,1.0241281
2025-09-23T17:11:32.363854,-2.0721843,9.530613,1.026521
2025-09-23T17:11:32.363902,-2.1415763,9.521041,1.052842
2025-09-23T17:11:35.362892,-2.1655045,9.5353985,1.0480564
2025-09-23T17:11:35.367043,-2.091327,9.537791,1.0456635
2025-09-23T17:11:35.367142,-2.0386848,9.542577,1.1030912
2025-09-23T17:11:35.367192,-2.1008983,9.537791,1.0887343
2025-09-23T17:11:35.367239,-2.160719,9.547362,1.0504491
2025-09-23T17:11:35.367285,-2.160719,9.499506,1.0336994
2025-09-23T17:11:35.367340,-2.1391835,9.499506,1.0600204
2025-09-23T17:11:35.367401,-2.0937197,9.523434,1.0624132
2025-09-23T17:11:35.367448,-2.120041,9.590433,1.0935199
2025-09-23T17:11:35.367520,-2.0817556,9.5665045,1.0959128
2025-09-23T17:11:35.367591,-2.0267208,9.609575,1.1389836
2025-09-23T17:11:35.367655,-1.9645073,9.623933,1.174876
2025-09-23T17:11:35.367708,-1.8831514,9.578469,1.1964114
2025-09-23T17:11:35.367766,-1.8975084,9.516255,1.1509477
2025-09-23T17:11:35.367812,-2.0003998,9.473185,1.0552348
2025-09-23T17:11:35.367857,-2.1224337,9.4229355,0.9762716
2025-09-23T17:11:35.367902,-2.2229323,9.413364,0.98584294
2025-09-23T17:11:35.367946,-2.2899313,9.480363,1.052842
2025-09-23T17:11:35.367990,-2.333002,9.559326,1.0552348
2025-09-23T17:11:35.368052,-2.2755744,9.568898,1.0552348
2025-09-23T17:11:35.368099,-2.2205393,9.54497,0.9906286
2025-09-23T17:11:35.368144,-2.2348964,9.51147,0.9619147
2025-09-23T17:11:35.368189,-2.2971098,9.485149,1.0217353
2025-09-23T17:11:35.368234,-2.3162522,9.446864,1.0815558
2025-09-23T17:11:35.368278,-2.292324,9.4636135,1.1222339
2025-09-23T17:11:35.368327,-2.2492533,9.51147,1.1174482
2025-09-23T17:11:35.368384,-2.1918256,9.49472,1.1006985
2025-09-23T17:11:35.368430,-2.184647,9.51147,1.0671989
2025-09-23T17:11:35.368475,-2.172683,9.537791,1.0767702
2025-09-23T17:11:35.368519,-2.1631117,9.54497,1.0624132
2025-09-23T17:11:35.368564,-2.1463618,9.51147,1.0193424
2025-09-23T17:11:35.368616,-2.0961127,9.499506,1.079163
2025-09-23T17:11:35.368660,-2.1918256,9.470792,1.0935199
2025-09-23T17:11:35.368705,-2.2755744,9.513863,1.0743774
2025-09-23T17:11:35.368749,-2.2301106,9.506684,1.0935199
2025-09-23T17:11:35.368794,-2.1966112,9.501899,1.0935199
2025-09-23T17:11:35.368838,-2.1559331,9.499506,1.0289137
2025-09-23T17:11:35.368882,-2.103291,9.51147,1.0193424
2025-09-23T17:11:35.368926,-2.1272194,9.5353985,1.0432707
2025-09-23T17:11:35.368971,-2.1487548,9.533006,1.0624132
2025-09-23T17:11:35.369015,-2.1678972,9.537791,1.0456635
2025-09-23T17:11:35.369059,-2.103291,9.523434,1.0456635
2025-09-23T17:11:35.369103,-2.1080768,9.530613,1.0408778
2025-09-23T17:11:35.369147,-2.1128623,9.52822,1.0289137
2025-09-23T17:11:35.369192,-2.132005,9.482756,1.0169497
2025-09-23T17:11:35.369236,-2.1248264,9.504292,1.0480564
2025-09-23T17:11:35.369280,-2.1702902,9.518648,1.1222339
2025-09-23T17:11:35.369324,-2.2205393,9.530613,1.105484
2025-09-23T17:11:35.369368,-2.1966112,9.516255,1.052842
2025-09-23T17:11:35.369412,-2.172683,9.530613,1.0169497
2025-09-23T17:11:35.369456,-2.1367905,9.54497,1.0767702
2025-09-23T17:11:35.369500,-2.1367905,9.592826,1.079163
2025-09-23T17:11:35.369543,-2.115255,9.564112,1.052842
2025-09-23T17:11:35.369593,-2.1367905,9.49472,1.0313065
2025-09-23T17:11:35.369638,-2.1942184,9.473185,1.0049855
2025-09-23T17:11:35.369682,-2.225325,9.473185,1.0648061
2025-09-23T17:11:35.369726,-2.1702902,9.51147,1.1078769
2025-09-23T17:11:35.369770,-2.07697,9.533006,1.1006985
2025-09-23T17:11:35.369814,-2.07697,9.542577,1.1126626
2025-09-23T17:11:35.369859,-2.1511476,9.499506,1.1389836
2025-09-23T17:11:35.369903,-2.2061825,9.473185,1.0959128
2025-09-23T17:11:35.369947,-2.2372892,9.470792,1.052842
2025-09-23T17:11:35.369991,-2.2277179,9.485149,1.0624132
2025-09-23T17:11:35.370035,-2.132005,9.540184,1.0911272
2025-09-23T17:11:35.370080,-2.1343977,9.58804,1.1820544
2025-09-23T17:11:35.370123,-2.0889342,9.614362,1.1653047
2025-09-23T17:11:35.370168,-2.0195422,9.585648,1.0767702
2025-09-23T17:11:35.370212,-2.050649,9.54497,1.0241281
2025-09-23T17:11:35.370256,-2.1104696,9.49472,1.0025927
2025-09-23T17:11:35.370300,-2.2229323,9.45165,0.9810573
2025-09-23T17:11:35.370344,-2.2420747,9.461221,0.9499506
2025-09-23T17:11:35.370388,-2.251646,9.497113,0.9834501
2025-09-23T17:11:35.370433,-2.2588246,9.585648,1.0815558
2025-09-23T17:11:35.370477,-2.2085752,9.595219,1.134198
2025-09-23T17:11:35.370521,-2.158326,9.549755,1.1150553
2025-09-23T17:11:35.370570,-2.1463618,9.504292,1.0576276
2025-09-23T17:11:35.370616,-2.1702902,9.518648,1.0887343
2025-09-23T17:11:35.370660,-2.1631117,9.518648,1.1413764
2025-09-23T17:11:35.370704,-2.0937197,9.533006,1.038485
2025-09-23T17:11:35.370748,-2.065006,9.561719,0.9810573
2025-09-23T17:11:35.370793,-2.0386848,9.561719,0.9595219
2025-09-23T17:11:35.370843,-1.9980069,9.533006,0.9810573
2025-09-23T17:11:35.370895,-1.9669002,9.5353985,1.0576276
2025-09-23T17:11:35.370940,-2.065006,9.578469,1.1078769
2025-09-23T17:11:35.370986,-2.105684,9.516255,1.0169497
2025-09-23T17:11:35.371030,-2.0937197,9.485149,0.9403793
2025-09-23T17:11:35.371074,-2.0793629,9.470792,0.9164511
2025-09-23T17:11:35.371118,-2.0578275,9.501899,0.9212367
2025-09-23T17:11:35.371161,-2.0267208,9.561719,0.9834501
2025-09-23T17:11:35.371205,-1.9764715,9.592826,1.012164
2025-09-23T17:11:35.371249,-1.9573289,9.6071825,1.0097711
2025-09-23T17:11:35.371293,-1.9764715,9.590433,1.0073783
2025-09-23T17:11:35.371337,-2.0171494,9.571291,0.997807
2025-09-23T17:11:35.371381,-2.062613,9.509077,0.9667004
2025-09-23T17:11:35.371426,-2.050649,9.489935,0.9667004
2025-09-23T17:11:35.371470,-2.0961127,9.521041,1.0097711
2025-09-23T17:11:35.371514,-2.036292,9.580862,1.0313065
2025-09-23T17:11:35.371558,-2.0075781,9.564112,1.0504491
2025-09-23T17:11:35.371609,-2.0219352,9.578469,1.026521
2025-09-23T17:11:35.371654,-2.0315065,9.597611,0.9595219
2025-09-23T17:11:35.371698,-2.0219352,9.573684,0.9212367
2025-09-23T17:11:35.371743,-2.0745773,9.52822,0.92602235
2025-09-23T17:11:35.371787,-2.172683,9.52822,0.9619147
2025-09-23T17:11:35.371832,-2.1798615,9.509077,0.9451649
2025-09-23T17:11:35.371877,-2.0985055,9.516255,0.96909314
2025-09-23T17:11:35.371921,-2.0458634,9.552148,0.9906286
2025-09-23T17:11:35.371965,-2.009971,9.564112,0.997807
2025-09-23T17:11:35.372010,-2.0003998,9.556933,1.0073783
2025-09-23T17:11:35.372054,-1.9740787,9.533006,1.0743774
2025-09-23T17:11:35.372098,-1.9932213,9.480363,1.1270195
2025-09-23T17:11:35.372142,-2.0554347,9.506684,1.0671989
2025-09-23T17:11:35.372186,-2.0961127,9.509077,1.0408778
2025-09-23T17:11:35.372230,-2.0386848,9.583255,1.0480564
2025-09-23T17:11:35.372274,-1.98365,9.583255,1.012164
2025-09-23T17:11:35.372318,-1.9764715,9.616755,0.9523434
2025-09-23T17:11:35.372363,-1.9310079,9.6071825,0.85902333
2025-09-23T17:11:35.372408,-1.8903298,9.559326,0.85184485
2025-09-23T17:11:35.372452,-2.0410776,9.533006,0.80877405
2025-09-23T17:11:35.372497,-2.2157538,9.571291,0.81834537
2025-09-23T17:11:35.372541,-2.143969,9.592826,0.8255238
2025-09-23T17:11:35.372627,-2.07697,9.609575,0.81834537
2025-09-23T17:11:35.372680,-2.199004,9.650253,0.80159557
2025-09-23T17:11:35.372729,-2.4335005,9.583255,0.567099
2025-09-23T17:11:35.372777,-2.7158537,9.49472,0.25842485
2025-09-23T17:11:35.372823,-2.7302105,9.427721,0.083748795
2025-09-23T17:11:35.372868,-2.416751,9.51147,0.09810573
2025-09-23T17:11:35.372913,-2.0554347,9.592826,0.3182454
2025-09-23T17:11:35.372957,-2.0171494,9.743574,0.526421
2025-09-23T17:11:35.373001,-2.0315065,9.772287,0.66999036
2025-09-23T17:11:35.373046,-1.9549361,9.736395,0.7178468
2025-09-23T17:11:35.373090,-1.902294,9.659825,0.82313097
2025-09-23T17:11:35.373135,-1.8927227,9.626326,0.88295156
2025-09-23T17:11:35.373180,-2.0291135,9.564112,0.9236295
2025-09-23T17:11:35.373224,-2.1559331,9.540184,0.9810573
2025-09-23T17:11:35.373269,-2.0865414,9.530613,1.0217353
2025-09-23T17:11:35.373313,-1.9190438,9.456435,1.0671989
2025-09-23T17:11:35.373357,-1.8927227,9.559326,1.2299109
2025-09-23T17:11:35.373401,-1.9286151,9.52822,1.3280165
2025-09-23T17:11:35.373445,-1.9046868,9.485149,1.3806586
2025-09-23T17:11:35.373490,-1.8592232,9.499506,1.3950156
2025-09-23T17:11:35.373534,-1.7682959,9.5353985,1.5002998
2025-09-23T17:11:35.373584,-1.5864414,9.439685,1.7204394
2025-09-23T17:11:35.373629,-1.5672989,9.21476,1.7012969
2025-09-23T17:11:35.373674,-1.713261,9.116654,1.727618
2025-09-23T17:11:35.373718,-1.6366907,9.2075815,1.8975084
2025-09-23T17:11:35.373762,-1.3686945,9.178867,2.1511476
2025-09-23T17:11:35.373807,-1.3040884,9.131011,2.507678
2025-09-23T17:11:35.373852,-1.2059826,8.987442,2.7302105
2025-09-23T17:11:35.373896,-1.1126626,8.822337,2.8283165
2025-09-23T17:11:35.373940,-1.1030912,8.755338,3.0819557
2025-09-23T17:11:35.373984,-1.0887343,8.7984085,3.4337006
2025-09-23T17:11:35.374028,-0.9595219,8.551949,3.735196
2025-09-23T17:11:35.374078,-0.74416786,8.176275,3.7998023
2025-09-23T17:11:35.408624,-0.59342,8.018349,3.9649072
2025-09-23T17:11:35.408712,-0.701097,7.944171,4.4147577
2025-09-23T17:11:35.408764,-0.6197411,7.7479596,4.6061835
2025-09-23T17:11:35.408810,-0.2847459,7.585248,4.733003
2025-09-23T17:11:35.408856,-0.031106694,7.3866434,5.1014977
2025-09-23T17:11:35.408902,-0.0047856453,7.152147,5.5393844
2025-09-23T17:11:35.408947,-0.009571291,7.0540414,5.436493
2025-09-23T17:11:35.408991,0.078963146,6.73101,5.6949177
2025-09-23T17:11:35.409035,-0.05503492,6.649654,6.1471615
2025-09-23T17:11:35.409079,-0.13399807,6.5659056,6.530013
2025-09-23T17:11:35.409122,0.18424734,6.2931237,6.4606214
2025-09-23T17:11:35.409166,0.45702913,6.24766,6.640083
2025-09-23T17:11:36.031000,0.6867401,6.096912,7.166504
2025-09-23T17:11:36.060110,0.59581286,5.814559,7.7096744
2025-09-23T17:11:36.060202,0.55034924,5.1613183,8.252846
2025-09-23T17:11:36.060253,0.4546363,4.752146,8.635697
2025-09-23T17:11:36.060298,0.6867401,4.4195433,9.111869
2025-09-23T17:11:36.060342,1.1365907,4.024728,9.322437
2025-09-23T17:11:36.060385,1.3495519,3.7543387,9.468399
2025-09-23T17:11:36.060428,1.4380864,3.3499517,9.891929
2025-09-23T17:11:36.060470,1.4500505,2.7996025,10.499705
2025-09-23T17:11:36.060513,1.3136597,2.3114667,10.676775
2025-09-23T17:11:36.060556,1.3375878,2.062613,10.671989
2025-09-23T17:11:36.060611,1.4380864,1.8664017,10.9352
2025-09-23T17:11:36.060655,1.4404793,1.820938,11.260623
2025-09-23T17:11:36.060698,1.430908,1.713261,11.236695
2025-09-23T17:11:36.060741,1.5361922,1.6534405,10.997413
2025-09-23T17:11:36.060783,1.4093726,1.6845472,10.691132
2025-09-23T17:11:36.060825,1.1485549,1.6319051,10.425529
2025-09-23T17:11:36.063046,0.88295156,1.6462619,10.382458
2025-09-23T17:11:36.063133,0.72263247,1.6965113,10.509277
2025-09-23T17:11:36.063185,0.715454,1.550549,10.439885
2025-09-23T17:11:36.063231,0.72502524,1.3471591,10.183853
2025-09-23T17:11:36.063276,0.31345975,1.1030912,10.100104
2025-09-23T17:11:36.063329,-0.14356937,1.0671989,10.179068
2025-09-23T17:11:36.063373,-0.40438703,1.2179468,10.080962
2025-09-23T17:11:36.063418,-0.44985065,1.4524434,9.997213
2025-09-23T17:11:36.063462,-0.20578274,1.5170496,10.061819
2025-09-23T17:11:36.063507,-0.02871387,1.3710874,10.24846
2025-09-23T17:11:36.063551,0.033499517,0.97866446,10.313066
2025-09-23T17:11:36.063604,0.13160525,0.5694918,10.126426
2025-09-23T17:11:36.063649,-0.34456646,1.2897314,10.164711
2025-09-23T17:11:36.063694,-0.40917268,1.5840486,10.143175
2025-09-23T17:11:36.129248,0.25124636,0.98584294,10.0881405
2025-09-23T17:11:36.136930,0.7369894,0.7896315,10.234102
2025-09-23T17:11:36.137063,0.53599226,0.59581286,9.968499
2025-09-23T17:11:36.137119,-0.22971097,0.7800602,10.102497
2025-09-23T17:11:36.137165,-0.9595219,1.4835501,10.152746
2025-09-23T17:11:36.137210,-0.8327023,1.6582261,9.932607
2025-09-23T17:11:36.137254,-0.21535404,1.3926228,9.798609
2025-09-23T17:11:36.137298,0.12921242,1.2610176,10.078569
2025-09-23T17:11:36.137341,0.24646074,1.0911272,10.076176
2025-09-23T17:11:36.137387,0.124426775,1.0935199,9.817751
2025-09-23T17:11:36.342475,-0.10767702,1.3160524,9.590433
2025-09-23T17:11:36.354549,-0.22492532,1.5098711,9.645468
2025-09-23T17:11:36.354655,-0.1794617,1.591227,9.875179
2025-09-23T17:11:36.354714,-0.083748795,1.5146568,9.970892
2025-09-23T17:11:36.354766,0.0526421,1.4620147,9.91825
2025-09-23T17:11:36.354814,0.047856454,1.4093726,9.839287
2025-09-23T17:11:36.354861,0.12921242,1.3328022,9.652647
2025-09-23T17:11:36.354907,-0.023928227,1.4404793,9.798609
2025-09-23T17:11:36.354954,-0.19860429,1.6079768,9.80818
2025-09-23T17:11:36.355002,-0.23928227,1.591227,9.805787
2025-09-23T17:11:36.355049,-0.29671,1.6701902,9.755538
2025-09-23T17:11:36.543089,-0.25124636,1.7252251,9.729217
2025-09-23T17:11:36.577135,0.08135597,1.524228,9.693324
2025-09-23T17:11:36.577234,0.016749758,1.6773686,9.633504
2025-09-23T17:11:36.577285,-0.22013968,1.6534405,9.968499
2025-09-23T17:11:36.577332,-0.23449662,1.591227,10.018748
2025-09-23T17:11:36.577389,-0.29910284,1.4715859,9.597611
2025-09-23T17:11:36.577444,-0.38763726,1.3519448,9.348758
2025-09-23T17:11:36.577490,-0.3684947,1.2562319,9.556933
2025-09-23T17:11:36.577535,-0.18185452,1.3280165,10.033105
2025-09-23T17:11:36.577597,-0.08853444,1.4691931,10.403993
2025-09-23T17:11:36.736304,-0.0071784677,1.5529419,10.133604
2025-09-23T17:11:36.751552,-0.019142581,1.5337993,9.705289
2025-09-23T17:11:36.751655,-0.086141616,1.4907285,9.686146
2025-09-23T17:11:36.751707,-0.1698904,1.4596218,9.836894
2025-09-23T17:11:36.751753,-0.2943172,1.4811572,9.891929
2025-09-23T17:11:36.751798,-0.35653058,1.457229,9.879965
2025-09-23T17:11:36.751841,-0.31345975,1.442872,9.79143
2025-09-23T17:11:36.751885,-0.25842485,1.4356936,9.700503
2025-09-23T17:11:36.751928,-0.27517462,1.4715859,9.753145
2025-09-23T17:11:36.751971,-0.27756742,1.4524434,9.827323
2025-09-23T17:11:36.752016,-0.2943172,1.4333007,9.858429
2025-09-23T17:11:36.942943,-0.30388847,1.4500505,9.836894
2025-09-23T17:11:36.976139,-0.2943172,1.416551,9.856036
2025-09-23T17:11:36.976220,-0.22731815,1.4524434,9.894321
2025-09-23T17:11:36.976271,-0.21535404,1.4261223,9.8727865
2025-09-23T17:11:36.976317,-0.23449662,1.3998013,9.8321085
2025-09-23T17:11:36.976362,-0.30149564,1.3950156,9.815358
2025-09-23T17:11:36.976407,-0.30388847,1.3950156,9.846465
2025-09-23T17:11:36.976450,-0.32063824,1.3256238,9.925428
2025-09-23T17:11:36.976493,-0.3804588,1.2873386,9.958928
2025-09-23T17:11:36.976537,-0.41635114,1.2729816,9.95175
2025-09-23T17:11:36.976592,-0.36131623,1.3112668,9.868001
2025-09-23T17:11:37.132027,-0.29192436,1.3423735,9.891929
2025-09-23T17:11:37.161597,-0.2632105,1.3591232,9.877572
2025-09-23T17:11:37.161886,-0.2656033,1.3878372,9.858429
2025-09-23T17:11:37.161988,-0.29192436,1.3782659,9.8321085
2025-09-23T17:11:37.162012,-0.33499518,1.3663018,9.803394
2025-09-23T17:11:37.162031,-0.33020952,1.3639089,9.815358
2025-09-23T17:11:37.162049,-0.31106696,1.375873,9.822537
2025-09-23T17:11:37.162066,-0.32063824,1.3926228,9.803394
2025-09-23T17:11:37.162083,-0.3397808,1.3950156,9.829716
2025-09-23T17:11:37.162100,-0.33260235,1.3878372,9.848858
2025-09-23T17:11:37.333226,-0.2943172,1.3782659,9.870394
2025-09-23T17:11:37.350834,-0.3182454,1.3471591,9.906285
2025-09-23T17:11:37.350886,-0.30149564,1.3232309,9.913465
2025-09-23T17:11:37.350908,-0.37567315,1.375873,9.879965
2025-09-23T17:11:37.350943,-0.39960137,1.3256238,9.8632145
2025-09-23T17:11:37.350961,-0.37328035,1.308874,9.848858
2025-09-23T17:11:37.350978,-0.38524446,1.3280165,9.875179
2025-09-23T17:11:37.350995,-0.3804588,1.3328022,9.899107
2025-09-23T17:11:37.351011,-0.36131623,1.3591232,9.870394
2025-09-23T17:11:37.351028,-0.3278167,1.3543376,9.84168
2025-09-23T17:11:37.351061,-0.28713873,1.375873,9.80818
2025-09-23T17:11:37.432952,-0.3493521,1.3710874,9.834501
2025-09-23T17:11:37.480958,-0.33738798,1.3830515,9.827323
2025-09-23T17:11:37.481020,-0.31585258,1.3782659,9.827323
2025-09-23T17:11:37.481041,-0.3182454,1.375873,9.853643
2025-09-23T17:11:37.481075,-0.33738798,1.3878372,9.8632145
2025-09-23T17:11:37.627574,-0.33499518,1.3734802,9.839287
2025-09-23T17:11:37.665308,-0.33738798,1.3854443,9.851251
2025-09-23T17:11:37.665378,-0.35653058,1.3854443,9.834501
2025-09-23T17:11:37.665399,-0.39720857,1.3710874,9.834501
2025-09-23T17:11:37.665417,-0.36370903,1.3591232,9.84168
2025-09-23T17:11:37.665434,-0.31106696,1.3256238,9.844072
2025-09-23T17:11:37.665452,-0.2943172,1.3543376,9.851251
2025-09-23T17:11:37.665469,-0.30867413,1.3495519,9.839287
2025-09-23T17:11:37.665486,-0.32542387,1.3543376,9.868001
2025-09-23T17:11:37.665502,-0.3493521,1.3567305,9.8727865
2025-09-23T17:11:37.665535,-0.34456646,1.3399807,9.868001
2025-09-23T17:11:37.842401,-0.33020952,1.3639089,9.839287
2025-09-23T17:11:37.913689,-0.25842485,1.3686945,9.858429
2025-09-23T17:11:37.913784,-0.28235307,1.3471591,9.858429
2025-09-23T17:11:37.913806,-0.31345975,1.3423735,9.834501
2025-09-23T17:11:37.913824,-0.3924229,1.375873,9.817751
2025-09-23T17:11:37.913842,-0.3924229,1.3471591,9.834501
2025-09-23T17:11:37.913866,-0.3493521,1.3351951,9.851251
2025-09-23T17:11:37.913889,-0.3062813,1.3328022,9.856036
2025-09-23T17:11:37.913905,-0.31585258,1.3423735,9.851251
2025-09-23T17:11:37.913922,-0.3397808,1.3471591,9.851251
2025-09-23T17:11:37.913955,-0.3397808,1.3399807,9.8632145
2025-09-23T17:11:37.951899,-0.33020952,1.3304094,9.858429
2025-09-23T17:11:37.954558,-0.3589234,1.3256238,9.868001
2025-09-23T17:11:37.954621,-0.35174492,1.3208381,9.899107
2025-09-23T17:11:37.954658,-0.37328035,1.3495519,9.8727865
2025-09-23T17:11:37.954677,-0.33738798,1.3543376,9.846465
2025-09-23T17:11:37.954704,-0.33020952,1.3686945,9.817751
2025-09-23T17:11:38.158835,-0.32542387,1.3519448,9.839287
2025-09-23T17:11:38.198580,-0.3589234,1.3639089,9.839287
2025-09-23T17:11:38.198653,-0.3397808,1.375873,9.848858
2025-09-23T17:11:38.198676,-0.36610186,1.3447664,9.868001
2025-09-23T17:11:38.198696,-0.36131623,1.3256238,9.858429
2025-09-23T17:11:38.198714,-0.3469593,1.3112668,9.846465
2025-09-23T17:11:38.198732,-0.36610186,1.3328022,9.875179
2025-09-23T17:11:38.198750,-0.37088752,1.3136597,9.875179
2025-09-23T17:11:38.198768,-0.33738798,1.3160524,9.891929
2025-09-23T17:11:38.198786,-0.3278167,1.3471591,9.868001
2025-09-23T17:11:38.198816,-0.35413775,1.3663018,9.844072
2025-09-23T17:11:38.347870,-0.3469593,1.3399807,9.851251
2025-09-23T17:11:38.361356,-0.3589234,1.3615161,9.834501
2025-09-23T17:11:38.361420,-0.34217364,1.3423735,9.820144
2025-09-23T17:11:38.361442,-0.33738798,1.3423735,9.815358
2025-09-23T17:11:38.361460,-0.3469593,1.3280165,9.834501
2025-09-23T17:11:38.361477,-0.36610186,1.3351951,9.856036
2025-09-23T17:11:38.361494,-0.38763726,1.3208381,9.8632145
2025-09-23T17:11:38.361511,-0.38285163,1.3351951,9.860822
2025-09-23T17:11:38.361527,-0.37567315,1.3280165,9.851251
2025-09-23T17:11:38.361581,-0.34456646,1.3543376,9.868001
2025-09-23T17:11:40.470729,-0.3589234,1.3375878,9.870394
2025-09-23T17:11:40.471229,-0.38763726,1.3232309,9.860822
2025-09-23T17:11:40.471270,-0.35653058,1.3304094,9.860822
2025-09-23T17:11:40.471291,-0.35413775,1.3232309,9.851251
2025-09-23T17:11:40.471309,-0.37088752,1.3304094,9.858429
2025-09-23T17:11:40.471327,-0.36131623,1.3136597,9.851251
2025-09-23T17:11:40.471345,-0.36131623,1.3160524,9.84168
2025-09-23T17:11:40.471362,-0.35653058,1.3280165,9.870394
2025-09-23T17:11:40.471379,-0.33738798,1.3447664,9.851251
2025-09-23T17:11:40.471396,-0.37088752,1.3280165,9.839287
2025-09-23T17:11:40.471413,-0.3684947,1.3304094,9.851251
2025-09-23T17:11:40.471430,-0.38285163,1.3471591,9.836894
2025-09-23T17:11:40.471447,-0.38285163,1.3160524,9.870394
2025-09-23T17:11:40.471463,-0.36131623,1.3184453,9.856036
2025-09-23T17:11:40.471480,-0.3589234,1.3160524,9.877572
2025-09-23T17:11:40.471496,-0.37088752,1.3160524,9.8632145
2025-09-23T17:11:40.471513,-0.35413775,1.3280165,9.851251
2025-09-23T17:11:40.471823,-0.35653058,1.3280165,9.848858
2025-09-23T17:11:40.471870,-0.35413775,1.3232309,9.853643
2025-09-23T17:11:40.471892,-0.3493521,1.3304094,9.868001
2025-09-23T17:11:40.471911,-0.37088752,1.3280165,9.8632145
2025-09-23T17:11:40.471930,-0.3493521,1.3112668,9.846465
2025-09-23T17:11:40.471947,-0.38285163,1.3304094,9.817751
2025-09-23T17:11:40.471964,-0.37088752,1.3280165,9.836894
2025-09-23T17:11:40.471982,-0.38285163,1.3208381,9.853643
2025-09-23T17:11:40.471999,-0.37567315,1.3256238,9.836894
2025-09-23T17:11:40.472016,-0.36131623,1.3495519,9.851251
2025-09-23T17:11:40.472033,-0.37567315,1.3208381,9.834501
2025-09-23T17:11:40.472050,-0.35653058,1.3447664,9.84168
2025-09-23T17:11:40.472067,-0.3684947,1.3519448,9.865608
2025-09-23T17:11:40.472085,-0.38763726,1.3160524,9.8632145
2025-09-23T17:11:40.472102,-0.3900301,1.3232309,9.8727865
2025-09-23T17:11:40.472118,-0.37328035,1.3112668,9.865608
2025-09-23T17:11:40.472135,-0.35653058,1.3064811,9.851251
2025-09-23T17:11:40.478494,-0.35413775,1.3232309,9.846465
2025-09-23T17:11:40.478542,-0.37088752,1.3375878,9.860822
2025-09-23T17:11:40.478573,-0.36131623,1.3256238,9.844072
2025-09-23T17:11:40.478598,-0.3684947,1.3375878,9.858429
2025-09-23T17:11:40.478622,-0.3589234,1.3256238,9.8632145
2025-09-23T17:11:40.478640,-0.36131623,1.3232309,9.846465
2025-09-23T17:11:40.478657,-0.38285163,1.3112668,9.858429
2025-09-23T17:11:40.478675,-0.39481574,1.3447664,9.853643
2025-09-23T17:11:40.478692,-0.37567315,1.3184453,9.851251
2025-09-23T17:11:40.478709,-0.3684947,1.3184453,9.8321085
2025-09-23T17:11:40.478726,-0.36131623,1.3208381,9.856036
2025-09-23T17:11:40.478743,-0.36131623,1.3184453,9.879965
2025-09-23T17:11:40.478760,-0.36370903,1.3064811,9.879965
2025-09-23T17:11:40.478777,-0.37567315,1.2921243,9.858429
2025-09-23T17:11:40.478793,-0.38524446,1.3256238,9.853643
2025-09-23T17:11:40.478810,-0.37088752,1.308874,9.84168
2025-09-23T17:11:40.478827,-0.35174492,1.308874,9.846465
2025-09-23T17:11:40.479063,-0.36370903,1.3495519,9.829716
2025-09-23T17:11:40.479110,-0.3804588,1.3495519,9.827323
2025-09-23T17:11:40.479133,-0.35413775,1.3328022,9.844072
2025-09-23T17:11:40.479152,-0.36370903,1.3064811,9.846465
2025-09-23T17:11:40.479170,-0.3589234,1.308874,9.846465
2025-09-23T17:11:40.479187,-0.36370903,1.3232309,9.865608
2025-09-23T17:11:40.479204,-0.3589234,1.3256238,9.844072
2025-09-23T17:11:40.479221,-0.37088752,1.3064811,9.856036
2025-09-23T17:11:40.479238,-0.39481574,1.3160524,9.877572
2025-09-23T17:11:40.479255,-0.39720857,1.2969099,9.875179
2025-09-23T17:11:40.479272,-0.37806597,1.3136597,9.870394
2025-09-23T17:11:40.479289,-0.35413775,1.3040884,9.848858
2025-09-23T17:11:40.479306,-0.3493521,1.3232309,9.851251
2025-09-23T17:11:40.479322,-0.35653058,1.3112668,9.836894
2025-09-23T17:11:40.479340,-0.40917268,1.3304094,9.839287
2025-09-23T17:11:40.479356,-0.39720857,1.3040884,9.851251
2025-09-23T17:11:40.479711,-0.39481574,1.3016955,9.858429
2025-09-23T17:11:40.479770,-0.36370903,1.3208381,9.856036
2025-09-23T17:11:40.479793,-0.35413775,1.3016955,9.860822
2025-09-23T17:11:40.479813,-0.38763726,1.3160524,9.8727865
2025-09-23T17:11:40.479831,-0.3684947,1.3256238,9.865608
2025-09-23T17:11:40.479849,-0.3900301,1.3160524,9.865608
2025-09-23T17:11:40.479866,-0.37806597,1.3136597,9.839287
2025-09-23T17:11:40.479884,-0.36610186,1.3184453,9.848858
2025-09-23T17:11:40.479901,-0.35174492,1.3232309,9.856036
2025-09-23T17:11:40.479917,-0.37088752,1.3351951,9.882358
2025-09-23T17:11:40.479935,-0.35413775,1.308874,9.853643
2025-09-23T17:11:40.479953,-0.38285163,1.3328022,9.848858
2025-09-23T17:11:40.479972,-0.35653058,1.3016955,9.8321085
2025-09-23T17:11:40.479990,-0.36370903,1.3256238,9.84168
2025-09-23T17:11:40.480008,-0.37806597,1.3304094,9.84168
2025-09-23T17:11:40.480026,-0.35653058,1.3543376,9.822537
2025-09-23T17:11:40.480044,-0.37567315,1.3232309,9.822537
2025-09-23T17:11:40.480489,-0.37567315,1.3112668,9.839287
2025-09-23T17:11:40.480538,-0.37088752,1.3136597,9.844072
2025-09-23T17:11:40.480561,-0.3684947,1.3208381,9.860822
2025-09-23T17:11:40.480589,-0.3493521,1.2993027,9.860822
2025-09-23T17:11:40.480607,-0.35413775,1.3208381,9.856036
2025-09-23T17:11:40.480625,-0.4211368,1.3208381,9.868001
2025-09-23T17:11:40.480643,-0.40917268,1.2921243,9.882358
2025-09-23T17:11:40.480662,-0.41635114,1.3064811,9.860822
2025-09-23T17:11:40.480680,-0.4235296,1.3208381,9.844072
2025-09-23T17:11:40.480699,-0.4235296,1.3519448,9.8727865
2025-09-23T17:11:40.480717,-0.3804588,1.3591232,9.753145
2025-09-23T17:11:40.480735,-0.40438703,1.4476577,9.789038
2025-09-23T17:11:40.480753,-0.35413775,1.4237294,9.91825
2025-09-23T17:11:40.480771,-0.3469593,1.2801601,9.889536
2025-09-23T17:11:40.480789,-0.29910284,1.1940185,9.757931
2025-09-23T17:11:40.480807,-0.19381863,1.1892328,9.722038
2025-09-23T17:11:40.480825,-0.22492532,1.2323036,10.078569
2025-09-23T17:11:40.486774,-0.1363909,1.2801601,10.258031
2025-09-23T17:11:40.486821,-0.20338993,1.3423735,10.315458
2025-09-23T17:11:40.486845,-0.12203395,1.3304094,9.822537
2025-09-23T17:11:40.486864,-0.148355,1.3663018,9.578469
2025-09-23T17:11:40.486883,-0.11724831,1.3184453,9.518648
2025-09-23T17:11:40.486901,-0.016749758,1.3471591,9.647861
2025-09-23T17:11:40.486921,-0.021535404,1.39023,9.875179
2025-09-23T17:11:40.486942,-0.069391854,1.3064811,9.934999
2025-09-23T17:11:40.486960,0.009571291,1.1964114,9.805787
2025-09-23T17:11:40.486978,0.086141616,1.2107682,9.82493
2025-09-23T17:11:40.486997,0.124426775,1.2323036,9.846465
2025-09-23T17:11:40.487021,0.15074782,1.2466606,9.865608
2025-09-23T17:11:40.709999,0.15314065,1.2897314,9.865608
2025-09-23T17:11:40.758055,0.19381863,1.3710874,9.865608
2025-09-23T17:11:40.758144,0.21535404,1.4907285,9.798609
2025-09-23T17:11:40.758199,0.23449662,1.457229,9.784252
2025-09-23T17:11:40.758245,0.2727818,1.3184453,9.894321
2025-09-23T17:11:40.758289,0.21774685,1.3615161,9.942178
2025-09-23T17:11:40.758333,0.3684947,1.3878372,9.970892
2025-09-23T17:11:40.758377,0.526421,1.3567305,10.068997
2025-09-23T17:11:40.758421,0.6029913,1.4356936,10.095319
2025-09-23T17:11:40.758464,0.5694918,1.5864414,9.997213
2025-09-23T17:11:40.758507,0.6269195,1.5840486,9.930214
2025-09-23T17:11:40.758550,0.8853444,1.4859428,9.915857
2025-09-23T17:11:40.758605,1.1437693,1.1246266,10.10489
2025-09-23T17:11:40.925170,1.1724831,0.79920274,10.281959
2025-09-23T17:11:40.958155,0.92602235,0.8662018,10.34178
2025-09-23T17:11:40.958229,0.66999036,0.95473623,10.475778
2025-09-23T17:11:40.958280,0.66759753,0.9403793,10.963913
2025-09-23T17:11:40.958326,1.0313065,0.72023964,11.296515
2025-09-23T17:11:40.958371,0.90448695,0.72502524,11.531013
2025-09-23T17:11:40.958416,0.9379865,1.038485,11.85165
2025-09-23T17:11:40.958460,1.0767702,1.174876,11.916257
2025-09-23T17:11:40.958503,1.5098711,1.0863415,11.057234
2025-09-23T17:11:40.958547,1.18684,1.4835501,10.892129
2025-09-23T17:11:41.108991,0.80159557,1.9645073,10.987842
2025-09-23T17:11:41.112996,0.93320084,2.6919255,10.49492
2025-09-23T17:11:41.113071,1.6414764,3.333202,10.112068
2025-09-23T17:11:41.113121,2.0482562,3.4887354,9.497113
2025-09-23T17:11:41.113168,1.8376877,3.5796626,9.176475
2025-09-23T17:11:41.113212,1.3208381,3.885944,9.226724
2025-09-23T17:11:41.113256,0.9284152,4.1778684,9.473185
2025-09-23T17:11:41.113299,0.8207382,4.395615,8.877372
2025-09-23T17:11:41.113342,1.0648061,4.4913282,8.236095
2025-09-23T17:11:41.113385,0.7322037,4.6564326,7.692925
2025-09-23T17:11:41.113429,0.14117654,4.9770713,7.4010005
2025-09-23T17:11:41.314930,0.083748795,5.4388857,7.0372915
2025-09-23T17:11:41.428421,0.3900301,5.76431,6.6257257
2025-09-23T17:11:41.428517,0.34456646,6.099305,6.355337
2025-09-23T17:11:41.428583,0.2656033,6.2979093,6.290731
2025-09-23T17:11:41.428633,0.14596218,6.4797635,6.3361945
2025-09-23T17:11:41.428678,-0.062213387,6.7429743,6.2811594
2025-09-23T17:11:41.428799,-0.18424734,6.908079,6.192625
2025-09-23T17:11:41.428844,-0.18424734,7.025327,5.9174504
2025-09-23T17:11:41.428866,-0.36370903,7.223932,5.6207404
2025-09-23T17:11:41.428887,-0.5766702,7.5182486,5.410172
2025-09-23T17:11:41.510797,-0.6556334,7.702496,5.3790655
2025-09-23T17:11:41.522032,-0.62931234,7.8173513,5.2546387
2025-09-23T17:11:41.522092,-0.57188463,7.9154572,5.1924253
2025-09-23T17:11:41.522114,-0.5383851,7.9968133,5.139783
2025-09-23T17:11:41.522132,-0.6867401,8.142776,4.8789654
2025-09-23T17:11:41.522149,-0.80159557,8.226524,4.682754
2025-09-23T17:11:41.522166,-0.8877372,8.26481,4.6085763
2025-09-23T17:11:41.522182,-0.863809,8.46102,4.4841495
2025-09-23T17:11:41.522199,-0.7920243,8.628518,4.2951164
2025-09-23T17:11:41.522217,-0.7752745,8.729017,4.0797625
2025-09-23T17:11:41.522242,-0.83748794,8.79123,3.952943
2025-09-23T17:11:41.716219,-0.99302137,8.805588,3.8165522
2025-09-23T17:11:41.820900,-1.0695918,8.784052,3.548556
2025-09-23T17:11:41.820985,-1.0504491,8.836694,3.359523
2025-09-23T17:11:41.821007,-1.0169497,8.860622,3.1657043
2025-09-23T17:11:41.821025,-1.012164,8.91805,2.9383862
2025-09-23T17:11:41.821043,-1.1413764,9.085547,2.7397819
2025-09-23T17:11:41.821060,-1.3495519,9.257831,2.617748
2025-09-23T17:11:41.821077,-1.4045869,9.346365,2.4239295
2025-09-23T17:11:41.821093,-1.4261223,9.360723,2.3162522
2025-09-23T17:11:41.821110,-1.5361922,9.408579,2.3114667
2025-09-23T17:11:41.821148,-1.5672989,9.389436,2.268396
2025-09-23T17:11:41.928016,-1.4715859,9.377472,2.0147567
2025-09-23T17:11:41.928106,-1.4404793,9.365508,1.7898313
2025-09-23T17:11:41.928128,-1.6295122,9.348758,1.7180467
2025-09-23T17:11:41.928146,-1.8113668,9.391829,1.7946169
2025-09-23T17:11:41.928164,-1.8281165,9.4636135,1.8065811
2025-09-23T17:11:41.928180,-1.820938,9.559326,1.6414764
2025-09-23T17:11:41.928198,-1.7730815,9.58804,1.3734802
2025-09-23T17:11:41.928214,-1.820938,9.504292,1.2299109
2025-09-23T17:11:41.928230,-1.875973,9.485149,1.1892328
2025-09-23T17:11:41.928266,-1.8999012,9.530613,1.2011969
2025-09-23T17:11:42.119895,-1.8711873,9.616755,1.174876
2025-09-23T17:11:42.233503,-1.8592232,9.616755,0.9954142
2025-09-23T17:11:42.233575,-1.8520447,9.58804,0.86859465
2025-09-23T17:11:42.233598,-1.8975084,9.537791,0.93559366
2025-09-23T17:11:42.233618,-2.0075781,9.482756,0.9738788
2025-09-23T17:11:42.233636,-2.0985055,9.573684,0.95712906
2025-09-23T17:11:42.233654,-2.091327,9.683753,0.91884387
2025-09-23T17:11:42.233673,-1.9262222,9.65504,0.80159557
2025-09-23T17:11:42.233691,-1.9310079,9.600004,0.6891329
2025-09-23T17:11:42.233709,-2.1367905,9.521041,0.66759753
2025-09-23T17:11:42.233739,-2.2277179,9.521041,0.71306115
2025-09-23T17:11:42.322952,-2.0889342,9.614362,0.6963114
2025-09-23T17:11:42.442749,-1.9310079,9.690931,0.6412765
2025-09-23T17:11:42.442851,-1.8113668,9.650253,0.6939186
2025-09-23T17:11:42.442873,-1.8735801,9.631111,0.74895346
2025-09-23T17:11:42.442893,-1.9405792,9.640682,0.8207382
2025-09-23T17:11:42.442912,-1.9262222,9.623933,0.80159557
2025-09-23T17:11:42.442930,-1.942972,9.669396,0.7800602
2025-09-23T17:11:42.442948,-1.969293,9.676575,0.7178468
2025-09-23T17:11:42.442966,-1.9453648,9.595219,0.6628119
2025-09-23T17:11:42.442982,-1.9262222,9.571291,0.6412765
2025-09-23T17:11:42.443013,-2.143969,9.88475,0.5024927
2025-09-23T17:11:42.518937,-1.7108682,9.41815,0.6053841
2025-09-23T17:11:42.632613,-1.98365,9.58804,0.60777694
2025-09-23T17:11:42.632662,-2.07697,9.616755,0.8207382
2025-09-23T17:11:42.632685,-2.1678972,9.616755,0.86141616
2025-09-23T17:11:42.632705,-1.9980069,9.609575,0.7298109
2025-09-23T17:11:42.632724,-1.9357935,9.554541,0.69152576
2025-09-23T17:11:42.632742,-1.969293,9.537791,0.6652047
2025-09-23T17:11:42.632759,-1.98365,9.556933,0.61734825
2025-09-23T17:11:42.632776,-1.9501505,9.602397,0.53359944
2025-09-23T17:11:42.632793,-1.8664017,9.6071825,0.54317075
2025-09-23T17:11:42.632811,-1.8544376,9.643075,0.6053841
2025-09-23T17:11:42.632829,-1.8855443,9.671789,0.6436693
2025-09-23T17:11:42.632847,-1.8999012,9.628718,0.6125626
2025-09-23T17:11:42.632866,-1.9118652,9.5665045,0.5479564
2025-09-23T17:11:42.632884,-1.9310079,9.5760765,0.53599226
2025-09-23T17:11:42.632918,-1.9118652,9.590433,0.5982057
2025-09-23T17:11:46.214640,-1.9381863,9.640682,0.6269195
2025-09-23T17:11:46.216958,-2.0147567,9.619147,0.63170516
2025-09-23T17:11:46.217001,-2.065006,9.578469,0.65324056
2025-09-23T17:11:46.217022,-1.969293,9.554541,0.63170516
2025-09-23T17:11:46.217041,-1.847259,9.583255,0.66041905
2025-09-23T17:11:46.217058,-1.9070797,9.597611,0.69152576
2025-09-23T17:11:46.217075,-1.9621146,9.602397,0.7609176
2025-09-23T17:11:46.217092,-1.9238294,9.5760765,0.72502524
2025-09-23T17:11:46.217110,-1.9166509,9.583255,0.71306115
2025-09-23T17:11:46.217126,-1.9118652,9.611969,0.6939186
2025-09-23T17:11:46.217143,-1.8879371,9.626326,0.6867401
2025-09-23T17:11:46.217160,-1.8927227,9.623933,0.6652047
2025-09-23T17:11:46.217176,-1.9046868,9.590433,0.67477596
2025-09-23T17:11:46.217193,-1.9501505,9.580862,0.6963114
2025-09-23T17:11:46.217209,-1.9716859,9.578469,0.7513463
2025-09-23T17:11:46.217226,-1.995614,9.614362,0.77766734
2025-09-23T17:11:46.217243,-1.9597218,9.6071825,0.74416786
2025-09-23T17:11:46.217259,-1.9286151,9.583255,0.7465607
2025-09-23T17:11:46.217276,-1.902294,9.5665045,0.74416786
2025-09-23T17:11:46.217293,-1.9381863,9.561719,0.7704889
2025-09-23T17:11:46.217309,-1.969293,9.58804,0.8207382
2025-09-23T17:11:46.217330,-1.9573289,9.580862,0.8135597
2025-09-23T17:11:46.217353,-1.9286151,9.58804,0.7800602
2025-09-23T17:11:46.217370,-1.9238294,9.614362,0.79920274
2025-09-23T17:11:46.217387,-1.9142581,9.60479,0.80159557
2025-09-23T17:11:46.217404,-1.8640088,9.556933,0.75613195
2025-09-23T17:11:46.217422,-1.8305093,9.597611,0.7728817
2025-09-23T17:11:46.217438,-1.8664017,9.619147,0.8279166
2025-09-23T17:11:46.217458,-1.9094725,9.638289,0.88295156
2025-09-23T17:11:46.217476,-1.9501505,9.611969,0.8781659
2025-09-23T17:11:46.217493,-1.9477576,9.5760765,0.849452
2025-09-23T17:11:46.217510,-1.9357935,9.573684,0.8255238
2025-09-23T17:11:46.217526,-1.8376877,9.537791,0.74416786
2025-09-23T17:11:46.217543,-1.7994026,9.564112,0.6939186
2025-09-23T17:11:46.217559,-1.8017955,9.62154,0.82313097
2025-09-23T17:11:46.217580,-1.9477576,9.633504,0.95712906
2025-09-23T17:11:46.217597,-2.065006,9.58804,0.9595219
2025-09-23T17:11:46.217615,-2.0482562,9.540184,0.9092726
2025-09-23T17:11:46.217632,-2.0338993,9.518648,0.863809
2025-09-23T17:11:46.217651,-1.9549361,9.561719,0.9020941
2025-09-23T17:11:46.217669,-1.9166509,9.5760765,0.93320084
2025-09-23T17:11:46.217687,-1.9142581,9.568898,0.89013004
2025-09-23T17:11:46.217705,-1.9334008,9.592826,0.8997013
2025-09-23T17:11:46.217722,-1.9118652,9.585648,0.93559366
2025-09-23T17:11:46.217741,-1.9238294,9.616755,0.9379865
2025-09-23T17:11:46.217758,-1.9812572,9.580862,0.89491564
2025-09-23T17:11:46.217774,-2.024328,9.564112,0.83748794
2025-09-23T17:11:46.217791,-2.036292,9.537791,0.8111669
2025-09-23T17:11:46.217808,-1.9310079,9.597611,0.83988076
2025-09-23T17:11:46.217825,-1.8640088,9.626326,0.83748794
2025-09-23T17:11:46.217842,-1.847259,9.626326,0.8925229
2025-09-23T17:11:46.218695,-1.9046868,9.597611,0.89730847
2025-09-23T17:11:46.218742,-1.9764715,9.549755,0.83748794
2025-09-23T17:11:46.218767,-1.9525433,9.556933,0.8566305
2025-09-23T17:11:46.218787,-1.9070797,9.583255,0.9236295
2025-09-23T17:11:46.218806,-1.9070797,9.585648,0.9284152
2025-09-23T17:11:46.218825,-1.9597218,9.5665045,0.8709874
2025-09-23T17:11:46.218844,-1.9381863,9.568898,0.8470592
2025-09-23T17:11:46.218863,-1.9310079,9.573684,0.83030945
2025-09-23T17:11:46.218881,-1.8903298,9.571291,0.8446664
2025-09-23T17:11:46.218900,-1.8376877,9.602397,0.89013004
2025-09-23T17:11:46.218931,-1.8496519,9.609575,0.91166544
2025-09-23T17:11:46.218950,-1.875973,9.626326,0.9068798
2025-09-23T17:11:46.218967,-1.9262222,9.568898,0.88295156
2025-09-23T17:11:46.218985,-1.9357935,9.547362,0.8566305
2025-09-23T17:11:46.219003,-1.98365,9.573684,0.88295156
2025-09-23T17:11:46.219021,-1.98365,9.583255,0.9020941
2025-09-23T17:11:46.219039,-1.942972,9.571291,0.8925229
2025-09-23T17:11:46.219057,-1.9405792,9.595219,0.8925229
2025-09-23T17:11:46.219075,-1.9214365,9.6071825,0.90448695
2025-09-23T17:11:46.219093,-1.9549361,9.590433,0.90448695
2025-09-23T17:11:46.219111,-1.9740787,9.552148,0.9212367
2025-09-23T17:11:46.219129,-1.9621146,9.542577,0.9092726
2025-09-23T17:11:46.219147,-1.9669002,9.5665045,0.9020941
2025-09-23T17:11:46.219167,-1.9597218,9.5760765,0.90448695
2025-09-23T17:11:46.219185,-1.9597218,9.583255,0.91405827
2025-09-23T17:11:46.219203,-1.9597218,9.590433,0.9068798
2025-09-23T17:11:46.219221,-1.9357935,9.5760765,0.863809
2025-09-23T17:11:46.219239,-1.9262222,9.54497,0.8279166
2025-09-23T17:11:46.219258,-1.9046868,9.573684,0.81834537
2025-09-23T17:11:46.219276,-1.9094725,9.58804,0.8805587
2025-09-23T17:11:46.219294,-1.9070797,9.616755,0.90448695
2025-09-23T17:11:46.219312,-1.9166509,9.568898,0.91166544
2025-09-23T17:11:46.219330,-1.9381863,9.552148,0.8805587
2025-09-23T17:11:46.219348,-1.9669002,9.573684,0.8853444
2025-09-23T17:11:46.219366,-1.9381863,9.600004,0.91166544
2025-09-23T17:11:46.219384,-1.9501505,9.580862,0.9092726
2025-09-23T17:11:46.219402,-2.0051854,9.583255,0.90448695
2025-09-23T17:11:46.219420,-1.9932213,9.592826,0.92602235
2025-09-23T17:11:46.219439,-1.9262222,9.623933,0.88295156
2025-09-23T17:11:46.219457,-1.8687944,9.616755,0.89730847
2025-09-23T17:11:46.219474,-1.8903298,9.561719,0.8566305
2025-09-23T17:11:46.219496,-1.8927227,9.554541,0.8446664
2025-09-23T17:11:46.219517,-1.9381863,9.540184,0.81595254
2025-09-23T17:11:46.219535,-1.9908284,9.568898,0.81834537
2025-09-23T17:11:46.219553,-1.9334008,9.602397,0.83030945
2025-09-23T17:11:46.219577,-1.8544376,9.611969,0.8327023
2025-09-23T17:11:46.219596,-1.8831514,9.626326,0.80159557
2025-09-23T17:11:46.219614,-1.9166509,9.58804,0.7704889
2025-09-23T17:11:46.219636,-1.9501505,9.58804,0.72741807
2025-09-23T17:11:46.219665,-1.9453648,9.595219,0.74416786
2025-09-23T17:11:46.219682,-1.8879371,9.614362,0.76331043
2025-09-23T17:11:46.219699,-1.8065811,9.616755,0.7896315
2025-09-23T17:11:46.219716,-1.8113668,9.623933,0.7848458
2025-09-23T17:11:46.219734,-1.8496519,9.611969,0.82313097
2025-09-23T17:11:46.219752,-1.9094725,9.597611,0.8805587
2025-09-23T17:11:46.219769,-1.9645073,9.590433,0.863809
2025-09-23T17:11:46.219788,-1.9310079,9.5665045,0.8446664
2025-09-23T17:11:46.219806,-1.9214365,9.580862,0.86859465
2025-09-23T17:11:46.219824,-1.9357935,9.583255,0.86859465
2025-09-23T17:11:46.219842,-1.9334008,9.609575,0.85184485
2025-09-23T17:11:46.219860,-1.9214365,9.5760765,0.85902333
2025-09-23T17:11:46.219877,-1.9334008,9.583255,0.8709874
2025-09-23T17:11:46.219894,-1.9525433,9.590433,0.89730847
2025-09-23T17:11:46.219912,-1.9764715,9.616755,0.9403793
2025-09-23T17:11:46.219930,-1.9501505,9.58804,0.94277215
2025-09-23T17:11:46.219948,-1.8999012,9.573684,0.88295156
2025-09-23T17:11:46.219966,-1.8879371,9.54497,0.86141616
2025-09-23T17:11:46.221164,-1.8855443,9.5665045,0.90448695
2025-09-23T17:11:46.221212,-1.8807586,9.571291,0.863809
2025-09-23T17:11:46.221237,-1.8640088,9.590433,0.91166544
2025-09-23T17:11:46.221258,-1.9118652,9.60479,0.9834501
2025-09-23T17:11:46.221278,-1.9381863,9.585648,0.95712906
2025-09-23T17:11:46.221298,-1.9214365,9.5760765,0.9092726
2025-09-23T17:11:46.221316,-1.9381863,9.561719,0.8255238
2025-09-23T17:11:46.221335,-1.9286151,9.571291,0.8279166
2025-09-23T17:11:46.221353,-1.9046868,9.592826,0.8757731
2025-09-23T17:11:46.221372,-1.9166509,9.609575,0.87338024
2025-09-23T17:11:46.221390,-1.9070797,9.578469,0.8422736
2025-09-23T17:11:46.221409,-1.9238294,9.590433,0.86859465
2025-09-23T17:11:46.221427,-1.9334008,9.58804,0.8422736
2025-09-23T17:11:46.221446,-1.9094725,9.611969,0.7728817
2025-09-23T17:11:46.221464,-1.8520447,9.600004,0.7322037
2025-09-23T17:11:46.221482,-1.8448663,9.619147,0.7704889
2025-09-23T17:11:46.221500,-1.8640088,9.623933,0.8063812
2025-09-23T17:11:46.221519,-1.9310079,9.60479,0.82313097
2025-09-23T17:11:46.221538,-1.9884356,9.600004,0.89730847
2025-09-23T17:11:46.221556,-2.0027926,9.609575,0.94277215
2025-09-23T17:11:46.221580,-1.9645073,9.5760765,0.9212367
2025-09-23T17:11:46.221599,-1.9932213,9.571291,0.9212367
2025-09-23T17:11:46.221617,-1.9788643,9.547362,0.9020941
2025-09-23T17:11:46.221635,-1.9453648,9.516255,0.8207382
2025-09-23T17:11:46.221654,-2.009971,9.521041,0.80877405
2025-09-23T17:11:46.221672,-2.0410776,9.595219,0.863809
2025-09-23T17:11:46.221691,-1.8927227,9.602397,0.91884387
2025-09-23T17:11:46.221709,-1.7994026,9.609575,0.9020941
2025-09-23T17:11:46.221727,-1.8711873,9.592826,0.94277215
2025-09-23T17:11:46.221745,-1.9645073,9.571291,0.9236295
2025-09-23T17:11:46.221763,-1.8903298,9.556933,0.83988076
2025-09-23T17:11:46.221781,-1.8041883,9.559326,0.8446664
2025-09-23T17:11:46.221800,-1.8161523,9.5760765,0.91405827
2025-09-23T17:11:46.286723,-1.8855443,9.60479,0.9092726
2025-09-23T17:11:46.286830,-1.9118652,9.597611,0.8781659
2025-09-23T17:11:46.286853,-1.8640088,9.616755,0.91884387
2025-09-23T17:11:46.286872,-1.8257236,9.602397,0.94277215
2025-09-23T17:11:46.286890,-1.8257236,9.631111,0.92602235
2025-09-23T17:11:46.286907,-1.7754744,9.6071825,0.9212367
2025-09-23T17:11:46.286924,-1.8041883,9.592826,0.94755775
2025-09-23T17:11:46.286940,-1.8496519,9.578469,0.9499506
2025-09-23T17:11:46.286957,-1.861616,9.583255,1.0049855
2025-09-23T17:11:46.286973,-1.8089739,9.609575,1.0576276
2025-09-23T17:11:46.286990,-1.7730815,9.592826,0.98584294
2025-09-23T17:11:46.287013,-1.8305093,9.583255,0.9499506
2025-09-23T17:11:46.287036,-1.8903298,9.580862,0.94277215
2025-09-23T17:11:46.287052,-1.835295,9.590433,0.91166544
2025-09-23T17:11:46.287069,-1.8137596,9.62154,0.863809
2025-09-23T17:11:46.287086,-1.8376877,9.631111,0.8709874
2025-09-23T17:11:46.287103,-1.8305093,9.60479,0.8853444
2025-09-23T17:11:46.287119,-1.8687944,9.62154,0.9092726
2025-09-23T17:11:46.287136,-1.8855443,9.578469,0.9284152
2025-09-23T17:11:46.287152,-1.8855443,9.549755,0.9284152
2025-09-23T17:11:46.287168,-1.9238294,9.54497,0.930808
2025-09-23T17:11:46.287186,-1.9310079,9.564112,0.95712906
2025-09-23T17:11:46.287202,-1.9190438,9.609575,0.9619147
2025-09-23T17:11:46.287218,-1.847259,9.616755,0.9403793
2025-09-23T17:11:46.287234,-1.8137596,9.633504,0.930808
2025-09-23T17:11:46.287251,-1.8592232,9.580862,0.9236295
2025-09-23T17:11:46.287268,-1.9645073,9.571291,0.8853444
2025-09-23T17:11:46.287284,-2.0003998,9.547362,0.90448695
2025-09-23T17:11:46.287301,-1.9214365,9.580862,0.8279166
2025-09-23T17:11:46.287317,-1.8544376,9.595219,0.849452
2025-09-23T17:11:46.287334,-1.8400806,9.611969,0.90448695
2025-09-23T17:11:46.287350,-1.8376877,9.60479,0.8781659
2025-09-23T17:11:46.287366,-1.861616,9.559326,0.8207382
2025-09-23T17:11:46.287383,-1.8592232,9.585648,0.8135597
2025-09-23T17:11:46.287399,-1.8783658,9.583255,0.8422736
2025-09-23T17:11:46.287416,-1.8855443,9.614362,0.8566305
2025-09-23T17:11:46.287432,-1.8544376,9.597611,0.85902333
2025-09-23T17:11:46.287449,-1.8424734,9.595219,0.8781659
2025-09-23T17:11:46.287466,-1.7922242,9.611969,0.9020941
2025-09-23T17:11:46.287484,-1.8041883,9.611969,0.9212367
2025-09-23T17:11:46.558610,-1.8281165,9.60479,0.930808
2025-09-23T17:11:46.619507,-1.8640088,9.609575,0.930808
2025-09-23T17:11:46.619554,-1.9214365,9.595219,0.95712906
2025-09-23T17:11:46.619584,-1.9669002,9.571291,0.9595219
2025-09-23T17:11:46.619605,-1.9525433,9.580862,0.9762716
2025-09-23T17:11:46.619624,-1.8496519,9.592826,0.9523434
2025-09-23T17:11:46.619643,-1.7946169,9.623933,0.94277215
2025-09-23T17:11:46.619661,-1.7802601,9.628718,0.97866446
2025-09-23T17:11:46.619679,-1.8376877,9.585648,0.997807
2025-09-23T17:11:46.619698,-1.8592232,9.5665045,0.9523434
2025-09-23T17:11:46.619716,-1.8711873,9.590433,0.9451649
2025-09-23T17:11:46.619735,-1.847259,9.573684,0.9810573
2025-09-23T17:11:46.619753,-1.8687944,9.602397,0.98584294
2025-09-23T17:11:46.619772,-1.8807586,9.623933,0.94755775
2025-09-23T17:11:46.619790,-1.8783658,9.597611,0.9164511
2025-09-23T17:11:46.619808,-1.8927227,9.600004,0.9068798
2025-09-23T17:11:46.619826,-1.8807586,9.595219,0.8805587
2025-09-23T17:11:46.622003,-1.8544376,9.580862,0.89491564
2025-09-23T17:11:46.743072,-1.9094725,9.54497,0.9020941
2025-09-23T17:11:46.757528,-1.9477576,9.583255,0.9284152
2025-09-23T17:11:46.757638,-1.8927227,9.614362,0.9403793
2025-09-23T17:11:46.757690,-1.8233309,9.616755,0.9068798
2025-09-23T17:11:46.757867,-1.8951155,9.578469,0.89730847
2025-09-23T17:11:46.757946,-1.9477576,9.573684,0.8805587
2025-09-23T17:11:46.757991,-1.9214365,9.561719,0.8805587
2025-09-23T17:11:46.758009,-1.8807586,9.58804,0.86859465
2025-09-23T17:11:46.758027,-1.8257236,9.614362,0.9236295
2025-09-23T17:11:46.758046,-1.8089739,9.643075,0.99302137
2025-09-23T17:11:46.946032,-1.8257236,9.623933,0.9954142
2025-09-23T17:11:47.144979,-1.820938,9.540184,0.9212367
2025-09-23T17:11:47.145080,-1.8281165,9.537791,0.9068798
2025-09-23T17:11:47.145132,-1.8664017,9.559326,1.0145568
2025-09-23T17:11:47.145178,-1.8305093,9.592826,1.0863415
2025-09-23T17:11:47.145223,-1.8568304,9.623933,1.0600204
2025-09-23T17:11:47.145267,-1.8329022,9.609575,1.0360922
2025-09-23T17:11:47.145310,-1.8233309,9.595219,1.026521
2025-09-23T17:11:47.145355,-1.8520447,9.602397,1.0097711
2025-09-23T17:11:47.145399,-1.8592232,9.573684,1.0001999
2025-09-23T17:11:47.145457,-1.8879371,9.580862,1.0097711
2025-09-23T17:11:47.145501,-1.8975084,9.578469,1.026521
2025-09-23T17:11:47.145547,-1.9286151,9.583255,1.0360922
2025-09-23T17:11:47.145614,-1.9046868,9.578469,1.0169497
2025-09-23T17:11:47.145670,-1.8711873,9.595219,1.0025927
2025-09-23T17:11:47.145875,-1.8544376,9.592826,0.9810573
2025-09-23T17:11:47.145993,-1.8520447,9.62154,0.9403793
2025-09-23T17:11:47.161837,-1.8520447,9.580862,0.9164511
2025-09-23T17:11:47.161951,-1.861616,9.537791,0.8853444
2025-09-23T17:11:47.161975,-1.9118652,9.5760765,0.91166544
2025-09-23T17:11:47.161994,-1.8711873,9.592826,0.9738788
2025-09-23T17:11:47.162013,-1.7970098,9.592826,0.90448695
2025-09-23T17:11:47.341117,-1.7635103,9.60479,0.8997013
2025-09-23T17:11:47.354883,-1.8041883,9.616755,0.92602235
2025-09-23T17:11:47.354927,-1.835295,9.611969,0.9236295
2025-09-23T17:11:47.354949,-1.8329022,9.597611,0.9164511
2025-09-23T17:11:47.354969,-1.8496519,9.600004,0.930808
2025-09-23T17:11:47.354987,-1.8424734,9.60479,0.93320084
2025-09-23T17:11:47.355005,-1.8711873,9.561719,0.93320084
2025-09-23T17:11:47.355023,-1.8855443,9.571291,0.91884387
2025-09-23T17:11:47.355041,-1.9142581,9.573684,0.93559366
2025-09-23T17:11:47.355059,-1.8783658,9.58804,0.94755775
2025-09-23T17:11:47.546904,-1.8664017,9.590433,0.9738788
2025-09-23T17:11:47.562578,-1.8927227,9.585648,0.95712906
2025-09-23T17:11:47.562673,-1.9357935,9.573684,0.96430755
2025-09-23T17:11:47.562696,-1.9477576,9.571291,0.95473623
2025-09-23T17:11:47.562715,-1.9381863,9.552148,0.91166544
2025-09-23T17:11:47.562734,-1.9262222,9.5760765,0.92602235
2025-09-23T17:11:47.562752,-1.8496519,9.614362,0.95712906
2025-09-23T17:11:47.562770,-1.7946169,9.578469,0.9499506
2025-09-23T17:11:47.562788,-1.7874385,9.597611,0.9595219
2025-09-23T17:11:47.562807,-1.8664017,9.580862,0.97866446
2025-09-23T17:11:47.562826,-1.9046868,9.573684,0.99302137
2025-09-23T17:11:47.749656,-1.9142581,9.580862,0.971486
2025-09-23T17:11:47.769380,-1.8544376,9.58804,0.9595219
2025-09-23T17:11:47.769443,-1.8257236,9.58804,0.9738788
2025-09-23T17:11:47.769482,-1.8592232,9.6071825,0.98584294
2025-09-23T17:11:47.769500,-1.8640088,9.60479,0.98584294
2025-09-23T17:11:47.769518,-1.8735801,9.568898,0.9834501
2025-09-23T17:11:47.769535,-1.9214365,9.571291,1.012164
2025-09-23T17:11:47.769552,-1.9477576,9.595219,1.0360922
2025-09-23T17:11:47.769581,-1.9046868,9.583255,0.9906286
2025-09-23T17:11:47.769600,-1.8975084,9.554541,0.93559366
2025-09-23T17:11:47.769619,-1.8975084,9.540184,0.9092726
2025-09-23T17:11:47.795007,-1.902294,9.571291,0.9499506
2025-09-23T17:11:47.798544,-1.8831514,9.6071825,0.9810573
2025-09-23T17:11:47.798645,-1.8496519,9.600004,0.9236295
2025-09-23T17:11:48.000251,-1.8233309,9.5760765,0.8135597
2025-09-23T17:11:48.050763,-1.8281165,9.530613,0.7298109
2025-09-23T17:11:48.050851,-1.9094725,9.542577,0.6987042
2025-09-23T17:11:48.050874,-1.8855443,9.602397,0.69152576
2025-09-23T17:11:48.050894,-1.6965113,9.676575,0.67477596
2025-09-23T17:11:48.050913,-1.7012969,9.686146,0.62931234
2025-09-23T17:11:48.050931,-1.902294,9.638289,0.6580262
2025-09-23T17:11:48.050948,-2.091327,9.643075,0.6580262
2025-09-23T17:11:48.050966,-2.0673988,9.62154,0.6963114
2025-09-23T17:11:48.051026,-1.8855443,9.698111,0.7752745
2025-09-23T17:11:48.205038,-1.8113668,9.712467,0.7968099
2025-09-23T17:11:48.208780,-1.9621146,9.710074,0.7848458
2025-09-23T17:11:48.208874,-2.1463618,9.678967,0.67477596
2025-09-23T17:11:48.208936,-2.1918256,9.60479,0.6652047
2025-09-23T17:11:48.208982,-2.172683,9.578469,0.7178468
2025-09-23T17:11:48.209028,-2.1080768,9.568898,0.74416786
2025-09-23T17:11:48.209076,-2.1224337,9.640682,0.8542377
2025-09-23T17:11:48.209120,-2.0171494,9.657433,0.87338024
2025-09-23T17:11:48.209165,-1.8855443,9.638289,0.930808
2025-09-23T17:11:48.209209,-1.9597218,9.626326,0.98584294
2025-09-23T17:11:48.209269,-1.9645073,9.62154,0.9619147
2025-09-23T17:11:48.409932,-1.9070797,9.504292,0.9667004
2025-09-23T17:11:48.462228,-1.9549361,9.410972,1.1150553
2025-09-23T17:11:48.462342,-2.0386848,9.360723,1.3591232
2025-09-23T17:11:48.462411,-1.9357935,9.353543,1.6366907
2025-09-23T17:11:48.462464,-1.7850457,9.367901,1.9118652
2025-09-23T17:11:48.462511,-1.6965113,9.379865,2.1535404
2025-09-23T17:11:48.462575,-1.6247265,9.329616,2.333002
2025-09-23T17:11:48.462633,-1.5529419,9.18126,2.6536403
2025-09-23T17:11:48.462681,-1.5481563,9.059227,3.0053852
2025-09-23T17:11:48.462725,-1.68694,9.035298,3.278167
2025-09-23T17:11:48.462783,-1.7204394,9.040084,3.3714871
2025-09-23T17:11:48.596165,-1.4691931,8.944371,3.3882368
2025-09-23T17:11:49.342887,-1.1724831,8.829515,3.3619158
2025-09-23T17:11:49.342985,-0.997807,8.874979,3.5246277
2025-09-23T17:11:49.343036,-1.0767702,8.932407,3.8620157
2025-09-23T17:11:49.343082,-1.2083755,8.85823,4.2257247
2025-09-23T17:11:49.343126,-1.0815558,8.575876,4.479364
2025-09-23T17:11:49.343171,-0.81834537,8.372486,4.613362
2025-09-23T17:11:49.343216,-0.66041905,8.310273,4.6755753
2025-09-23T17:11:49.343261,-0.8135597,8.262417,4.65404
2025-09-23T17:11:49.343304,-1.0408778,8.219346,4.9435716
2025-09-23T17:11:49.343348,-1.1126626,8.037491,5.261817
2025-09-23T17:11:49.343391,-0.9595219,7.812566,5.4723854
2025-09-23T17:11:49.343435,-0.62931234,7.690532,5.651847
2025-09-23T17:11:49.343479,-0.1794617,7.6307116,5.666204
2025-09-23T17:11:49.343523,0.076570325,7.5996046,5.7786665
2025-09-23T17:11:49.343577,-0.06460621,7.3770723,5.8863435
2025-09-23T17:11:49.343624,-0.3397808,7.271788,5.9748783
2025-09-23T17:11:49.343669,-0.47856453,7.259824,6.3696938
2025-09-23T17:11:49.343713,-0.60059845,7.109076,7.058827
2025-09-23T17:11:49.343756,-0.4833502,6.506085,7.6426754
2025-09-23T17:11:49.343800,-0.46899325,5.838487,8.338987
2025-09-23T17:11:49.343844,-0.83748794,5.355137,9.157332
2025-09-23T17:11:49.343888,-1.5457634,5.127819,9.32483
2025-09-23T17:11:49.343932,-2.091327,5.0440702,9.006584
2025-09-23T17:11:49.343975,-2.3665016,5.319245,8.645268
2025-09-23T17:11:49.344020,-2.5339992,5.9342003,8.575876
2025-09-23T17:11:49.344064,-2.2779672,6.1878395,8.60459
2025-09-23T17:11:49.344109,-1.5601203,6.235696,8.331808
2025-09-23T17:11:49.344153,-1.0313065,6.053841,8.020741
2025-09-23T17:11:49.344197,-0.7609176,5.733203,7.786245
2025-09-23T17:11:49.344241,-0.8997013,5.3312087,7.678568
2025-09-23T17:11:49.344285,-1.4117653,5.1852465,7.752745
2025-09-23T17:11:49.344329,-2.1631117,5.2283173,7.8628154
2025-09-23T17:11:49.344373,-2.7326035,5.3814583,7.958528
2025-09-23T17:11:49.344417,-2.9886355,5.407779,7.7240314
2025-09-23T17:11:49.344463,-3.010171,5.4699926,7.6833534
2025-09-23T17:11:49.344509,-3.117848,5.465207,7.752745
2025-09-23T17:11:49.344556,-3.0269206,5.5106707,7.7910304
2025-09-23T17:11:49.344610,-2.7349963,5.474778,7.9657063
2025-09-23T17:11:49.344657,-2.3784657,5.328816,8.039884
2025-09-23T17:11:49.344705,-2.251646,5.1326046,7.9393854
2025-09-23T17:11:49.344749,-2.2037897,4.9196434,7.752745
2025-09-23T17:11:49.344793,-2.349752,4.833502,7.798209
2025-09-23T17:11:49.374268,-3.0604203,5.3240304,8.025527
2025-09-23T17:11:49.374371,-3.2422748,5.4699926,7.6977105
2025-09-23T17:11:49.374425,-2.804388,4.907679,7.597212
2025-09-23T17:11:49.374473,-2.5962126,4.642076,8.482556
2025-09-23T17:11:49.374519,-2.4837499,3.790231,8.851051
2025-09-23T17:11:49.374571,-2.6201408,3.4025939,8.525627
2025-09-23T17:11:49.539396,-2.6249263,4.1898327,8.46102
2025-09-23T17:11:49.549032,-2.457429,4.723432,8.846265
2025-09-23T17:11:49.549123,-2.7158537,4.613362,8.7673025
2025-09-23T17:11:49.549176,-3.1633115,4.35733,8.386844
2025-09-23T17:11:49.549224,-3.1274192,4.0965123,7.834101
2025-09-23T17:11:49.549270,-3.1776686,4.7449675,7.2957163
2025-09-23T17:11:49.549326,-2.548356,5.613562,7.1377897
2025-09-23T17:11:49.549371,-1.6366907,5.7451673,8.063812
2025-09-23T17:11:49.549415,-1.4668003,5.113462,9.233903
2025-09-23T17:11:49.549458,-1.9764715,4.347759,9.889536
2025-09-23T17:11:49.549503,-3.034099,4.1754756,9.71486
2025-09-23T17:11:49.842612,-4.331009,5.9844494,8.140383
2025-09-23T17:11:50.418680,-4.1778684,7.520642,8.712267
2025-09-23T17:11:50.418771,-2.656033,7.690532,11.143375
2025-09-23T17:11:50.418823,-2.536392,7.420143,13.861622
2025-09-23T17:11:50.418871,-3.900301,6.7262244,14.498113
2025-09-23T17:11:50.418916,-3.641876,6.204589,13.952549
2025-09-23T17:11:50.418978,-2.7684958,6.7525454,12.782458
2025-09-23T17:11:50.419033,-1.4213367,6.7262244,12.289537
2025-09-23T17:11:50.419079,0.32542387,4.7976093,12.710674
2025-09-23T17:11:50.419137,-0.0071784677,1.4380864,11.643475
2025-09-23T17:11:50.460710,0.44745782,0.009571291,11.358729
2025-09-23T17:11:50.461159,1.174876,-0.27038896,12.713067
2025-09-23T17:11:50.461282,0.10049855,-0.19142582,13.813766
2025-09-23T17:11:50.461334,0.526421,-1.5768701,13.950156
2025-09-23T17:11:50.461383,0.8207382,-1.3328022,12.516855
2025-09-23T17:11:50.461443,1.7371893,-1.2083755,10.676775
2025-09-23T17:11:50.461488,2.5052853,-0.4019942,10.502099
2025-09-23T17:11:50.461551,2.309074,0.086141616,9.767502
2025-09-23T17:11:50.461755,1.4691931,0.89730847,9.970892
2025-09-23T17:11:50.461822,0.9619147,1.4979069,9.542577
2025-09-23T17:11:50.461845,0.91405827,0.7322037,9.274581
2025-09-23T17:11:50.461864,0.3062813,0.5599205,9.339187
2025-09-23T17:11:50.461883,-0.24646074,1.4739788,10.468599
2025-09-23T17:11:50.461900,-0.18664017,2.1104696,9.468399
2025-09-23T17:11:50.461918,-0.25603202,2.469393,8.62134
2025-09-23T17:11:50.461935,-0.47856453,2.8666015,8.688339
2025-09-23T17:11:50.461952,-0.5910272,3.4648073,8.700303
2025-09-23T17:11:50.461969,-0.6364908,4.1276193,8.403593
2025-09-23T17:11:50.461986,-0.863809,4.790431,7.9633136
2025-09-23T17:11:50.462003,-0.82313097,5.1996036,7.6067834
2025-09-23T17:11:50.462020,-0.8709874,5.3790655,7.4344997
2025-09-23T17:11:50.462037,-1.1437693,5.558527,7.4847493
2025-09-23T17:11:50.462054,-1.7611175,5.7355957,7.6546397
2025-09-23T17:11:50.462071,-2.1559331,5.656633,7.6546397
2025-09-23T17:11:50.462087,-2.2348964,5.1589255,6.721439
2025-09-23T17:11:50.462104,-2.0219352,4.6731825,5.6279187
2025-09-23T17:11:50.462120,-1.8999012,4.7042894,5.0273204
2025-09-23T17:11:50.462137,-2.1678972,4.7976093,4.6875396
2025-09-23T17:11:50.462153,-2.6321049,4.733003,4.634897
2025-09-23T17:11:50.462170,-3.0819557,4.508078,4.4817567
2025-09-23T17:11:50.462187,-3.0149565,4.462614,4.54397
2025-09-23T17:11:50.462203,-2.658426,4.7018967,4.469793
2025-09-23T17:11:50.462219,-2.4885356,5.056034,4.220939
2025-09-23T17:11:50.462236,-2.3377876,5.541777,4.022335
2025-09-23T17:11:50.469979,-2.0410776,5.881558,3.9673
2025-09-23T17:11:50.470053,-1.9166509,5.946164,3.7208393
2025-09-23T17:11:50.470106,-2.2564318,5.800202,3.1728828
2025-09-23T17:11:50.470153,-2.7302105,5.8504515,2.9599216
2025-09-23T17:11:50.470199,-3.2853456,6.1232333,3.0053852
2025-09-23T17:11:50.649510,-3.6610186,5.9437714,3.1680973
2025-09-23T17:11:50.652321,-3.8835511,5.4149575,3.0675986
2025-09-23T17:11:50.652419,-3.9984066,4.867001,2.672783
2025-09-23T17:11:50.652469,-4.1204405,4.7545385,2.4646072
2025-09-23T17:11:50.652518,-4.091727,5.393422,2.507678
2025-09-23T17:11:50.652572,-3.5581272,6.9966135,3.2709885
2025-09-23T17:11:50.652619,-4.5535417,11.227124,3.2135608
2025-09-23T17:11:50.652675,-5.0273204,14.407186,1.3447664
2025-09-23T17:11:50.652722,-4.2592244,12.7393875,-0.3924229
2025-09-23T17:11:50.652769,-4.4075794,11.705688,-0.44745782
2025-09-23T17:11:50.857733,-4.4195433,10.650454,-0.60777694
2025-09-23T17:11:50.881290,-3.8404803,9.908679,-0.3684947
2025-09-23T17:11:50.881388,-3.0747771,9.415757,0.0071784677
2025-09-23T17:11:50.881439,-2.2181466,9.468399,0.37567315
2025-09-23T17:11:50.881486,-1.2753744,9.762716,0.9906286
2025-09-23T17:11:50.881535,-0.7513463,10.126426,1.6654046
2025-09-23T17:11:50.881600,0.02632105,10.195817,1.8017955
2025-09-23T17:11:50.881647,0.41874397,10.238888,1.7515461
2025-09-23T17:11:50.881692,0.014356935,9.994821,1.3615161
2025-09-23T17:11:50.881737,-0.6987042,9.700503,0.86141616
2025-09-23T17:11:50.881783,-0.57906306,9.19801,0.31106696
2025-09-23T17:11:51.045244,-0.8997013,8.755338,0.37088752
2025-09-23T17:11:51.062734,-1.6031911,9.375079,0.8805587
2025-09-23T17:11:51.062835,-1.7874385,9.736395,-0.10289137
2025-09-23T17:11:51.062887,-2.0075781,9.734002,-1.4476577
2025-09-23T17:11:51.062933,-1.7706888,9.731609,-1.0360922
2025-09-23T17:11:51.062978,-0.70588267,10.482956,0.39481574
2025-09-23T17:11:51.063047,-0.05742774,10.523634,0.7800602
2025-09-23T17:11:51.063103,-0.42831525,10.217353,0.5455636
2025-09-23T17:11:51.063150,-0.8063812,9.973285,0.31585258
2025-09-23T17:11:51.063195,-0.8709874,9.724431,0.31345975
2025-09-23T17:11:51.251543,-1.0959128,9.004191,-0.29910284
2025-09-23T17:11:51.271754,-1.3998013,8.374879,-1.1318051
2025-09-23T17:11:51.271850,-1.5529419,8.903693,-1.3567305
2025-09-23T17:11:51.271902,-1.0719845,9.568898,-1.308874
2025-09-23T17:11:51.271951,-0.25842485,9.997213,-0.43788654
2025-09-23T17:11:51.271997,0.8446664,9.939785,0.72023964
2025-09-23T17:11:51.272043,1.2227324,9.628718,-0.1698904
2025-09-23T17:11:51.272088,1.6965113,9.482756,-1.564906
2025-09-23T17:11:51.272134,2.7349963,9.626326,-1.9812572
2025-09-23T17:11:51.272179,4.694718,9.970892,-1.3734802
2025-09-23T17:11:51.272224,3.7184465,10.169497,-0.0023928226
2025-09-23T17:11:51.309731,1.6965113,10.219746,0.6723832
2025-09-23T17:11:51.319396,1.3208381,9.973285,0.18903299
2025-09-23T17:11:51.319494,1.6079768,9.82493,-0.30149564
2025-09-23T17:11:51.518792,1.3998013,9.609575,-0.5814559
2025-09-23T17:11:51.548607,0.79441714,9.410972,-0.5455636
2025-09-23T17:11:51.548882,0.5168497,9.533006,-0.23688944
2025-09-23T17:11:51.548973,0.76570326,9.760324,0.11246266
2025-09-23T17:11:51.548996,0.930808,10.018748,0.19142582
2025-09-23T17:11:51.549015,0.9523434,10.092926,0.0526421
2025-09-23T17:11:51.549034,1.0289137,10.025927,-0.08135597
2025-09-23T17:11:51.549051,0.97866446,9.894321,0.05503492
2025-09-23T17:11:51.549069,0.8039884,9.765109,0.014356935
2025-09-23T17:11:51.549086,0.83988076,9.638289,-0.019142581
2025-09-23T17:11:51.549117,0.86141616,9.659825,0.11964113
2025-09-23T17:11:51.717676,0.9499506,9.750752,0.07178468
2025-09-23T17:11:51.746424,1.0887343,9.810573,-0.124426775
2025-09-23T17:11:51.746511,1.1916257,9.786645,-0.076570325
2025-09-23T17:11:51.746533,1.2107682,9.753145,0.16510476
2025-09-23T17:11:51.746552,1.253839,9.745967,0.21535404
2025-09-23T17:11:51.746578,1.2897314,9.784252,0.17228323
2025-09-23T17:11:51.746596,1.3016955,9.784252,0.09571291
2025-09-23T17:11:51.746613,1.2849457,9.693324,-0.019142581
2025-09-23T17:11:51.746630,1.3184453,9.592826,-0.09092726
2025-09-23T17:11:51.746664,1.2801601,9.54497,0.021535404
2025-09-23T17:11:51.955802,1.0671989,9.5353985,0.076570325
2025-09-23T17:11:52.212044,0.95712906,9.585648,0.078963146
2025-09-23T17:11:52.212120,0.76331043,9.640682,-0.08135597
2025-09-23T17:11:52.212174,0.782453,9.664611,0.16510476
2025-09-23T17:11:52.212223,0.42831525,10.04507,0.20578274
2025-09-23T17:11:52.212273,0.7609176,9.958928,0.14117654
2025-09-23T17:11:52.212321,1.0648061,9.860822,0.15553348
2025-09-23T17:11:52.212368,1.0863415,9.889536,0.076570325
2025-09-23T17:11:52.212416,1.0360922,9.8632145,-0.09810573
2025-09-23T17:11:52.212464,1.0624132,9.79143,-0.1363909
2025-09-23T17:11:52.212511,1.052842,9.772287,-0.12921242
2025-09-23T17:11:52.212558,1.0600204,9.741181,-0.09810573
2025-09-23T17:11:52.212618,1.1150553,9.793823,-0.031106694
2025-09-23T17:11:52.212666,1.1294123,9.798609,0.047856454
2025-09-23T17:11:52.212710,1.1581261,9.772287,-0.05742774
2025-09-23T17:11:52.212754,1.2562319,9.74836,-0.15314065
2025-09-23T17:11:52.212803,1.3830515,9.753145,-0.10049855
2025-09-23T17:11:52.212850,1.5290136,9.777073,0.011964113
2025-09-23T17:11:52.212898,1.6175481,9.710074,-0.0047856453
2025-09-23T17:11:52.212945,1.5170496,9.623933,-0.086141616
2025-09-23T17:11:52.212993,1.3447664,9.554541,-0.12921242
2025-09-23T17:11:52.213040,1.2179468,9.597611,-0.11006984
2025-09-23T17:11:52.213088,1.0145568,9.722038,-0.09810573
2025-09-23T17:11:52.358874,0.9379865,9.803394,-0.16031912
2025-09-23T17:11:52.382737,0.9451649,9.868001,-0.24885355
2025-09-23T17:11:52.382833,0.94277215,9.810573,-0.33738798
2025-09-23T17:11:52.382884,1.134198,9.801002,-0.25842485
2025-09-23T17:11:52.382931,1.3304094,9.769895,-0.13399807
2025-09-23T17:11:52.382980,1.457229,9.753145,-0.043070808
2025-09-23T17:11:52.383026,1.5601203,9.712467,-0.043070808
2025-09-23T17:11:52.383081,1.5864414,9.722038,-0.10767702
2025-09-23T17:11:52.383135,1.6031911,9.741181,-0.13160525
2025-09-23T17:11:52.383182,1.4955142,9.743574,-0.13399807
2025-09-23T17:11:52.535729,1.3495519,9.779466,-0.07178468
2025-09-23T17:11:52.578796,1.2562319,9.839287,-0.05503492
2025-09-23T17:11:52.578893,1.2370893,9.894321,-0.09092726
2025-09-23T17:11:52.578944,1.3519448,9.994821,-0.021535404
2025-09-23T17:11:52.578991,1.5146568,9.973285,0.0047856453
2025-09-23T17:11:52.579036,1.7252251,9.879965,0.016749758
2025-09-23T17:11:52.579081,1.9334008,9.762716,0.15792629
2025-09-23T17:11:52.579126,2.1343977,9.669396,0.26799613
2025-09-23T17:11:52.579170,2.1870399,9.568898,0.3182454
2025-09-23T17:11:52.579214,2.225325,9.475577,0.40917268
2025-09-23T17:11:52.579263,2.0937197,9.635897,0.6269195
2025-09-23T17:11:52.764993,1.7371893,9.844072,0.8446664
2025-09-23T17:11:52.852481,1.3567305,10.013963,1.1629118
2025-09-23T17:11:52.852576,1.8185452,9.817751,2.268396
2025-09-23T17:11:52.852630,1.5720844,9.810573,2.5507488
2025-09-23T17:11:52.852679,0.62452674,10.009177,1.3615161
2025-09-23T17:11:52.852913,1.7228323,9.690931,0.6269195
2025-09-23T17:11:52.852965,2.644069,9.8321085,-0.22971097
2025-09-23T17:11:52.852987,4.1778684,8.953942,-0.15314065
2025-09-23T17:11:52.853006,4.1084766,8.583055,0.47138608
2025-09-23T17:11:52.853023,2.9096723,8.822337,1.4931214
2025-09-23T17:11:52.853041,3.5437703,7.690532,4.26401
2025-09-23T17:11:52.943196,3.739982,7.6019974,6.9248285
2025-09-23T17:11:53.052343,2.8881369,9.08794,4.601398
2025-09-23T17:11:53.052406,-0.24885355,9.659825,-1.1940185
2025-09-23T17:11:53.052428,-1.2203395,8.530413,-4.426722
2025-09-23T17:11:53.052446,3.3810585,8.669196,-3.2231321
2025-09-23T17:11:53.052464,4.132405,9.188439,-0.4211368
2025-09-23T17:11:53.052481,4.5487556,9.595219,2.1391835
2025-09-23T17:11:53.052498,4.453043,9.678967,4.1108694
2025-09-23T17:11:53.052515,3.9457645,9.956535,5.0751767
2025-09-23T17:11:53.052532,5.5776696,10.346565,5.123033
2025-09-23T17:11:53.052549,5.156533,10.813166,3.7615173
2025-09-23T17:11:53.052574,4.2281175,11.038091,2.1343977
2025-09-23T17:11:53.052591,4.412365,10.459028,1.564906
2025-09-23T17:11:53.059952,3.9481573,9.466006,1.2346965
2025-09-23T17:11:53.202198,2.7086751,8.662018,0.7752745
2025-09-23T17:11:53.212713,1.550549,7.3746796,0.63888365
2025-09-23T17:11:53.212791,0.33260235,7.0205417,-0.016749758
2025-09-23T17:11:53.212813,-0.033499517,8.71466,-0.7752745
2025-09-23T17:11:53.212832,-0.9284152,10.140782,-1.9046868
2025-09-23T17:11:53.212849,-2.0410776,9.372686,-2.955136
2025-09-23T17:11:53.212867,-2.6512475,8.140383,-5.1828537
2025-09-23T17:11:53.212884,-2.388037,7.5756764,-6.611369
2025-09-23T17:11:53.212901,-2.8689942,7.5732837,-2.7326035
2025-09-23T17:11:53.212919,-0.2847459,8.329415,-0.63888365
2025-09-23T17:11:53.397486,-2.3282163,9.30808,0.4546363
2025-09-23T17:11:53.411811,-4.113262,10.006784,1.3375878
2025-09-23T17:11:53.411901,-3.8811584,10.459028,2.0147567
2025-09-23T17:11:53.411923,-2.806781,11.320444,2.9120653
2025-09-23T17:11:53.411941,-1.2299109,11.82533,4.24726
2025-09-23T17:11:53.411959,0.83030945,11.085947,3.426522
2025-09-23T17:11:53.411976,1.3423735,9.71486,0.5455636
2025-09-23T17:11:53.411993,0.4833502,9.01137,-0.89013004
2025-09-23T17:11:53.412010,-0.7585248,9.4229355,-1.7036897
2025-09-23T17:11:53.412028,-1.134198,9.360723,-1.7156538
2025-09-23T17:11:53.412046,-0.69152576,9.064013,-1.1844472
2025-09-23T17:11:53.603830,-0.3469593,9.346365,-0.7968099
2025-09-23T17:11:53.620530,-0.43070808,9.753145,-0.3804588
2025-09-23T17:11:53.620633,-0.72502524,10.133604,-0.29910284
2025-09-23T17:11:53.620655,-0.8853444,10.442278,-0.5982057
2025-09-23T17:11:53.620674,-1.4356936,10.423136,-1.5672989
2025-09-23T17:11:53.620692,-0.44745782,11.062019,-0.8853444
2025-09-23T17:11:53.620709,0.3589234,10.770095,-0.21535404
2025-09-23T17:11:53.620726,0.7680961,10.080962,0.083748795
2025-09-23T17:11:53.620743,0.57188463,9.466006,-0.1268196
2025-09-23T17:11:53.620760,0.10049855,9.21476,-0.33260235
2025-09-23T17:11:53.620793,0.0526421,9.293723,-0.34217364
2025-09-23T17:11:53.799390,0.17467605,9.497113,-0.2656033
2025-09-23T17:11:53.831402,0.43788654,9.74836,-0.25124636
2025-09-23T17:11:53.831467,0.7082755,9.803394,-0.39481574
2025-09-23T17:11:53.831488,0.96430755,9.963714,-0.60777694
2025-09-23T17:11:53.831507,1.4548361,10.179068,-0.6963114
2025-09-23T17:11:53.831525,1.9812572,10.336994,-0.70588267
2025-09-23T17:11:53.831543,2.3904297,10.258031,-0.5982057
2025-09-23T17:11:53.831560,2.120041,9.887143,-0.2847459
2025-09-23T17:11:53.831587,1.4045869,9.611969,-0.031106694
2025-09-23T17:11:53.831615,1.0576276,9.533006,-0.11485548
2025-09-23T17:11:53.994084,1.3806586,9.537791,-0.36610186
2025-09-23T17:11:54.038076,1.6893328,9.628718,-0.2416751
2025-09-23T17:11:54.038155,1.6797615,9.822537,0.2632105
2025-09-23T17:11:54.038176,1.6630118,9.925428,0.8111669
2025-09-23T17:11:54.038195,1.3998013,9.970892,0.89730847
2025-09-23T17:11:54.038212,1.0671989,9.877572,0.33738798
2025-09-23T17:11:54.038230,0.8063812,9.745967,-0.18424734
2025-09-23T17:11:54.038247,0.54317075,9.79143,-0.20338993
2025-09-23T17:11:54.038264,0.3924229,9.91825,0.26799613
2025-09-23T17:11:54.038281,0.33738798,9.865608,0.7680961
2025-09-23T17:11:54.038313,0.23449662,9.702896,0.77766734
2025-09-23T17:11:54.236960,0.22492532,9.652647,0.29192436
2025-09-23T17:11:54.262068,0.41156548,9.760324,-0.019142581
2025-09-23T17:11:54.262138,0.8063812,9.760324,0.18185452
2025-09-23T17:11:54.262160,1.1174482,9.741181,0.5288138
2025-09-23T17:11:54.262178,0.9906286,9.726824,0.5383851
2025-09-23T17:11:54.262196,0.74177504,9.664611,0.19621146
2025-09-23T17:11:54.262213,0.7369894,9.643075,-0.0741775
2025-09-23T17:11:54.262230,0.9762716,9.659825,-0.17467605
2025-09-23T17:11:54.262247,1.2251252,9.698111,0.04546363
2025-09-23T17:11:54.262264,1.3543376,9.68136,0.35653058
2025-09-23T17:11:54.262298,1.4955142,9.662218,0.50488555
2025-09-23T17:11:54.397743,1.4668003,9.705289,0.33260235
2025-09-23T17:11:54.437627,1.6319051,9.700503,0.08135597
2025-09-23T17:11:54.437880,1.7802601,9.659825,0.031106694
2025-09-23T17:11:54.437935,1.7730815,9.628718,0.15074782
2025-09-23T17:11:54.437956,1.6007984,9.635897,0.27756742
2025-09-23T17:11:54.437974,1.4955142,9.640682,0.29192436
2025-09-23T17:11:54.437992,1.4715859,9.62154,0.28713873
2025-09-23T17:11:54.438010,1.3423735,9.643075,0.2847459
2025-09-23T17:11:54.438027,1.2203395,9.712467,0.24646074
2025-09-23T17:11:54.438059,1.0648061,9.848858,0.16271193
2025-09-23T17:11:54.600733,0.9403793,9.913465,0.05742774
2025-09-23T17:11:54.628205,0.87338024,10.0163555,0.02871387
2025-09-23T17:11:54.628298,0.8470592,10.0881405,0.08853444
2025-09-23T17:11:54.628319,0.93559366,10.009177,0.148355
2025-09-23T17:11:54.628338,1.0145568,9.925428,0.062213387
2025-09-23T17:11:54.628356,1.105484,9.896714,-0.050249275
2025-09-23T17:11:54.628373,1.1389836,9.913465,-0.08135597
2025-09-23T17:11:54.628391,1.2251252,9.923036,-0.031106694
2025-09-23T17:11:54.628408,1.3280165,9.868001,-0.023928227
2025-09-23T17:11:54.628424,1.2155539,9.810573,-0.09810573
2025-09-23T17:11:54.628458,1.3016955,9.674182,-0.2105684
2025-09-23T17:11:54.807233,1.1365907,9.585648,-0.2943172
2025-09-23T17:11:54.847826,1.0839486,9.49472,-0.31585258
2025-09-23T17:11:54.847891,1.2658032,9.47797,-0.22731815
2025-09-23T17:11:54.847913,1.4069797,9.434899,-0.09571291
2025-09-23T17:11:54.847931,1.3830515,9.406186,-0.14356937
2025-09-23T17:11:54.847950,1.3304094,9.379865,-0.28953153
2025-09-23T17:11:54.847969,1.1964114,9.367901,-0.32303107
2025-09-23T17:11:54.847987,1.0719845,9.284152,-0.06699903
2025-09-23T17:11:54.848005,0.997807,9.245867,0.2440679
2025-09-23T17:11:54.848034,0.9762716,9.401401,0.20338993
2025-09-23T17:11:54.994800,0.9403793,9.628718,-0.1052842
2025-09-23T17:11:55.015754,0.9068798,9.851251,-0.2656033
2025-09-23T17:11:55.015859,0.9212367,10.064212,-0.1794617
2025-09-23T17:11:55.015911,0.9403793,10.241281,0.038285162
2025-09-23T17:11:55.015957,0.9738788,10.372886,0.19860429
2025-09-23T17:11:55.016003,1.0049855,10.392029,0.18424734
2025-09-23T17:11:55.016048,0.97866446,10.24846,0.040677983
2025-09-23T17:11:55.016103,0.96430755,9.973285,-0.011964113
2025-09-23T17:11:55.016158,1.0193424,9.640682,0.04546363
2025-09-23T17:11:55.016204,1.0600204,9.391829,0.078963146
2025-09-23T17:11:55.016268,1.105484,9.360723,0.016749758
2025-09-23T17:11:55.195656,1.0935199,9.439685,-0.0526421
2025-09-23T17:11:55.199550,1.1030912,9.561719,-0.0741775
2025-09-23T17:11:55.199637,1.0313065,9.74836,-0.033499517
2025-09-23T17:11:55.199659,1.0169497,9.913465,-0.019142581
2025-09-23T17:11:55.199678,1.038485,10.028319,-0.02871387
2025-09-23T17:11:55.199696,0.9762716,10.073783,-0.0071784677
2025-09-23T17:11:55.199714,0.8781659,9.982856,0.009571291
2025-09-23T17:11:55.199731,0.8327023,9.820144,-0.02632105
2025-09-23T17:11:55.199748,0.77766734,9.702896,0.009571291
2025-09-23T17:11:55.199766,0.8135597,9.611969,0.03589234
2025-09-23T17:11:55.199802,0.8542377,9.638289,0.0047856453
2025-09-23T17:11:55.428717,0.8470592,9.71486,-0.019142581
2025-09-23T17:11:55.470254,0.89013004,9.805787,-0.047856454
2025-09-23T17:11:55.470344,0.9906286,9.8321085,-0.0741775
2025-09-23T17:11:55.470367,1.0624132,9.820144,-0.083748795
2025-09-23T17:11:55.470385,1.0600204,9.839287,-0.069391854
2025-09-23T17:11:55.470404,0.99302137,9.786645,0.0071784677
2025-09-23T17:11:55.470422,0.92602235,9.753145,0.031106694
2025-09-23T17:11:55.470439,0.86859465,9.745967,-0.023928227
2025-09-23T17:11:55.470457,0.85184485,9.741181,-0.06460621
2025-09-23T17:11:55.470492,0.8781659,9.767502,-0.040677983
2025-09-23T17:11:55.594142,0.9236295,9.784252,-0.03589234
2025-09-23T17:11:55.718018,1.1294123,9.705289,-0.05742774
2025-09-23T17:11:55.718121,1.1988041,9.667004,-0.047856454
2025-09-23T17:11:55.718173,1.1006985,9.745967,0.04546363
2025-09-23T17:11:55.718219,1.0815558,9.82493,0.09571291
2025-09-23T17:11:55.718269,1.1796615,9.834501,0.09092726
2025-09-23T17:11:55.718315,1.0456635,9.786645,0.02871387
2025-09-23T17:11:55.718361,0.87338024,9.676575,-0.031106694
2025-09-23T17:11:55.718405,0.87338024,9.690931,0.011964113
2025-09-23T17:11:55.718450,0.8279166,9.779466,0.08135597
2025-09-23T17:11:55.718526,0.8470592,9.856036,0.11006984
2025-09-23T17:11:55.849122,0.8925229,9.887143,0.06460621
2025-09-23T17:11:55.927497,0.8757731,9.865608,0.040677983
2025-09-23T17:11:55.927617,0.88295156,9.717253,0.29910284
2025-09-23T17:11:55.927670,0.67477596,9.710074,0.4211368
2025-09-23T17:11:55.927719,-0.18185452,9.91825,-1.1030912
2025-09-23T17:11:55.927874,0.16749759,9.891929,-1.0839486
2025-09-23T17:11:55.927917,0.96909314,9.652647,-0.2105684
2025-09-23T17:11:55.927940,1.2227324,9.623933,0.34456646
2025-09-23T17:11:55.927960,0.8662018,9.60479,0.047856454
2025-09-23T17:11:55.927979,0.5694918,9.554541,-0.51206404
2025-09-23T17:11:55.928013,0.5072784,9.616755,-1.0600204
2025-09-23T17:11:55.996801,1.0935199,9.65504,-1.0289137
2025-09-23T17:11:56.015682,2.2157538,9.815358,-0.8877372
2025-09-23T17:11:56.015725,1.294517,10.073783,-0.04546363
2025-09-23T17:11:56.015746,0.863809,9.695718,-0.4354937
2025-09-23T17:11:56.015765,1.2251252,9.530613,-1.1940185
2025-09-23T17:11:56.015783,1.012164,9.671789,-1.2418749
2025-09-23T17:11:56.015800,0.9954142,10.025927,-0.72263247
2025-09-23T17:11:56.015817,1.5026926,10.2317095,-0.41635114
2025-09-23T17:11:56.015834,1.6462619,9.999606,-0.65084773
2025-09-23T17:11:56.015869,1.6366907,9.597611,-0.8327023
2025-09-23T17:11:56.203135,2.0841484,9.932607,-1.0959128
2025-09-23T17:11:56.215321,1.1150553,10.176675,-1.5026926
2025-09-23T17:11:56.215385,-0.18903299,9.626326,-1.6582261
2025-09-23T17:11:56.215407,0.038285162,9.0951185,-1.3734802
2025-09-23T17:11:56.215426,1.3926228,9.281759,-1.2490535
2025-09-23T17:11:56.215444,2.7732813,9.147761,-1.1294123
2025-09-23T17:11:56.215461,2.4023938,9.212367,-0.9762716
2025-09-23T17:11:56.215478,2.1535404,10.009177,-1.0360922
2025-09-23T17:11:56.215495,1.1653047,9.899107,-1.1030912
2025-09-23T17:11:56.215513,-1.2801601,9.60479,-1.9381863
2025-09-23T17:11:56.215537,-1.9812572,9.52822,-1.1724831
2025-09-23T17:11:56.267779,-1.7347964,10.315458,-1.4955142
2025-09-23T17:11:56.281298,-1.174876,10.6815605,-1.3280165
2025-09-23T17:11:56.281346,-0.7704889,10.657632,-1.2514462
2025-09-23T17:11:56.281398,-0.5096712,9.966106,-1.0241281
2025-09-23T17:11:56.473787,-0.7800602,9.88475,-0.81834537
2025-09-23T17:11:56.485516,-0.41635114,9.245867,-0.27517462
2025-09-23T17:11:56.485585,-1.026521,9.119047,-0.11724831
2025-09-23T17:11:56.485608,-2.2085752,8.595019,-0.27756742
2025-09-23T17:11:56.485628,-3.2590244,8.248059,-0.67477596
2025-09-23T17:11:56.485648,-1.3375878,8.819944,-0.6436693
2025-09-23T17:11:56.485666,0.95712906,9.595219,-0.47138608
2025-09-23T17:11:56.485684,0.2727818,9.865608,-1.5098711
2025-09-23T17:11:56.485703,-0.96430755,9.628718,-1.7036897
2025-09-23T17:11:56.485722,-1.1150553,9.461221,-0.80159557
2025-09-23T17:11:56.485746,-0.7680961,9.547362,-0.22731815
2025-09-23T17:11:56.673481,-0.19860429,10.10489,-0.009571291
2025-09-23T17:11:56.682630,0.1698904,10.250853,-0.42831525
2025-09-23T17:11:56.682670,0.0741775,10.035499,-1.2562319
2025-09-23T17:11:56.682716,0.011964113,9.705289,-0.94277215
2025-09-23T17:11:56.682737,-0.21535404,9.683753,-0.6412765
2025-09-23T17:11:56.682756,-0.21535404,9.726824,-0.79920274
2025-09-23T17:11:56.682773,-0.09571291,9.9756775,-0.6771688
2025-09-23T17:11:56.682790,-0.05742774,9.961321,-0.53359944
2025-09-23T17:11:56.682807,-0.28235307,9.997213,-0.3062813
2025-09-23T17:11:56.682831,-0.51206404,9.846465,-0.18185452
2025-09-23T17:11:56.870563,-0.79441714,9.925428,-0.148355
2025-09-23T17:11:56.887471,-0.6269195,9.717253,0.047856454
2025-09-23T17:11:56.887514,-0.60059845,9.65504,0.0023928226
2025-09-23T17:11:56.887553,-0.7178468,9.671789,-0.0047856453
2025-09-23T17:11:56.887579,-0.45224348,9.678967,0.0023928226
2025-09-23T17:11:56.887597,-0.10767702,9.712467,-0.05742774
2025-09-23T17:11:56.887616,0.1698904,9.693324,-0.050249275
2025-09-23T17:11:56.887635,0.5024927,9.693324,0.02632105
2025-09-23T17:11:56.887653,0.96909314,9.750752,0.016749758
2025-09-23T17:11:56.887673,1.3064811,9.815358,0.021535404
2025-09-23T17:11:56.887697,1.564906,9.949356,0.04546363
2025-09-23T17:11:57.068324,1.7371893,9.982856,0.086141616
2025-09-23T17:11:57.116827,1.8305093,9.95175,0.15792629
2025-09-23T17:11:57.116888,1.4859428,9.848858,0.09571291
2025-09-23T17:11:57.116911,1.5050855,9.760324,0.019142581
2025-09-23T17:11:57.116930,1.2514462,9.662218,0.0023928226
2025-09-23T17:11:57.116949,1.2514462,9.614362,-0.0047856453
2025-09-23T17:11:57.116967,1.5457634,9.590433,-0.021535404
2025-09-23T17:11:57.116986,1.8400806,9.686146,0.0071784677
2025-09-23T17:11:57.117004,1.8927227,9.786645,0.078963146
2025-09-23T17:11:57.117023,1.6438692,9.822537,0.13160525
2025-09-23T17:11:57.117047,1.2562319,9.762716,0.11246266
2025-09-23T17:11:57.271761,1.0911272,9.717253,0.040677983
2025-09-23T17:11:57.320426,1.0671989,9.698111,0.06460621
2025-09-23T17:11:57.320493,1.0217353,9.767502,0.15074782
2025-09-23T17:11:57.320514,0.9906286,9.777073,0.19621146
2025-09-23T17:11:57.320534,1.0408778,9.779466,0.13878371
2025-09-23T17:11:57.320553,1.1102697,9.741181,0.11006984
2025-09-23T17:11:57.320584,1.1485549,9.698111,0.14596218
2025-09-23T17:11:57.320607,1.1389836,9.743574,0.124426775
2025-09-23T17:11:57.320626,1.1700903,9.77468,0.11964113
2025-09-23T17:11:57.320652,1.1796615,9.772287,0.14596218
2025-09-23T17:11:57.474801,1.18684,9.753145,0.17706887
2025-09-23T17:11:57.490429,1.2155539,9.765109,0.148355
2025-09-23T17:11:57.490470,1.2131611,9.755538,0.15314065
2025-09-23T17:11:57.490504,1.2059826,9.724431,0.083748795
2025-09-23T17:11:57.490523,1.1270195,9.738789,0.016749758
2025-09-23T17:11:57.490540,1.0289137,9.772287,0.11246266
2025-09-23T17:11:57.490557,0.98584294,9.724431,0.16031912
2025-09-23T17:11:57.490584,1.0313065,9.705289,0.11006984
2025-09-23T17:11:57.490602,1.0313065,9.734002,0.08853444
2025-09-23T17:11:57.490619,1.0576276,9.750752,0.12921242
2025-09-23T17:11:57.490645,1.1102697,9.777073,0.12203395
2025-09-23T17:11:57.691127,1.1700903,9.77468,0.11485548
2025-09-23T17:11:57.802346,1.1844472,9.753145,0.13878371
2025-09-23T17:11:57.802456,1.1246266,9.74836,0.16031912
2025-09-23T17:11:57.802517,1.1078769,9.779466,0.15074782
2025-09-23T17:11:57.802564,1.0624132,9.772287,0.11006984
2025-09-23T17:11:57.802621,1.0432707,9.734002,0.08135597
2025-09-23T17:11:57.802666,1.0432707,9.7196455,0.10767702
2025-09-23T17:11:57.802893,1.0360922,9.726824,0.13399807
2025-09-23T17:11:57.803014,1.0719845,9.717253,0.1363909
2025-09-23T17:11:57.803038,1.1389836,9.695718,0.1268196
2025-09-23T17:11:57.803072,1.0839486,9.717253,0.11006984
2025-09-23T17:11:57.871844,1.0600204,9.736395,0.15553348
2025-09-23T17:11:57.882599,1.0504491,9.801002,0.18185452
2025-09-23T17:11:57.882674,1.0169497,9.777073,0.14117654
2025-09-23T17:11:57.882726,1.0456635,9.765109,0.17706887
2025-09-23T17:11:57.882773,1.1150553,9.736395,0.18185452
2025-09-23T17:11:57.882816,1.0935199,9.812965,0.12203395
2025-09-23T17:11:57.882861,1.174876,9.686146,0.20578274
2025-09-23T17:11:57.882908,1.105484,9.693324,0.22253251
2025-09-23T17:11:57.882952,1.2203395,9.693324,0.09332009
2025-09-23T17:11:57.883013,1.1892328,9.834501,0.15074782
2025-09-23T17:11:58.072175,1.4380864,9.698111,0.1698904
2025-09-23T17:11:58.081252,1.4620147,9.710074,0.15074782
2025-09-23T17:11:58.081340,1.4500505,9.631111,0.27517462
2025-09-23T17:11:58.081390,1.4620147,9.54497,0.3589234
2025-09-23T17:11:58.081436,1.268196,9.753145,0.23449662
2025-09-23T17:11:58.081481,1.0743774,9.870394,0.014356935
2025-09-23T17:11:58.081525,1.0648061,9.829716,0.06699903
2025-09-23T17:11:58.081582,0.9379865,9.801002,0.33260235
2025-09-23T17:11:58.081628,0.8063812,9.755538,0.37567315
2025-09-23T17:11:58.081673,0.80159557,9.760324,0.2321038
2025-09-23T17:11:58.081852,0.77766734,9.772287,0.16031912
2025-09-23T17:11:58.110208,0.81834537,9.77468,0.24646074
2025-09-23T17:11:58.124701,0.849452,9.734002,0.33499518
2025-09-23T17:11:58.370053,0.8662018,9.769895,0.28235307
2025-09-23T17:11:58.385682,0.92602235,9.834501,0.14356937
2025-09-23T17:11:58.385750,1.0025927,9.750752,0.15553348
2025-09-23T17:11:58.385781,0.9762716,9.753145,0.27038896
2025-09-23T17:11:58.385801,0.9403793,9.815358,0.3397808
2025-09-23T17:11:58.385819,0.9738788,9.779466,0.3397808
2025-09-23T17:11:58.385837,0.9882358,9.595219,0.30149564
2025-09-23T17:11:58.385855,0.96430755,9.489935,0.28953153
2025-09-23T17:11:58.385874,0.92602235,9.456435,0.28713873
2025-09-23T17:11:58.385892,0.9523434,9.609575,0.30149564
2025-09-23T17:11:58.385926,1.0073783,9.834501,0.24885355
2025-09-23T17:11:58.512932,1.1318051,9.875179,0.19381863
2025-09-23T17:11:58.539306,1.105484,9.868001,0.19142582
2025-09-23T17:11:58.539409,1.079163,9.879965,0.25603202
2025-09-23T17:11:58.539460,1.1676974,9.765109,0.24646074
2025-09-23T17:11:58.539506,1.18684,9.6071825,0.2416751
2025-09-23T17:11:58.539551,1.1557333,9.537791,0.2440679
2025-09-23T17:11:58.539773,1.3351951,9.525827,0.22253251
2025-09-23T17:11:58.539849,1.4763715,9.638289,0.19381863
2025-09-23T17:11:58.539872,1.430908,9.779466,0.19860429
2025-09-23T17:11:58.539896,1.3184453,9.812965,0.19621146
2025-09-23T17:11:58.539940,1.3040884,9.839287,0.12203395
2025-09-23T17:11:58.717367,1.2610176,9.848858,0.078963146
2025-09-23T17:11:58.745663,1.105484,9.839287,0.15792629
2025-09-23T17:11:58.745712,0.94277215,9.777073,0.2440679
2025-09-23T17:11:58.745747,0.83988076,9.779466,0.2727818
2025-09-23T17:11:58.745767,0.89730847,9.755538,0.18664017
2025-09-23T17:11:58.745786,0.8566305,9.777073,0.17467605
2025-09-23T17:11:58.745804,0.8255238,9.829716,0.2009971
2025-09-23T17:11:58.745822,0.99302137,9.796216,0.1698904
2025-09-23T17:11:58.745840,1.0815558,9.702896,0.23688944
2025-09-23T17:11:58.745872,0.9667004,9.669396,0.29671
2025-09-23T17:11:59.027554,1.119841,9.738789,0.23688944
2025-09-23T17:11:59.031637,1.268196,9.777073,0.16510476
2025-09-23T17:11:59.031678,1.1629118,9.738789,0.2105684
2025-09-23T17:11:59.031710,1.0097711,9.700503,0.2632105
2025-09-23T17:11:59.031752,1.0097711,9.662218,0.2632105
2025-09-23T17:11:59.031769,1.012164,9.698111,0.17228323
2025-09-23T17:11:59.031786,0.91405827,9.786645,0.16749759
2025-09-23T17:11:59.031810,0.9403793,9.777073,0.2440679
2025-09-23T17:11:59.031834,0.9092726,9.765109,0.27517462
2025-09-23T17:11:59.031851,0.9068798,9.750752,0.25603202
2025-09-23T17:11:59.031868,0.9810573,9.736395,0.2009971
2025-09-23T17:11:59.113451,1.0289137,9.750752,0.15553348
2025-09-23T17:11:59.142725,1.0552348,9.810573,0.15792629
2025-09-23T17:11:59.142789,1.1365907,9.80818,0.13399807
2025-09-23T17:11:59.142831,1.1509477,9.745967,0.1052842
2025-09-23T17:11:59.142850,1.1318051,9.690931,0.12921242
2025-09-23T17:11:59.142868,1.119841,9.659825,0.13399807
2025-09-23T17:11:59.142885,1.1796615,9.643075,0.11246266
2025-09-23T17:11:59.142901,1.1581261,9.686146,0.11724831
2025-09-23T17:11:59.142918,1.0935199,9.74836,0.15314065
2025-09-23T17:11:59.142935,1.0863415,9.753145,0.148355
2025-09-23T17:11:59.321308,1.0719845,9.7196455,0.1363909
2025-09-23T17:11:59.330616,1.0289137,9.726824,0.18185452
2025-09-23T17:11:59.330659,1.0576276,9.734002,0.17706887
2025-09-23T17:11:59.330704,1.0959128,9.765109,0.14596218
2025-09-23T17:11:59.330723,1.1222339,9.750752,0.10289137
2025-09-23T17:11:59.330741,1.105484,9.762716,0.17228323
2025-09-23T17:11:59.330761,1.0911272,9.757931,0.19860429
2025-09-23T17:11:59.330777,1.0839486,9.745967,0.16510476
2025-09-23T17:11:59.330794,1.0432707,9.724431,0.11246266
2025-09-23T17:11:59.330812,1.0767702,9.745967,0.078963146
2025-09-23T17:11:59.330829,1.1078769,9.729217,0.124426775
2025-09-23T17:11:59.572664,1.1294123,9.700503,0.1268196
2025-09-23T17:11:59.621152,1.119841,9.7196455,0.13399807
2025-09-23T17:11:59.621234,1.1126626,9.757931,0.14117654
2025-09-23T17:11:59.621256,1.1006985,9.767502,0.12203395
2025-09-23T17:11:59.621274,1.0911272,9.769895,0.11964113
2025-09-23T17:11:59.621291,1.1174482,9.734002,0.1268196
2025-09-23T17:11:59.621309,1.1222339,9.738789,0.14356937
2025-09-23T17:11:59.621326,1.1126626,9.738789,0.15314065
2025-09-23T17:11:59.621345,1.1006985,9.741181,0.13399807
2025-09-23T17:11:59.621361,1.0863415,9.705289,0.14117654
2025-09-23T17:11:59.621380,1.0313065,9.702896,0.12921242
2025-09-23T17:11:59.744245,1.0671989,9.710074,0.12203395
2025-09-23T17:11:59.768035,1.1365907,9.767502,0.078963146
2025-09-23T17:11:59.768105,1.1270195,9.777073,0.1363909
2025-09-23T17:11:59.768150,1.079163,9.772287,0.1794617
2025-09-23T17:11:59.768169,1.0863415,9.765109,0.15074782
2025-09-23T17:11:59.768186,1.1700903,9.789038,0.12921242
2025-09-23T17:11:59.768204,1.174876,9.77468,0.14596218
2025-09-23T17:11:59.768221,1.0863415,9.77468,0.13878371
2025-09-23T17:11:59.768238,1.0719845,9.772287,0.12203395
2025-09-23T17:11:59.768259,1.0887343,9.731609,0.11964113
2025-09-23T17:11:59.920500,1.0863415,9.743574,0.12921242
2025-09-23T17:11:59.931619,1.1150553,9.722038,0.10289137
2025-09-23T17:11:59.931659,1.1437693,9.712467,0.059820566
2025-09-23T17:11:59.931701,1.1246266,9.700503,0.069391854
2025-09-23T17:11:59.931720,1.1294123,9.712467,0.10049855
2025-09-23T17:11:59.931739,1.1246266,9.762716,0.1268196
2025-09-23T17:11:59.931756,1.1318051,9.767502,0.12203395
2025-09-23T17:11:59.931773,1.1294123,9.765109,0.11246266
2025-09-23T17:11:59.931790,1.0911272,9.781859,0.08135597
2025-09-23T17:11:59.931806,1.1078769,9.755538,0.11964113
2025-09-23T17:11:59.931823,1.0648061,9.743574,0.1268196
2025-09-23T17:12:00.117741,1.1126626,9.762716,0.1268196
2025-09-23T17:12:00.134663,1.1940185,9.7196455,0.083748795
2025-09-23T17:12:00.134711,1.1940185,9.722038,0.10767702
2025-09-23T17:12:00.134753,1.1437693,9.698111,0.11006984
2025-09-23T17:12:00.134773,1.119841,9.724431,0.083748795
2025-09-23T17:12:00.134793,1.1270195,9.717253,0.05742774
2025-09-23T17:12:00.134811,1.0911272,9.7196455,0.08135597
2025-09-23T17:12:00.134830,1.1246266,9.7196455,0.11006984
2025-09-23T17:12:00.134848,1.160519,9.753145,0.13399807
2025-09-23T17:12:00.134867,1.1676974,9.772287,0.13399807
2025-09-23T17:12:00.134885,1.1629118,9.753145,0.15074782
2025-09-23T17:12:00.189670,1.105484,9.745967,0.14596218
2025-09-23T17:12:00.199819,1.0839486,9.724431,0.13160525
2025-09-23T17:12:00.199886,1.0624132,9.745967,0.12921242
2025-09-23T17:12:00.199915,1.079163,9.765109,0.16271193
2025-09-23T17:12:00.328052,1.0815558,9.750752,0.148355
2025-09-23T17:12:00.333596,1.0839486,9.734002,0.086141616
2025-09-23T17:12:00.333667,1.0671989,9.717253,0.043070808
2025-09-23T17:12:00.333690,1.0935199,9.743574,0.09092726
2025-09-23T17:12:00.333710,1.1102697,9.772287,0.13399807
2025-09-23T17:12:00.333737,1.1222339,9.750752,0.12921242
2025-09-23T17:12:00.515500,1.160519,9.741181,0.11485548
2025-09-23T17:12:00.525294,1.1772687,9.734002,0.1268196
2025-09-23T17:12:00.525363,1.1988041,9.750752,0.14117654
2025-09-23T17:12:00.525385,1.1940185,9.757931,0.14596218
2025-09-23T17:12:00.525403,1.1485549,9.710074,0.15553348
2025-09-23T17:12:00.525422,1.1030912,9.693324,0.13160525
2025-09-23T17:12:00.525441,1.0743774,9.731609,0.10049855
2025-09-23T17:12:00.525459,1.0600204,9.767502,0.11485548
2025-09-23T17:12:00.525477,1.0408778,9.738789,0.12203395
2025-09-23T17:12:00.525496,1.0289137,9.726824,0.124426775
2025-09-23T17:12:00.525523,1.0600204,9.745967,0.11724831
2025-09-23T17:12:00.720011,1.0671989,9.729217,0.15792629
2025-09-23T17:12:00.739287,1.0935199,9.74836,0.15792629
2025-09-23T17:12:00.739359,1.1437693,9.724431,0.13878371
2025-09-23T17:12:00.739381,1.134198,9.753145,0.14596218
2025-09-23T17:12:00.739399,1.1916257,9.753145,0.13160525
2025-09-23T17:12:00.739417,1.134198,9.769895,0.10049855
2025-09-23T17:12:00.739435,1.1006985,9.741181,0.10049855
2025-09-23T17:12:00.739453,1.1318051,9.712467,0.11246266
2025-09-23T17:12:00.739472,1.1222339,9.738789,0.14117654
2025-09-23T17:12:00.739490,1.1485549,9.738789,0.06699903
2025-09-23T17:12:00.739522,1.1389836,9.731609,0.033499517
2025-09-23T17:12:00.918703,1.1030912,9.722038,0.062213387
2025-09-23T17:12:01.033858,1.0887343,9.755538,0.1268196
2025-09-23T17:12:01.033935,1.1413764,9.757931,0.10049855
2025-09-23T17:12:01.033957,1.1653047,9.750752,0.069391854
2025-09-23T17:12:01.033976,1.119841,9.760324,0.076570325
2025-09-23T17:12:01.033994,1.1581261,9.736395,0.047856454
2025-09-23T17:12:01.034011,1.146162,9.729217,0.05503492
2025-09-23T17:12:01.034029,1.1222339,9.722038,0.10767702
2025-09-23T17:12:01.034047,1.1700903,9.724431,0.09810573
2025-09-23T17:12:01.034082,1.1796615,9.702896,0.05742774
2025-09-23T17:12:01.120667,1.1820544,9.722038,0.050249275
2025-09-23T17:12:01.269647,1.1653047,9.745967,0.050249275
2025-09-23T17:12:01.269733,1.1222339,9.769895,0.040677983
2025-09-23T17:12:01.269756,1.0600204,9.722038,-0.011964113
2025-09-23T17:12:01.269775,1.1222339,9.741181,0.033499517
2025-09-23T17:12:01.269793,1.2179468,9.765109,0.10289137
2025-09-23T17:12:01.269810,1.1772687,9.695718,0.11964113
2025-09-23T17:12:01.269827,1.1318051,9.700503,0.05503492
2025-09-23T17:12:01.269845,1.1724831,9.755538,0.021535404
2025-09-23T17:12:01.269863,1.1389836,9.793823,0.076570325
2025-09-23T17:12:01.269899,1.1270195,9.762716,0.083748795
2025-09-23T17:12:01.313353,1.1700903,9.729217,0.031106694
2025-09-23T17:12:01.325662,1.2107682,9.71486,0.0071784677
2025-09-23T17:12:01.325734,1.2251252,9.690931,0.031106694
2025-09-23T17:12:01.325757,1.2083755,9.717253,0.069391854
2025-09-23T17:12:01.325777,1.174876,9.71486,0.086141616
2025-09-23T17:12:01.325796,1.160519,9.753145,0.076570325
2025-09-23T17:12:01.325814,1.1174482,9.77468,0.038285162
2025-09-23T17:12:01.325833,1.0695918,9.74836,0.078963146
2025-09-23T17:12:01.325851,1.1078769,9.755538,0.124426775
2025-09-23T17:12:01.325869,1.1533405,9.755538,0.10289137
2025-09-23T17:12:01.325904,1.105484,9.731609,0.05742774
2025-09-23T17:12:01.524653,1.0743774,9.729217,0.03589234
2025-09-23T17:12:01.554812,1.1246266,9.71486,0.031106694
2025-09-23T17:12:01.554889,1.1724831,9.707682,0.023928227
2025-09-23T17:12:01.554910,1.227518,9.724431,0.011964113
2025-09-23T17:12:01.554929,1.2011969,9.745967,0.023928227
2025-09-23T17:12:01.554946,1.1820544,9.741181,0.06699903
2025-09-23T17:12:01.554963,1.1365907,9.772287,0.11485548
2025-09-23T17:12:01.554980,1.0671989,9.777073,0.12203395
2025-09-23T17:12:01.554996,1.0552348,9.745967,0.09571291
2025-09-23T17:12:01.555022,1.0719845,9.738789,0.07178468
2025-09-23T17:12:01.721682,1.0576276,9.741181,0.14356937
2025-09-23T17:12:01.852725,1.0552348,9.745967,0.15074782
2025-09-23T17:12:01.852770,1.0695918,9.757931,0.050249275
2025-09-23T17:12:01.852792,1.0719845,9.738789,0.03589234
2025-09-23T17:12:01.852810,1.0815558,9.693324,0.086141616
2025-09-23T17:12:01.852827,1.0600204,9.729217,0.13399807
2025-09-23T17:12:01.852845,1.0863415,9.736395,0.09810573
2025-09-23T17:12:01.852862,1.0983056,9.726824,0.059820566
2025-09-23T17:12:01.852879,1.0456635,9.705289,0.11246266
2025-09-23T17:12:01.852896,1.0241281,9.743574,0.11964113
2025-09-23T17:12:01.852927,1.1006985,9.781859,0.124426775
2025-09-23T17:12:01.928365,1.1102697,9.786645,0.1268196
2025-09-23T17:12:02.073956,1.0648061,9.753145,0.124426775
2025-09-23T17:12:02.074050,1.0767702,9.71486,0.09571291
2025-09-23T17:12:02.074072,1.0648061,9.702896,0.06699903
2025-09-23T17:12:02.074090,1.0959128,9.755538,0.0741775
2025-09-23T17:12:02.074108,1.1246266,9.753145,0.10049855
2025-09-23T17:12:02.074125,1.0935199,9.731609,0.11006984
2025-09-23T17:12:02.074142,1.0911272,9.71486,0.0741775
2025-09-23T17:12:02.074158,1.0719845,9.71486,0.069391854
2025-09-23T17:12:02.074175,1.0815558,9.755538,0.069391854
2025-09-23T17:12:02.074207,1.0576276,9.781859,0.11485548
2025-09-23T17:12:02.126068,1.052842,9.772287,0.14596218
2025-09-23T17:12:02.133904,1.0408778,9.743574,0.11246266
2025-09-23T17:12:02.133946,1.0935199,9.734002,0.069391854
2025-09-23T17:12:02.133967,1.1676974,9.7196455,0.09571291
2025-09-23T17:12:02.133986,1.1222339,9.710074,0.11964113
2025-09-23T17:12:02.134004,1.1294123,9.717253,0.08135597
2025-09-23T17:12:02.134022,1.1629118,9.724431,0.03589234
2025-09-23T17:12:02.134040,1.1389836,9.705289,0.086141616
2025-09-23T17:12:02.134058,1.0624132,9.743574,0.10049855
2025-09-23T17:12:02.134081,1.052842,9.769895,0.050249275
2025-09-23T17:12:02.329160,1.0935199,9.769895,0.062213387
2025-09-23T17:12:02.371756,1.0624132,9.712467,0.148355
2025-09-23T17:12:02.371804,1.0432707,9.710074,0.17467605
2025-09-23T17:12:02.371850,1.105484,9.745967,0.09571291
2025-09-23T17:12:02.371868,1.1150553,9.777073,0.09332009
2025-09-23T17:12:02.371886,1.1389836,9.801002,0.1268196
2025-09-23T17:12:02.371904,1.1365907,9.755538,0.17228323
2025-09-23T17:12:02.371921,1.0648061,9.707682,0.11964113
2025-09-23T17:12:02.371939,1.0289137,9.726824,0.062213387
2025-09-23T17:12:02.371957,1.0600204,9.710074,0.05503492
2025-09-23T17:12:02.371985,1.0743774,9.705289,0.076570325
2025-09-23T17:12:02.589411,1.0959128,9.688539,0.13160525
2025-09-23T17:12:02.613462,1.0935199,9.724431,0.11724831
2025-09-23T17:12:02.613535,1.0959128,9.767502,0.07178468
2025-09-23T17:12:02.613598,1.1078769,9.781859,0.09332009
2025-09-23T17:12:02.613647,1.1030912,9.755538,0.1052842
2025-09-23T17:12:02.613693,1.1126626,9.741181,0.13399807
2025-09-23T17:12:02.613738,1.0552348,9.753145,0.1794617
2025-09-23T17:12:02.613783,1.0719845,9.736395,0.1052842
2025-09-23T17:12:02.613826,1.1437693,9.772287,0.059820566
2025-09-23T17:12:02.613889,1.0959128,9.772287,0.10289137
2025-09-23T17:12:02.718739,1.0935199,9.784252,0.076570325
2025-09-23T17:12:02.760259,1.1437693,9.812965,0.0047856453
2025-09-23T17:12:02.760354,1.1294123,9.79143,-0.019142581
2025-09-23T17:12:02.760405,1.1318051,9.743574,-0.021535404
2025-09-23T17:12:02.760452,1.146162,9.779466,-0.09332009
2025-09-23T17:12:02.760496,1.1844472,9.801002,-0.1268196
2025-09-23T17:12:02.760541,1.2562319,9.79143,-0.069391854
2025-09-23T17:12:02.760599,1.3040884,9.724431,-0.069391854
2025-09-23T17:12:02.760648,1.2849457,9.695718,-0.15074782
2025-09-23T17:12:02.760696,1.2323036,9.662218,-0.13399807
2025-09-23T17:12:02.760769,1.253839,9.678967,-0.0526421
2025-09-23T17:12:02.799415,1.2849457,9.772287,-0.0023928226
2025-09-23T17:12:02.802075,1.253839,9.769895,-0.10767702
2025-09-23T17:12:02.802173,1.1964114,9.640682,-0.16031912
2025-09-23T17:12:02.802242,1.1389836,9.68136,-0.043070808
2025-09-23T17:12:02.804737,1.1700903,9.760324,-0.0071784677
2025-09-23T17:12:03.061014,1.174876,9.750752,-0.12921242
2025-09-23T17:12:03.067987,1.1700903,9.7196455,-0.18903299
2025-09-23T17:12:03.068121,1.174876,9.762716,-0.0526421
2025-09-23T17:12:03.068176,1.3375878,9.839287,0.014356935
2025-09-23T17:12:03.068223,1.3208381,9.882358,-0.05503492
2025-09-23T17:12:03.068270,1.2514462,9.858429,-0.078963146
2025-09-23T17:12:03.068315,1.2921243,9.722038,-0.02632105
2025-09-23T17:12:03.068358,1.2083755,9.619147,0.069391854
2025-09-23T17:12:03.068402,1.1102697,9.724431,0.10289137
2025-09-23T17:12:03.068446,1.1078769,9.860822,-0.009571291
2025-09-23T17:12:03.068489,1.0959128,9.939785,-0.13160525
2025-09-23T17:12:03.208982,1.052842,9.915857,-0.10049855
2025-09-23T17:12:03.218635,1.1150553,9.798609,-0.014356935
2025-09-23T17:12:03.218714,1.1676974,9.705289,0.10049855
2025-09-23T17:12:03.218764,1.1988041,9.674182,0.033499517
2025-09-23T17:12:03.218810,1.2059826,9.647861,-0.10049855
2025-09-23T17:12:03.218856,1.1222339,9.683753,-0.20338993
2025-09-23T17:12:03.218900,1.1294123,9.734002,-0.10289137
2025-09-23T17:12:03.218944,1.146162,9.669396,0.033499517
2025-09-23T17:12:03.218988,1.1485549,9.573684,0.016749758
2025-09-23T17:12:03.219032,1.1150553,9.45165,-0.14356937
2025-09-23T17:12:03.592056,1.1174482,9.45165,-0.14596218
2025-09-23T17:12:03.592598,1.0169497,9.664611,0.07178468
2025-09-23T17:12:03.592675,0.90448695,9.820144,0.0741775
2025-09-23T17:12:03.592727,0.9954142,9.659825,-0.27517462
2025-09-23T17:12:03.592774,1.1150553,9.49472,-0.09332009
2025-09-23T17:12:03.592822,1.1413764,9.360723,-0.15314065
2025-09-23T17:12:03.592868,1.1964114,9.274581,-0.3924229
2025-09-23T17:12:03.592912,1.1270195,9.332008,-0.35413775
2025-09-23T17:12:03.592957,1.1078769,9.537791,-0.20338993
2025-09-23T17:12:03.593002,1.2705889,9.827323,-0.076570325
2025-09-23T17:12:03.593047,1.4739788,10.116854,0.08135597
2025-09-23T17:12:03.593092,1.7084754,10.459028,0.30867413
2025-09-23T17:12:03.593137,1.4404793,10.662417,0.40677986
2025-09-23T17:12:03.593182,1.160519,10.396814,0.04546363
2025-09-23T17:12:03.593227,0.9667004,9.927821,-0.22492532
2025-09-23T17:12:03.593272,0.78723866,9.571291,-0.033499517
2025-09-23T17:12:03.593316,0.7585248,9.427721,0.29910284
2025-09-23T17:12:03.600579,0.8997013,9.466006,0.36370903
2025-09-23T17:12:03.600664,1.0193424,9.6071825,0.22492532
2025-09-23T17:12:03.600719,1.1294123,9.765109,0.11724831
2025-09-23T17:12:03.781236,1.1557333,9.91825,0.14356937
2025-09-23T17:12:03.798200,1.1246266,9.939785,0.21535404
2025-09-23T17:12:03.798281,1.0767702,9.817751,0.20578274
2025-09-23T17:12:03.798333,0.94277215,9.690931,0.09332009
2025-09-23T17:12:03.798380,0.8327023,9.695718,0.05503492
2025-09-23T17:12:03.798425,0.8327023,9.769895,0.10767702
2025-09-23T17:12:03.798470,0.89013004,9.820144,0.1698904
2025-09-23T17:12:03.798524,0.9667004,9.779466,0.16271193
2025-09-23T17:12:03.798647,1.038485,9.717253,0.14596218
2025-09-23T17:12:03.798759,1.0935199,9.667004,0.18185452
2025-09-23T17:12:03.798805,1.1222339,9.659825,0.18424734
2025-09-23T17:12:03.853776,1.1150553,9.702896,0.17706887
2025-09-23T17:12:03.868591,1.0097711,9.745967,0.17467605
2025-09-23T17:12:03.868668,0.95712906,9.779466,0.18185452
2025-09-23T17:12:04.067118,0.9212367,9.741181,0.22492532
2025-09-23T17:12:04.130110,0.86141616,9.784252,0.2727818
2025-09-23T17:12:04.130167,0.8135597,9.765109,0.28235307
2025-09-23T17:12:04.130188,0.7920243,9.717253,0.25603202
2025-09-23T17:12:04.130220,0.8207382,9.717253,0.27517462
2025-09-23T17:12:04.130239,0.85902333,9.71486,0.2727818
2025-09-23T17:12:04.130258,0.8925229,9.762716,0.23928227
2025-09-23T17:12:04.328969,0.9284152,9.796216,0.2009971
2025-09-23T17:12:04.329069,0.9284152,9.80818,0.23449662
2025-09-23T17:12:04.329120,0.9619147,9.738789,0.27038896
2025-09-23T17:12:04.329166,0.96909314,9.77468,0.2536392
2025-09-23T17:12:04.329211,0.93320084,9.779466,0.22013968
2025-09-23T17:12:04.329257,0.9523434,9.757931,0.1794617
2025-09-23T17:12:04.329302,1.0073783,9.741181,0.20338993
2025-09-23T17:12:04.329347,1.0193424,9.77468,0.2727818
2025-09-23T17:12:04.329390,1.0336994,9.801002,0.22971097
2025-09-23T17:12:04.329445,1.0408778,9.77468,0.20338993
2025-09-23T17:12:04.329501,0.93559366,9.745967,0.22013968
2025-09-23T17:12:04.370667,0.8805587,9.705289,0.2656033
2025-09-23T17:12:04.400080,0.94755775,9.769895,0.23928227
2025-09-23T17:12:04.400140,1.0001999,9.815358,0.124426775
2025-09-23T17:12:04.400163,0.8853444,9.784252,0.124426775
2025-09-23T17:12:04.400182,0.8422736,9.7196455,0.18664017
2025-09-23T17:12:04.400200,0.90448695,9.695718,0.18903299
2025-09-23T17:12:04.400218,0.98584294,9.700503,0.19621146
2025-09-23T17:12:04.400236,1.0408778,9.726824,0.18185452
2025-09-23T17:12:04.400254,1.0863415,9.769895,0.14596218
2025-09-23T17:12:04.400272,1.1174482,9.79143,0.14596218
2025-09-23T17:12:04.568173,1.1413764,9.741181,0.21535404
2025-09-23T17:12:04.671493,1.1150553,9.712467,0.25842485
2025-09-23T17:12:04.671542,1.026521,9.755538,0.18424734
2025-09-23T17:12:04.671585,1.0695918,9.757931,0.1052842
2025-09-23T17:12:04.671605,1.0097711,9.722038,0.1698904
2025-09-23T17:12:04.671623,1.0073783,9.707682,0.22492532
2025-09-23T17:12:04.671641,1.0217353,9.710074,0.21774685
2025-09-23T17:12:04.671659,0.9882358,9.77468,0.14356937
2025-09-23T17:12:04.671677,1.0001999,9.805787,0.148355
2025-09-23T17:12:04.671697,1.0049855,9.817751,0.18903299
2025-09-23T17:12:04.671728,1.0552348,9.875179,0.21296121
2025-09-23T17:12:04.774541,1.0313065,9.846465,0.24646074
2025-09-23T17:12:04.810603,0.9236295,9.712467,0.27996024
2025-09-23T17:12:04.810669,0.8662018,9.590433,0.25124636
2025-09-23T17:12:04.810698,0.8662018,9.573684,0.24646074
2025-09-23T17:12:04.810718,0.91405827,9.590433,0.21296121
2025-09-23T17:12:04.810736,0.9882358,9.631111,0.15553348
2025-09-23T17:12:04.810755,1.0959128,9.9015,0.078963146
2025-09-23T17:12:04.810773,1.0600204,10.018748,0.1363909
2025-09-23T17:12:04.810791,0.9906286,9.894321,0.18903299
2025-09-23T17:12:04.810810,0.9882358,9.68136,0.14117654
2025-09-23T17:12:04.978816,1.0145568,9.556933,0.040677983
2025-09-23T17:12:05.094548,1.0025927,9.734002,0.009571291
2025-09-23T17:12:05.094641,1.0025927,10.073783,0.011964113
2025-09-23T17:12:05.094664,1.119841,9.973285,0.14117654
2025-09-23T17:12:05.094684,1.2346965,9.623933,0.148355
2025-09-23T17:12:05.094704,1.1485549,9.439685,0.13160525
2025-09-23T17:12:05.094722,0.9403793,9.485149,0.18424734
2025-09-23T17:12:05.094740,0.8709874,9.506684,0.15792629
2025-09-23T17:12:05.094758,0.94755775,9.480363,0.06699903
2025-09-23T17:12:05.094776,1.1174482,9.45165,-0.021535404
2025-09-23T17:12:05.094810,1.2155539,9.439685,-0.08853444
2025-09-23T17:12:05.173640,1.2753744,9.533006,-0.2536392
2025-09-23T17:12:05.191803,1.3160524,9.71486,-0.26081768
2025-09-23T17:12:05.191847,1.308874,9.690931,-0.2009971
2025-09-23T17:12:05.191882,1.6414764,9.537791,-0.23688944
2025-09-23T17:12:05.191902,2.0003998,9.3104725,-0.3589234
2025-09-23T17:12:05.191921,2.1559331,9.109476,-0.48095736
2025-09-23T17:12:05.191939,1.8735801,9.090333,-0.66041905
2025-09-23T17:12:05.191957,1.294517,9.3104725,-0.95712906
2025-09-23T17:12:05.191975,0.86859465,9.542577,-1.2323036
2025-09-23T17:12:05.191993,0.61734825,9.683753,-1.4404793
2025-09-23T17:12:05.192019,0.4426722,9.611969,-1.5720844
2025-09-23T17:12:05.381226,0.38285163,9.595219,-1.5672989
2025-09-23T17:12:05.506606,0.78723866,9.717253,-1.227518
2025-09-23T17:12:05.506676,1.2873386,9.836894,-1.0049855
2025-09-23T17:12:05.506712,1.4069797,9.798609,-0.83988076
2025-09-23T17:12:05.506732,1.5816557,9.52822,-0.8470592
2025-09-23T17:12:05.506750,1.8951155,9.245867,-0.92602235
2025-09-23T17:12:05.506769,2.2277179,9.0544405,-0.91166544
2025-09-23T17:12:05.506787,2.751746,9.123833,-1.2299109
2025-09-23T17:12:05.506804,3.4337006,9.238688,-1.3639089
2025-09-23T17:12:05.506838,4.0007997,9.257831,-1.3160524
2025-09-23T17:12:05.568175,4.3334017,9.432507,-1.5481563
2025-09-23T17:12:05.594000,4.8191447,9.844072,-1.8376877
2025-09-23T17:12:05.594054,5.0751767,10.243673,-1.9621146
2025-09-23T17:12:05.594077,4.898108,10.3681,-1.5553347
2025-09-23T17:12:05.594097,4.7282176,10.447063,-0.9906286
2025-09-23T17:12:05.594121,4.063013,10.1599245,-0.3182454
2025-09-23T17:12:05.594146,2.103291,10.001999,-0.047856454
2025-09-23T17:12:05.594165,0.0526421,10.540383,0.059820566
2025-09-23T17:12:05.594183,-1.3854443,10.736595,-0.21296121
2025-09-23T17:12:05.594201,-2.0865414,9.934999,-0.46899325
2025-09-23T17:12:05.594226,-1.9310079,8.695518,-0.124426775
2025-09-23T17:12:05.772986,-0.7609176,7.8149586,-0.38524446
2025-09-23T17:12:05.780316,1.0313065,7.207182,-1.2777673
2025-09-23T17:12:05.780375,2.8307092,6.458228,-2.0003998
2025-09-23T17:12:05.780398,4.254439,6.5108705,-1.6438692
2025-09-23T17:12:05.780417,4.938786,7.463214,-0.9667004
2025-09-23T17:12:05.780436,4.4674,7.982456,0.0023928226
2025-09-23T17:12:05.780455,3.2542388,7.5613194,1.4452649
2025-09-23T17:12:05.780473,2.2636101,8.530413,2.6512475
2025-09-23T17:12:05.780490,3.0029924,12.899707,2.8977082
2025-09-23T17:12:05.780508,5.572884,15.2781725,1.4500505
2025-09-23T17:12:05.780536,7.479964,13.677374,-0.4642076
2025-09-23T17:12:05.973670,6.151947,10.399207,-1.146162
2025-09-23T17:12:06.003743,3.818945,8.664411,-0.6652047
2025-09-23T17:12:06.003813,2.4430718,7.9704924,-0.0023928226
2025-09-23T17:12:06.003844,1.4979069,7.6953177,0.7800602
2025-09-23T17:12:06.003864,1.0480564,7.9130645,1.0767702
2025-09-23T17:12:06.003882,1.1724831,8.843872,0.58624154
2025-09-23T17:12:06.003901,1.6630118,9.88475,-0.31345975
2025-09-23T17:12:06.003919,2.5531418,10.595419,-1.3567305
2025-09-23T17:12:06.003937,2.9766715,10.5690975,-2.1559331
2025-09-23T17:12:06.003973,2.5459633,10.112068,-2.5674987
2025-09-23T17:12:06.166237,1.9142581,9.678967,-2.1128623
2025-09-23T17:12:06.191081,1.7180467,9.408579,-1.134198
2025-09-23T17:12:06.191155,2.160719,9.267402,-0.36131623
2025-09-23T17:12:06.191196,2.8785655,8.85823,0.18185452
2025-09-23T17:12:06.191216,3.438486,8.650054,0.5455636
2025-09-23T17:12:06.191234,3.5964124,8.894122,0.8709874
2025-09-23T17:12:06.191253,3.251846,9.018549,0.87338024
2025-09-23T17:12:06.191271,2.8163524,9.49472,0.31106696
2025-09-23T17:12:06.191289,2.321038,10.049855,-0.33499518
2025-09-23T17:12:06.191307,1.7682959,10.112068,-0.91884387
2025-09-23T17:12:06.191337,1.4907285,9.640682,-1.4524434
2025-09-23T17:12:06.353125,1.9405792,9.341579,-1.3734802
2025-09-23T17:12:06.389614,2.4837499,9.49472,-1.0456635
2025-09-23T17:12:06.389684,3.3092737,9.614362,-0.66041905
2025-09-23T17:12:06.389706,3.9146578,9.58804,-0.4546363
2025-09-23T17:12:06.389726,3.8500516,9.375079,-0.18903299
2025-09-23T17:12:06.389744,3.5676985,9.255438,0.2727818
2025-09-23T17:12:06.389764,2.8761728,9.169296,0.2009971
2025-09-23T17:12:06.389782,2.5603201,8.903693,-0.18424734
2025-09-23T17:12:06.389799,2.7828526,8.9013,-0.66999036
2025-09-23T17:12:06.389833,2.8570302,9.437292,-0.9020941
2025-09-23T17:12:06.571168,2.524428,9.80818,-0.9738788
2025-09-23T17:12:06.575050,2.4526432,9.698111,-0.81834537
2025-09-23T17:12:06.575091,2.4478576,9.664611,-0.57427746
2025-09-23T17:12:06.575123,2.589034,9.65504,-0.552742
2025-09-23T17:12:06.575142,2.7708886,9.51147,-0.58624154
2025-09-23T17:12:06.575161,2.8905299,9.29133,-0.5814559
2025-09-23T17:12:06.575179,3.0053852,9.183653,-0.59581286
2025-09-23T17:12:06.575197,3.089134,9.226724,-0.68195444
2025-09-23T17:12:06.575215,3.0963125,9.224331,-0.8422736
2025-09-23T17:12:06.575232,2.8642087,9.178867,-0.8470592
2025-09-23T17:12:06.575258,2.672783,9.209974,-0.7393822
2025-09-23T17:12:06.799600,2.603391,9.35833,-0.6843473
2025-09-23T17:12:06.934786,2.5411777,9.41815,-0.6771688
2025-09-23T17:12:06.934853,2.57707,9.387043,-0.5766702
2025-09-23T17:12:06.934883,2.6608188,9.468399,-0.5599205
2025-09-23T17:12:06.934903,2.7349963,9.537791,-0.64606214
2025-09-23T17:12:06.934922,2.8283165,9.518648,-0.73459655
2025-09-23T17:12:06.934939,2.7900312,9.401401,-0.6652047
2025-09-23T17:12:06.934957,2.9120653,9.30808,-0.50488555
2025-09-23T17:12:06.934975,3.0197423,9.288938,-0.45942193
2025-09-23T17:12:06.935008,3.0053852,9.265009,-0.46660042
2025-09-23T17:12:06.976602,2.926422,9.315259,-0.46899325
2025-09-23T17:12:06.976669,2.8139594,9.427721,-0.54317075
2025-09-23T17:12:06.976711,2.6225336,9.492328,-0.6412765
2025-09-23T17:12:06.976737,2.5842485,9.47797,-0.5886344
2025-09-23T17:12:06.976756,2.6009982,9.552148,-0.45702913
2025-09-23T17:12:06.976774,2.644069,9.348758,-0.5694918
2025-09-23T17:12:06.976792,2.7230322,9.32483,-0.53599226
2025-09-23T17:12:06.976810,2.902494,9.360723,-0.40917268
2025-09-23T17:12:06.976827,2.9168508,9.32483,-0.43788654
2025-09-23T17:12:06.976845,2.8905299,9.365508,-0.59342
2025-09-23T17:12:06.976878,2.8905299,9.377472,-0.5383851
2025-09-23T17:12:07.181641,2.8689942,9.420543,-0.4354937
2025-09-23T17:12:07.197995,2.8570302,9.468399,-0.42592242
2025-09-23T17:12:07.198393,2.7110682,9.458828,-0.46660042
2025-09-23T17:12:07.198417,2.6368906,9.408579,-0.49052864
2025-09-23T17:12:07.198437,2.6751757,9.387043,-0.4953143
2025-09-23T17:12:07.198456,2.7349963,9.382257,-0.4953143
2025-09-23T17:12:07.198474,2.7684958,9.32483,-0.56470615
2025-09-23T17:12:07.198493,2.806781,9.274581,-0.5838487
2025-09-23T17:12:07.198511,2.7996025,9.305687,-0.57906306
2025-09-23T17:12:07.198530,2.7876384,9.377472,-0.57188463
2025-09-23T17:12:07.198582,2.7565317,9.387043,-0.57906306
2025-09-23T17:12:07.369944,2.751746,9.396614,-0.54317075
2025-09-23T17:12:07.377470,2.885744,9.458828,-0.5192425
2025-09-23T17:12:07.377561,2.9359934,9.47797,-0.44745782
2025-09-23T17:12:07.377623,2.9072795,9.406186,-0.3804588
2025-09-23T17:12:07.377670,2.9503503,9.355937,-0.35174492
2025-09-23T17:12:07.377828,2.9240294,9.353543,-0.37806597
2025-09-23T17:12:07.377936,2.8115666,9.387043,-0.4019942
2025-09-23T17:12:07.377961,2.7086751,9.38465,-0.4761717
2025-09-23T17:12:07.377981,2.7158537,9.312865,-0.5168497
2025-09-23T17:12:07.378009,2.7469604,9.296116,-0.46660042
2025-09-23T17:12:07.582077,2.7349963,9.327223,-0.4019942
2025-09-23T17:12:07.694430,2.7852457,9.348758,-0.38763726
2025-09-23T17:12:07.694495,2.8522446,9.396614,-0.4953143
2025-09-23T17:12:07.694528,2.9216363,9.501899,-0.6053841
2025-09-23T17:12:07.694547,2.9168508,9.51147,-0.60777694
2025-09-23T17:12:07.694579,2.8881369,9.41815,-0.60059845
2025-09-23T17:12:07.694611,2.8977082,9.382257,-0.5694918
2025-09-23T17:12:07.694632,2.9359934,9.353543,-0.5168497
2025-09-23T17:12:07.694650,2.9431717,9.3104725,-0.50009996
2025-09-23T17:12:07.694668,2.9742785,9.269794,-0.4953143
2025-09-23T17:12:07.694699,2.9599216,9.269794,-0.5312066
2025-09-23T17:12:07.781214,2.9168508,9.327223,-0.5982057
2025-09-23T17:12:07.892387,2.8354948,9.401401,-0.6628119
2025-09-23T17:12:07.892452,2.7397819,9.382257,-0.6556334
2025-09-23T17:12:07.892485,2.78046,9.341579,-0.6149554
2025-09-23T17:12:07.892504,2.8546374,9.396614,-0.526421
2025-09-23T17:12:07.892523,2.8378878,9.38465,-0.45702913
2025-09-23T17:12:07.892541,2.7876384,9.339187,-0.4546363
2025-09-23T17:12:07.892559,2.8378878,9.346365,-0.4881358
2025-09-23T17:12:07.892594,2.87378,9.389436,-0.5455636
2025-09-23T17:12:07.892613,2.8522446,9.410972,-0.5383851
2025-09-23T17:12:07.892645,2.8522446,9.35833,-0.53359944
2025-09-23T17:12:07.995675,2.9240294,9.365508,-0.5168497
2025-09-23T17:12:08.017600,2.9240294,9.35833,-0.50488555
2025-09-23T17:12:08.017643,2.861816,9.360723,-0.5288138
2025-09-23T17:12:08.017669,2.8522446,9.336794,-0.6269195
2025-09-23T17:12:08.017688,2.9192436,9.365508,-0.6221339
2025-09-23T17:12:08.017706,2.885744,9.379865,-0.567099
2025-09-23T17:12:08.017724,2.7756743,9.339187,-0.57188463
2025-09-23T17:12:08.017741,2.7852457,9.315259,-0.61734825
2025-09-23T17:12:08.017759,2.9048867,9.365508,-0.61016977
2025-09-23T17:12:08.017782,2.9359934,9.367901,-0.54317075
2025-09-23T17:12:08.174162,2.8570302,9.339187,-0.4833502
2025-09-23T17:12:08.191033,2.8642087,9.334401,-0.5312066
2025-09-23T17:12:08.191089,2.8929226,9.375079,-0.4881358
2025-09-23T17:12:08.191111,2.8570302,9.363115,-0.41874397
2025-09-23T17:12:08.191131,2.8929226,9.370294,-0.43788654
2025-09-23T17:12:08.191149,2.885744,9.406186,-0.5096712
2025-09-23T17:12:08.191167,2.8019953,9.375079,-0.57188463
2025-09-23T17:12:08.191185,2.8115666,9.343972,-0.5910272
2025-09-23T17:12:08.191208,2.8474588,9.363115,-0.5479564
2025-09-23T17:12:08.191233,2.87378,9.375079,-0.5383851
2025-09-23T17:12:08.191257,2.8761728,9.379865,-0.5623133
2025-09-23T17:12:08.372658,2.9120653,9.389436,-0.55034924
2025-09-23T17:12:08.395517,2.900101,9.327223,-0.50009996
2025-09-23T17:12:08.395558,2.928815,9.288938,-0.485743
2025-09-23T17:12:08.395598,2.9575288,9.348758,-0.44027936
2025-09-23T17:12:08.395619,2.8474588,9.35833,-0.4833502
2025-09-23T17:12:08.395637,2.8163524,9.343972,-0.6053841
2025-09-23T17:12:08.395655,2.8307092,9.363115,-0.59342
2025-09-23T17:12:08.395673,2.8426733,9.389436,-0.44745782
2025-09-23T17:12:08.395691,2.845066,9.394221,-0.41874397
2025-09-23T17:12:08.395709,2.8019953,9.365508,-0.4953143
2025-09-23T17:12:08.395732,2.8426733,9.317652,-0.54317075
2025-09-23T17:12:08.571703,2.9072795,9.355937,-0.50488555
2025-09-23T17:12:08.574836,2.8881369,9.430114,-0.43788654
2025-09-23T17:12:08.574886,2.833102,9.415757,-0.4881358
2025-09-23T17:12:08.574910,2.821138,9.346365,-0.5479564
2025-09-23T17:12:08.574929,2.8498518,9.332008,-0.5024927
2025-09-23T17:12:08.574948,2.9120653,9.372686,-0.4211368
2025-09-23T17:12:08.574966,2.8546374,9.3511505,-0.4881358
2025-09-23T17:12:08.574984,2.8235307,9.334401,-0.5694918
2025-09-23T17:12:08.575002,2.8689942,9.346365,-0.55752766
2025-09-23T17:12:08.575027,2.8594232,9.38465,-0.43070808
2025-09-23T17:12:08.789613,2.806781,9.343972,-0.4833502
2025-09-23T17:12:08.827222,2.8689942,9.332008,-0.552742
2025-09-23T17:12:08.827301,2.902494,9.387043,-0.4833502
2025-09-23T17:12:08.827325,2.8474588,9.343972,-0.4426722
2025-09-23T17:12:08.827344,2.8833513,9.341579,-0.4354937
2025-09-23T17:12:08.827363,2.8881369,9.4229355,-0.44506502
2025-09-23T17:12:08.827381,2.7948167,9.38465,-0.48095736
2025-09-23T17:12:08.827400,2.8019953,9.30808,-0.4761717
2025-09-23T17:12:08.827417,2.9072795,9.360723,-0.43070808
2025-09-23T17:12:08.827435,2.8642087,9.415757,-0.38285163
2025-09-23T17:12:08.827470,2.7469604,9.413364,-0.45224348
2025-09-23T17:12:08.972651,2.7900312,9.341579,-0.5407779
2025-09-23T17:12:08.997203,2.8761728,9.315259,-0.45942193
2025-09-23T17:12:09.000383,2.9120653,9.3511505,-0.33738798
2025-09-23T17:12:09.000419,2.8546374,9.389436,-0.3397808
2025-09-23T17:12:09.000442,2.7900312,9.355937,-0.4977071
2025-09-23T17:12:09.000462,2.8498518,9.391829,-0.5455636
2025-09-23T17:12:09.000481,2.861816,9.434899,-0.4235296
2025-09-23T17:12:09.000499,2.7708886,9.437292,-0.3493521
2025-09-23T17:12:09.000517,2.766103,9.406186,-0.41156548
2025-09-23T17:12:09.000535,2.8402805,9.391829,-0.47377887
2025-09-23T17:12:09.000561,2.8881369,9.446864,-0.40677986
2025-09-23T17:12:09.175577,2.833102,9.410972,-0.36610186
2025-09-23T17:12:09.183459,2.7852457,9.408579,-0.4139583
2025-09-23T17:12:09.183512,2.7996025,9.387043,-0.41635114
2025-09-23T17:12:09.183534,2.737389,9.415757,-0.2847459
2025-09-23T17:12:09.183554,2.696711,9.51147,-0.26799613
2025-09-23T17:12:09.183584,2.7302105,9.4229355,-0.45224348
2025-09-23T17:12:09.183614,2.6536403,9.296116,-0.46899325
2025-09-23T17:12:09.183635,2.8642087,9.317652,-0.3684947
2025-09-23T17:12:09.183653,3.0269206,9.334401,-0.2536392
2025-09-23T17:12:09.183678,2.926422,9.317652,-0.27517462
2025-09-23T17:12:09.367576,2.766103,9.336794,-0.4019942
2025-09-23T17:12:09.370940,2.713461,9.363115,-0.4426722
2025-09-23T17:12:09.371007,2.6919255,9.427721,-0.3804588
2025-09-23T17:12:09.371028,2.644069,9.389436,-0.3924229
2025-09-23T17:12:09.371046,2.7086751,9.339187,-0.44027936
2025-09-23T17:12:09.371063,2.792424,9.387043,-0.48095736
2025-09-23T17:12:09.371080,2.804388,9.401401,-0.4139583
2025-09-23T17:12:09.371096,2.861816,9.427721,-0.29192436
2025-09-23T17:12:09.371113,2.8546374,9.439685,-0.24885355
2025-09-23T17:12:09.371129,2.8283165,9.382257,-0.23928227
2025-09-23T17:12:09.371155,2.804388,9.430114,-0.24885355
2025-09-23T17:12:09.573556,2.7230322,9.444471,-0.33260235
2025-09-23T17:12:09.588257,2.7397819,9.408579,-0.45702913
2025-09-23T17:12:09.588328,2.8091738,9.427721,-0.42831525
2025-09-23T17:12:09.588353,2.7684958,9.446864,-0.32303107
2025-09-23T17:12:09.588375,2.751746,9.403793,-0.36370903
2025-09-23T17:12:09.588399,2.725425,9.315259,-0.39481574
2025-09-23T17:12:09.588415,2.8666015,9.332008,-0.3469593
2025-09-23T17:12:09.588432,2.9048867,9.389436,-0.31585258
2025-09-23T17:12:09.588449,2.806781,9.427721,-0.38524446
2025-09-23T17:12:09.588482,2.7876384,9.365508,-0.5024927
2025-09-23T17:12:09.772009,2.9431717,9.360723,-0.43788654
2025-09-23T17:12:09.824122,2.9455647,9.413364,-0.23928227
2025-09-23T17:12:09.824209,2.845066,9.4229355,-0.23688944
2025-09-23T17:12:09.824232,2.7708886,9.372686,-0.44506502
2025-09-23T17:12:09.824250,2.9216363,9.353543,-0.5072784
2025-09-23T17:12:09.824269,2.9120653,9.437292,-0.34217364
2025-09-23T17:12:09.824288,2.6488547,9.142975,-0.30867413
2025-09-23T17:12:09.824306,2.7756743,9.06162,-0.42592242
2025-09-23T17:12:09.824324,3.0532417,9.315259,-0.4546363
2025-09-23T17:12:09.824342,2.9479575,9.475577,-0.3589234
2025-09-23T17:12:09.824374,2.5555346,9.523434,-0.41874397
2025-09-23T17:12:09.971556,2.4311078,9.583255,-0.7513463
2025-09-23T17:12:09.985050,2.548356,9.585648,-0.69152576
2025-09-23T17:12:09.985092,2.7110682,9.499506,-0.20338993
2025-09-23T17:12:09.985115,2.8929226,9.35833,0.11246266
2025-09-23T17:12:09.985134,3.1728828,9.29133,-0.040677983
2025-09-23T17:12:09.985153,3.1609187,9.367901,-0.3469593
2025-09-23T17:12:09.985173,2.9192436,9.387043,-0.43070808
2025-09-23T17:12:09.985191,2.7493532,9.379865,-0.44745782
2025-09-23T17:12:09.985208,2.7349963,9.425328,-0.50488555
2025-09-23T17:12:09.985226,2.7110682,9.485149,-0.5096712
2025-09-23T17:12:09.985251,2.6201408,9.437292,-0.53599226
2025-09-23T17:12:10.175640,2.696711,9.454042,-0.5479564
2025-09-23T17:12:10.358387,2.8378878,9.597611,-0.45702913
2025-09-23T17:12:10.358440,2.8594232,9.908679,-0.35174492
2025-09-23T17:12:10.358463,2.7230322,10.092926,-0.45942193
2025-09-23T17:12:10.358484,2.2564318,9.171689,-0.60777694
2025-09-23T17:12:10.358502,2.969493,8.7984085,-0.36370903
2025-09-23T17:12:10.358520,3.4695928,9.288938,-0.023928227
2025-09-23T17:12:10.358538,3.6059837,9.480363,-0.11006984
2025-09-23T17:12:10.358556,2.78046,8.4682,-0.47377887
2025-09-23T17:12:10.358594,2.5339992,8.123632,-0.5886344
2025-09-23T17:12:10.371895,3.0317063,8.092526,-0.782453
2025-09-23T17:12:10.384862,2.6608188,8.817552,-0.4881358
2025-09-23T17:12:10.384903,2.0482562,9.755538,-0.6939186
2025-09-23T17:12:10.384924,1.8257236,10.4159565,-1.1772687
2025-09-23T17:12:10.384944,1.7754744,10.858629,-1.3280165
2025-09-23T17:12:10.384962,1.5050855,10.624132,-0.715454
2025-09-23T17:12:10.384982,1.8185452,9.88475,0.65084773
2025-09-23T17:12:10.385001,2.8115666,9.499506,1.9286151
2025-09-23T17:12:10.385018,4.2568316,9.406186,2.062613
2025-09-23T17:12:10.385037,5.111069,9.092726,1.3710874
2025-09-23T17:12:10.385061,4.3740797,8.724232,0.6053841
2025-09-23T17:12:10.583482,3.438486,8.707481,-0.11964113
2025-09-23T17:12:10.597672,2.8522446,8.88455,-0.6891329
2025-09-23T17:12:10.597725,2.4526432,9.623933,-0.8470592
2025-09-23T17:12:10.597748,2.2995026,10.459028,-0.7848458
2025-09-23T17:12:10.597768,2.4861426,10.703095,-0.6771688
2025-09-23T17:12:10.597787,2.7613173,10.169497,-0.52163535
2025-09-23T17:12:10.597804,2.9575288,9.3200445,-0.22971097
2025-09-23T17:12:10.597823,3.0723844,8.920443,0.05742774
2025-09-23T17:12:10.597841,3.2039895,9.004191,0.23449662
2025-09-23T17:12:10.597859,3.5006995,8.834301,0.1363909
2025-09-23T17:12:10.597883,3.505485,8.73141,-0.08853444
2025-09-23T17:12:10.771738,3.2853456,8.748159,-0.2321038
2025-09-23T17:12:10.776727,3.0125637,8.700303,-0.3397808
2025-09-23T17:12:10.776772,2.603391,8.968299,-0.32303107
2025-09-23T17:12:10.776805,2.5459633,9.602397,-0.4354937
2025-09-23T17:12:10.776825,2.7349963,10.329815,-0.40677986
2025-09-23T17:12:10.776844,2.617748,10.140782,-0.30149564
2025-09-23T17:12:10.776862,2.4335005,9.616755,-0.07178468
2025-09-23T17:12:10.776880,2.565106,9.219545,0.04546363
2025-09-23T17:12:10.776898,2.8546374,9.200403,0.0526421
2025-09-23T17:12:10.776925,3.3116665,9.162118,0.011964113
2025-09-23T17:12:10.971438,3.6777685,9.059227,-0.0047856453
2025-09-23T17:12:10.976070,3.9218364,9.107083,0.27038896
2025-09-23T17:12:10.976114,3.9840498,9.164511,0.6963114
2025-09-23T17:12:10.976137,3.8333018,9.267402,1.0049855
2025-09-23T17:12:10.976156,3.5796626,9.552148,0.9954142
2025-09-23T17:12:10.976175,3.4624143,9.80818,0.89491564
2025-09-23T17:12:10.976193,3.5270207,9.786645,0.8853444
2025-09-23T17:12:10.976210,3.7734814,9.521041,0.9212367
2025-09-23T17:12:10.976227,3.8476589,9.145369,0.8327023
2025-09-23T17:12:10.976245,3.6490545,8.88455,0.74416786
2025-09-23T17:12:10.976274,3.603591,8.829515,0.60059845
2025-09-23T17:12:11.180554,3.778267,9.068798,0.5383851
2025-09-23T17:12:11.205413,3.7854455,9.334401,0.7106683
2025-09-23T17:12:11.205466,3.3092737,9.525827,0.849452
2025-09-23T17:12:11.205487,2.806781,9.592826,0.849452
2025-09-23T17:12:11.205507,2.5938199,9.623933,0.60059845
2025-09-23T17:12:11.205526,2.4837499,9.662218,0.25603202
2025-09-23T17:12:11.205544,2.2851455,9.726824,0.09571291
2025-09-23T17:12:11.205562,2.2229323,9.817751,0.040677983
2025-09-23T17:12:11.205599,2.2612174,9.757931,-0.021535404
2025-09-23T17:12:11.205658,2.333002,9.564112,0.22253251
2025-09-23T17:12:11.396466,2.3114667,9.387043,0.48095736
2025-09-23T17:12:11.407607,2.172683,9.446864,0.4642076
2025-09-23T17:12:11.407650,2.0673988,9.470792,0.20338993
2025-09-23T17:12:11.407685,2.0410776,9.492328,-0.011964113
2025-09-23T17:12:11.407705,2.053042,9.370294,-0.0071784677
2025-09-23T17:12:11.407723,2.012364,9.157332,0.21535404
2025-09-23T17:12:11.407741,1.8257236,9.047262,0.4953143
2025-09-23T17:12:11.407758,1.7491534,9.205189,0.40917268
2025-09-23T17:12:11.407776,1.7084754,9.370294,0.0071784677
2025-09-23T17:12:11.407794,1.6821543,9.458828,-0.33260235
2025-09-23T17:12:11.407820,1.5529419,9.489935,-0.4139583
2025-09-23T17:12:11.579876,1.4763715,9.456435,-0.27038896
2025-09-23T17:12:11.586540,1.5098711,9.468399,0.0047856453
2025-09-23T17:12:11.586623,1.7228323,9.542577,0.2105684
2025-09-23T17:12:11.586675,1.9118652,9.6071825,0.22013968
2025-09-23T17:12:11.586721,1.9214365,9.643075,-0.059820566
2025-09-23T17:12:11.586767,1.7467605,9.5665045,-0.49052864
2025-09-23T17:12:11.586811,1.5553347,9.47797,-0.6580262
2025-09-23T17:12:11.586854,1.68694,9.449257,-0.55513483
2025-09-23T17:12:11.586897,1.753939,9.394221,-0.17467605
2025-09-23T17:12:11.586957,1.8640088,9.305687,0.19860429
2025-09-23T17:12:11.780850,1.8137596,9.458828,0.03589234
2025-09-23T17:12:11.791326,1.6414764,9.688539,-0.3804588
2025-09-23T17:12:11.791406,1.6247265,9.762716,-0.5288138
2025-09-23T17:12:11.791457,1.6175481,9.676575,-0.3900301
2025-09-23T17:12:11.791505,1.5361922,9.600004,-0.2416751
2025-09-23T17:12:11.791550,1.4763715,9.643075,-0.28235307
2025-09-23T17:12:11.791604,1.3304094,9.628718,-0.27996024
2025-09-23T17:12:11.791650,1.3495519,9.652647,-0.22013968
2025-09-23T17:12:11.791693,1.4404793,9.745967,-0.25842485
2025-09-23T17:12:11.791736,1.4452649,9.839287,-0.25124636
2025-09-23T17:12:11.791797,1.3232309,9.925428,-0.17467605
2025-09-23T17:12:11.975048,1.2035898,9.9756775,-0.21296121
2025-09-23T17:12:12.001164,1.0887343,9.925428,-0.33020952
2025-09-23T17:12:12.001260,0.93320084,9.753145,-0.3397808
2025-09-23T17:12:12.001312,0.93320084,9.5665045,-0.27756742
2025-09-23T17:12:12.001359,1.012164,9.525827,-0.24885355
2025-09-23T17:12:12.001403,1.0983056,9.585648,-0.15074782
2025-09-23T17:12:12.001448,1.1437693,9.736395,-0.050249275
2025-09-23T17:12:12.001503,1.1700903,9.810573,-0.08135597
2025-09-23T17:12:12.001547,1.1557333,9.798609,-0.13399807
2025-09-23T17:12:12.001602,1.0983056,9.77468,-0.09092726
2025-09-23T17:12:12.001667,1.0839486,9.738789,0.009571291
2025-09-23T17:12:12.190604,1.0289137,9.738789,-0.043070808
2025-09-23T17:12:12.200240,1.0313065,9.743574,-0.08853444
2025-09-23T17:12:12.200345,1.026521,9.796216,0.02632105
2025-09-23T17:12:12.200400,1.0624132,9.805787,0.0526421
2025-09-23T17:12:12.200450,1.0073783,9.710074,0.031106694
2025-09-23T17:12:12.200499,0.96909314,9.724431,0.069391854
2025-09-23T17:12:12.200547,1.0145568,9.738789,0.0526421
2025-09-23T17:12:12.200611,1.0073783,9.731609,0.050249275
2025-09-23T17:12:12.200669,0.971486,9.731609,0.047856454
2025-09-23T17:12:12.200738,0.94755775,9.741181,0.014356935
2025-09-23T17:12:12.372223,0.9403793,9.736395,0.02632105
2025-09-23T17:12:12.393027,0.9212367,9.731609,0.021535404
2025-09-23T17:12:12.393128,0.9020941,9.781859,0.09332009
2025-09-23T17:12:12.393179,0.94277215,9.805787,0.14596218
2025-09-23T17:12:12.393225,0.9619147,9.801002,0.08135597
2025-09-23T17:12:12.393271,0.9954142,9.786645,0.0071784677
2025-09-23T17:12:12.393315,0.9882358,9.7196455,0.03589234
2025-09-23T17:12:12.393360,0.9667004,9.693324,0.08135597
2025-09-23T17:12:12.393405,0.96430755,9.71486,0.062213387
2025-09-23T17:12:12.393449,0.95473623,9.779466,0.047856454
2025-09-23T17:12:12.393523,0.9834501,9.793823,0.033499517
2025-09-23T17:12:12.590052,1.0001999,9.789038,-0.0071784677
2025-09-23T17:12:12.616448,1.0025927,9.724431,0.02632105
2025-09-23T17:12:12.616547,0.997807,9.688539,0.04546363
2025-09-23T17:12:12.616611,1.0025927,9.671789,0.023928227
2025-09-23T17:12:12.616660,1.0193424,9.71486,0.033499517
2025-09-23T17:12:12.616708,1.0073783,9.757931,0.069391854
2025-09-23T17:12:12.616755,0.9212367,9.793823,0.033499517
2025-09-23T17:12:12.616801,0.94277215,9.817751,-0.0071784677
2025-09-23T17:12:12.616845,1.0360922,9.757931,0.050249275
2025-09-23T17:12:12.616889,1.0313065,9.705289,0.1268196
2025-09-23T17:12:12.616951,1.0624132,9.736395,0.10049855
2025-09-23T17:12:12.773927,1.1102697,9.765109,0.06460621
2025-09-23T17:12:12.884845,1.1557333,9.724431,0.047856454
2025-09-23T17:12:12.884919,1.1676974,9.667004,0.08135597
2025-09-23T17:12:12.884970,1.1413764,9.662218,0.11485548
2025-09-23T17:12:12.885017,1.1294123,9.707682,0.14356937
2025-09-23T17:12:12.885065,1.1724831,9.745967,0.09571291
2025-09-23T17:12:12.885109,1.1796615,9.74836,0.069391854
2025-09-23T17:12:12.885154,1.0815558,9.765109,0.078963146
2025-09-23T17:12:12.885198,1.0097711,9.767502,0.11964113
2025-09-23T17:12:12.885255,1.0169497,9.757931,0.12921242
2025-09-23T17:12:12.972534,0.97866446,9.786645,0.09810573
2025-09-23T17:12:13.025012,0.94755775,9.812965,0.10049855
2025-09-23T17:12:13.025114,1.0001999,9.77468,0.10289137
2025-09-23T17:12:13.025166,1.0169497,9.736395,0.069391854
2025-09-23T17:12:13.025212,1.0360922,9.741181,0.06460621
2025-09-23T17:12:13.025256,1.1150553,9.726824,0.10049855
2025-09-23T17:12:13.025301,1.1246266,9.722038,0.13160525
2025-09-23T17:12:13.025346,1.105484,9.702896,0.11964113
2025-09-23T17:12:13.025390,1.0504491,9.7196455,0.069391854
2025-09-23T17:12:13.025434,0.98584294,9.753145,0.06460621
2025-09-23T17:12:13.025492,1.0073783,9.769895,0.069391854
2025-09-23T17:12:13.177363,0.9882358,9.762716,0.03589234
2025-09-23T17:12:13.230332,0.9762716,9.762716,0.03589234
2025-09-23T17:12:13.230424,1.0073783,9.757931,0.03589234
2025-09-23T17:12:13.230475,1.0408778,9.765109,0.019142581
2025-09-23T17:12:13.230522,1.0289137,9.767502,0.0071784677
2025-09-23T17:12:13.230575,1.0313065,9.741181,-0.014356935
2025-09-23T17:12:13.230622,1.079163,9.74836,0.0071784677
2025-09-23T17:12:13.230667,1.1126626,9.731609,0.0071784677
2025-09-23T17:12:13.230711,1.0887343,9.743574,-0.009571291
2025-09-23T17:12:13.230757,1.0743774,9.745967,-0.04546363
2025-09-23T17:12:13.230814,1.0911272,9.74836,-0.016749758
2025-09-23T17:12:13.373669,1.0815558,9.707682,-0.019142581
2025-09-23T17:12:13.381906,1.0576276,9.724431,-0.047856454
2025-09-23T17:12:13.382000,1.0169497,9.74836,-0.021535404
2025-09-23T17:12:13.382052,0.9810573,9.781859,-0.050249275
2025-09-23T17:12:13.382100,1.0456635,9.779466,-0.08853444
2025-09-23T17:12:13.382148,1.0600204,9.777073,-0.047856454
2025-09-23T17:12:13.382193,1.0504491,9.762716,0.014356935
2025-09-23T17:12:13.382237,1.0743774,9.74836,-0.011964113
2025-09-23T17:12:13.382282,1.0743774,9.753145,-0.08853444
2025-09-23T17:12:13.382340,1.0313065,9.736395,-0.124426775
2025-09-23T17:12:13.608500,1.0624132,9.765109,-0.059820566
2025-09-23T17:12:13.628373,1.0839486,9.762716,0.0071784677
2025-09-23T17:12:13.628482,1.0408778,9.724431,-0.086141616
2025-09-23T17:12:13.628542,1.0193424,9.729217,-0.15074782
2025-09-23T17:12:13.628600,1.0695918,9.741181,-0.09571291
2025-09-23T17:12:13.628647,1.1270195,9.750752,-0.033499517
2025-09-23T17:12:13.628800,1.1174482,9.743574,-0.050249275
2025-09-23T17:12:13.628905,1.1222339,9.745967,-0.08853444
2025-09-23T17:12:13.628930,1.1126626,9.777073,-0.09571291
2025-09-23T17:12:13.628950,1.0911272,9.743574,-0.09571291
2025-09-23T17:12:13.628986,1.0719845,9.736395,-0.09332009
2025-09-23T17:12:13.774446,1.0767702,9.74836,-0.05503492
2025-09-23T17:12:13.783540,1.0911272,9.757931,-0.04546363
2025-09-23T17:12:13.783599,1.119841,9.750752,-0.08135597
2025-09-23T17:12:13.783622,1.1006985,9.738789,-0.11246266
2025-09-23T17:12:13.783643,1.0839486,9.724431,-0.1052842
2025-09-23T17:12:13.783661,1.105484,9.707682,-0.05742774
2025-09-23T17:12:13.783679,1.0719845,9.745967,-0.069391854
2025-09-23T17:12:13.783698,1.0313065,9.743574,-0.13878371
2025-09-23T17:12:13.783716,1.0145568,9.736395,-0.16031912
2025-09-23T17:12:13.783733,1.038485,9.741181,-0.09092726
2025-09-23T17:12:13.783755,1.105484,9.726824,-0.02632105
2025-09-23T17:12:13.986006,1.0671989,9.74836,-0.05742774
2025-09-23T17:12:13.998964,1.0169497,9.77468,-0.0526421
2025-09-23T17:12:13.999039,0.9379865,9.777073,-0.047856454
2025-09-23T17:12:13.999061,0.9619147,9.786645,-0.050249275
2025-09-23T17:12:13.999079,0.99302137,9.786645,-0.062213387
2025-09-23T17:12:13.999097,1.0145568,9.765109,-0.04546363
2025-09-23T17:12:13.999114,1.052842,9.741181,-0.011964113
2025-09-23T17:12:13.999131,1.134198,9.693324,-0.0047856453
2025-09-23T17:12:13.999149,1.1389836,9.717253,-0.033499517
2025-09-23T17:12:13.999180,1.0959128,9.726824,-0.062213387
2025-09-23T17:12:14.183688,1.1006985,9.738789,-0.047856454
2025-09-23T17:12:14.374201,1.0001999,9.777073,-0.011964113
2025-09-23T17:12:14.374280,0.9523434,9.765109,0.038285162
2025-09-23T17:12:14.374302,0.9379865,9.762716,0.0071784677
2025-09-23T17:12:14.374321,0.971486,9.765109,-0.019142581
2025-09-23T17:12:14.374340,0.97866446,9.767502,-0.0047856453
2025-09-23T17:12:14.374358,1.0241281,9.777073,-0.0023928226
2025-09-23T17:12:14.374375,1.0863415,9.734002,0.021535404
2025-09-23T17:12:14.374392,1.1413764,9.693324,-0.019142581
2025-09-23T17:12:14.374408,1.2035898,9.667004,-0.011964113
2025-09-23T17:12:14.374441,1.1844472,9.700503,0.016749758
2025-09-23T17:12:14.430534,1.2299109,9.750752,0.009571291
2025-09-23T17:12:14.430607,1.1988041,9.803394,-0.011964113
2025-09-23T17:12:14.430656,1.1246266,9.786645,-0.016749758
2025-09-23T17:12:14.430674,1.0504491,9.786645,-0.014356935
2025-09-23T17:12:14.430692,0.9882358,9.777073,0.009571291
2025-09-23T17:12:14.430709,0.9834501,9.731609,0.15792629
2025-09-23T17:12:14.430726,0.70348984,9.796216,-0.014356935
2025-09-23T17:12:14.430743,0.8470592,9.743574,-0.06460621
2025-09-23T17:12:14.430760,0.7680961,9.80818,0.059820566
2025-09-23T17:12:14.430794,-0.019142581,9.533006,-1.2442678
2025-09-23T17:12:14.569493,0.8925229,9.97807,-0.043070808
2025-09-23T17:12:14.636316,0.863809,9.944571,0.086141616
2025-09-23T17:12:14.636385,0.8997013,9.58804,-0.32542387
2025-09-23T17:12:14.636407,1.2227324,9.762716,-0.10767702
2025-09-23T17:12:14.636426,1.3375878,9.958928,0.059820566
2025-09-23T17:12:14.636444,1.4333007,9.698111,-0.51206404
2025-09-23T17:12:14.636461,1.4596218,9.540184,-0.82313097
2025-09-23T17:12:14.636478,1.442872,9.559326,-0.4211368
2025-09-23T17:12:14.636495,1.2705889,9.590433,-0.03589234
2025-09-23T17:12:14.636512,0.74416786,9.652647,-1.4859428
2025-09-23T17:12:14.636551,0.89730847,9.970892,0.3062813
2025-09-23T17:12:14.817079,2.0219352,10.631311,-0.11724831
2025-09-23T17:12:14.840402,3.4025939,10.834701,0.48095736
2025-09-23T17:12:14.840448,2.2899313,10.839486,0.5312066
2025-09-23T17:12:14.840493,-0.9619147,9.743574,-0.59581286
2025-09-23T17:12:14.840512,0.5599205,8.961121,-1.3974084
2025-09-23T17:12:14.840530,1.8903298,9.286545,-1.7156538
2025-09-23T17:12:14.840547,1.2993027,9.894321,-1.4380864
2025-09-23T17:12:14.840579,2.766103,10.846665,-1.119841
2025-09-23T17:12:14.840604,1.7443677,11.387443,-1.2442678
2025-09-23T17:12:14.840622,1.1174482,11.810972,-0.9523434
2025-09-23T17:12:14.840650,2.024328,12.174682,-0.60059845
2025-09-23T17:12:14.972604,1.6917256,10.858629,0.15074782
2025-09-23T17:12:14.982665,-0.9499506,11.289337,0.09810573
2025-09-23T17:12:14.982706,-3.0963125,11.133803,0.49292147
2025-09-23T17:12:14.982753,-4.3764725,9.693324,0.7106683
2025-09-23T17:12:14.982773,-5.9270215,9.322437,-0.22253251
2025-09-23T17:12:14.982791,-5.6685967,8.989835,-2.7852457
2025-09-23T17:12:14.982807,-4.658826,6.558727,-5.029713
2025-09-23T17:12:14.982824,-4.287938,5.989235,-5.9700923
2025-09-23T17:12:14.982841,-3.8620157,7.920243,-4.098905
2025-09-23T17:12:14.982865,-3.5796626,8.092526,-0.8662018
2025-09-23T17:12:15.169881,-4.345366,5.8887367,1.2490535
2025-09-23T17:12:15.178239,-5.0847483,4.8861437,1.6414764
2025-09-23T17:12:15.178279,-4.941179,6.0251274,0.782453
2025-09-23T17:12:15.178321,-2.1008983,7.9633136,-0.5240282
2025-09-23T17:12:15.178339,-1.9070797,7.989635,0.526421
2025-09-23T17:12:15.178357,-3.4025939,8.659625,1.1916257
2025-09-23T17:12:15.178374,-4.139583,9.432507,1.0695918
2025-09-23T17:12:15.178391,-4.3525443,10.329815,0.6556334
2025-09-23T17:12:15.178409,-3.7686956,9.925428,0.30867413
2025-09-23T17:12:15.178426,-3.1872396,9.269794,0.41635114
2025-09-23T17:12:15.178449,-3.1130621,9.071191,0.37567315
2025-09-23T17:12:15.374286,-3.359523,9.013762,0.25124636
2025-09-23T17:12:15.387628,-3.4672,9.58804,0.3804588
2025-09-23T17:12:15.387692,-3.1896327,9.999606,0.5288138
2025-09-23T17:12:15.387738,-2.9958138,9.3104725,0.5240282
2025-09-23T17:12:15.387756,-3.0915267,8.788837,0.47856453
2025-09-23T17:12:15.387774,-3.7686956,8.626125,0.57188463
2025-09-23T17:12:15.387790,-3.885944,8.685946,0.46899325
2025-09-23T17:12:15.387807,-3.682554,8.906086,0.40438703
2025-09-23T17:12:15.387825,-3.9696927,9.360723,0.38285163
2025-09-23T17:12:15.387842,-4.173083,9.073584,0.567099
2025-09-23T17:12:15.387875,-4.213761,8.9013,0.5479564
2025-09-23T17:12:15.588743,-4.0677986,8.855837,0.5479564
2025-09-23T17:12:15.905867,-4.0438704,9.466006,0.49052864
2025-09-23T17:12:15.905933,-4.089334,9.602397,0.50009996
2025-09-23T17:12:15.905973,-3.7471602,8.836694,0.7609176
2025-09-23T17:12:15.905991,-3.6586258,8.3174515,0.7609176
2025-09-23T17:12:15.906009,-3.9074793,8.315059,0.6412765
2025-09-23T17:12:15.906025,-3.7686956,8.693125,0.44027936
2025-09-23T17:12:15.906042,-3.4121652,8.738588,0.3469593
2025-09-23T17:12:15.906059,-3.211168,8.551949,0.38285163
2025-09-23T17:12:15.906077,-3.5413775,8.391629,0.36131623
2025-09-23T17:12:15.906095,-3.5413775,8.185846,-0.17228323
2025-09-23T17:12:15.906113,-3.3116665,7.884351,-0.02871387
2025-09-23T17:12:15.906131,-3.8931224,8.329415,0.38524446
2025-09-23T17:12:15.906150,-4.54397,10.073783,1.0887343
2025-09-23T17:12:15.906168,-6.606583,11.55494,2.507678
2025-09-23T17:12:15.906185,-6.8171515,13.093526,2.2037897
2025-09-23T17:12:15.906204,-5.7930236,14.017155,1.5577276
2025-09-23T17:12:15.915123,-6.62094,14.500505,2.713461
2025-09-23T17:12:15.915172,-8.343773,12.674782,3.2566316
2025-09-23T17:12:15.915197,-8.602198,9.303294,0.5623133
2025-09-23T17:12:15.915231,-4.2520456,3.359523,-4.058227
2025-09-23T17:12:15.915250,-1.0001999,4.3118663,-1.2562319
2025-09-23T17:12:15.915269,-0.8446664,5.426922,-0.17706887
2025-09-23T17:12:15.915287,-2.4071796,2.8259234,0.1363909
2025-09-23T17:12:15.915304,-4.2855453,6.4869423,1.3328022
2025-09-23T17:12:15.915320,-6.3314085,7.082755,1.6821543
2025-09-23T17:12:15.915337,-7.499106,9.743574,2.4478576
2025-09-23T17:12:15.915356,-7.176075,9.523434,1.8951155
2025-09-23T17:12:16.107798,-6.8099732,9.45165,1.2969099
2025-09-23T17:12:16.121495,-8.740981,11.243874,2.0410776
2025-09-23T17:12:16.121536,-8.539984,9.789038,2.3976083
2025-09-23T17:12:16.121581,-5.410172,7.281359,-0.3469593
2025-09-23T17:12:16.121602,-1.7874385,8.384451,-1.5290136
2025-09-23T17:12:16.121621,-2.6153553,9.882358,0.4642076
2025-09-23T17:12:16.121640,-4.570291,9.597611,0.53599226
2025-09-23T17:12:16.121663,-4.6636114,8.616554,-0.5096712
2025-09-23T17:12:16.121691,-2.5674987,6.5611196,-0.24885355
2025-09-23T17:12:16.121709,-1.5266209,5.7379885,1.8448663
2025-09-23T17:12:16.121728,-2.2085752,5.089534,2.6249263
2025-09-23T17:12:16.313591,-2.5938199,5.1469617,2.495714
2025-09-23T17:12:16.322141,-3.426522,5.8935223,2.4311078
2025-09-23T17:12:16.322182,-4.912465,7.1856465,2.8019953
2025-09-23T17:12:16.322203,-4.610969,6.812366,2.778067
2025-09-23T17:12:16.322221,-4.074977,6.1806607,3.2470603
2025-09-23T17:12:16.322239,-3.5246277,5.407779,4.510471
2025-09-23T17:12:16.322256,-3.3140593,4.7880383,5.063213
2025-09-23T17:12:16.322272,-4.668397,5.4819565,4.962714
2025-09-23T17:12:16.322289,-6.317052,6.4606214,4.5224347
2025-09-23T17:12:16.322305,-5.716453,6.5108705,4.76411
2025-09-23T17:12:16.532209,-5.4723854,5.8600225,5.359923
2025-09-23T17:12:16.540866,-5.1493545,5.6183476,5.6685967
2025-09-23T17:12:16.540906,-5.4053864,5.1996036,5.771488
2025-09-23T17:12:16.540930,-6.2715883,5.436493,4.773681
2025-09-23T17:12:16.540968,-6.1399827,5.4676,4.4578285
2025-09-23T17:12:16.540986,-3.6131623,4.8933225,4.082155
2025-09-23T17:12:16.541003,-2.1702902,3.9314077,3.952943
2025-09-23T17:12:16.541020,-2.3018954,4.2711883,4.453043
2025-09-23T17:12:16.541037,-3.0053852,5.3982077,5.733203
2025-09-23T17:12:16.541053,-3.4672,5.163711,7.281359
2025-09-23T17:12:16.541070,-3.8524444,3.8165522,8.238488
2025-09-23T17:12:16.706167,-4.0941195,3.4743786,7.8221374
2025-09-23T17:12:16.997488,-4.503292,3.1489546,4.9268217
2025-09-23T17:12:16.997550,-6.8721867,2.7876384,3.7328033
2025-09-23T17:12:16.997580,-10.152746,4.141976,7.501499
2025-09-23T17:12:16.997599,-7.702496,5.0009995,11.679367
2025-09-23T17:12:16.997617,-3.330809,4.168297,10.042677
2025-09-23T17:12:16.997635,-2.9216363,3.6275191,6.070591
2025-09-23T17:12:16.997653,-3.3834512,3.225525,4.6564326
2025-09-23T17:12:16.997671,-3.37388,2.605784,5.3072805
2025-09-23T17:12:16.997689,-3.5102708,2.7206392,7.515856
2025-09-23T17:12:16.997706,-3.5174494,2.1535404,8.41795
2025-09-23T17:12:16.997724,-3.7040894,1.7395821,9.109476
2025-09-23T17:12:16.997742,-3.4983068,1.4285151,9.334401
2025-09-23T17:12:16.997759,-3.4839497,1.6797615,8.484949
2025-09-23T17:12:16.997777,-3.1106694,1.4644074,7.874779
2025-09-23T17:12:16.997795,-3.0053852,1.6175481,9.686146
2025-09-23T17:12:16.997813,-3.199204,1.9812572,10.0163555
2025-09-23T17:12:17.024414,-3.4241292,2.6368906,9.619147
2025-09-23T17:12:17.024486,-3.0005996,2.2037897,9.446864
2025-09-23T17:12:17.024508,-2.457429,1.2849457,9.868001
2025-09-23T17:12:17.024528,-1.9357935,0.39481574,11.964113
2025-09-23T17:12:17.155415,-1.416551,0.23688944,10.392029
2025-09-23T17:12:17.167378,-1.1437693,0.41156548,8.329415
2025-09-23T17:12:17.167425,-1.2299109,0.15074782,10.119247
2025-09-23T17:12:17.167464,-2.0482562,-0.05503492,11.909079
2025-09-23T17:12:17.167482,-1.7467605,-0.31585258,11.468799
2025-09-23T17:12:17.167500,-1.3064811,-0.39481574,11.042876
2025-09-23T17:12:17.167517,-1.2562319,-0.1698904,10.521241
2025-09-23T17:12:17.167534,-1.3591232,-0.059820566,10.090533
2025-09-23T17:12:17.167552,-1.2634103,-0.7393822,11.810972
2025-09-23T17:12:17.167576,-2.07697,-1.2227324,13.521841
2025-09-23T17:12:17.167594,-3.0293136,-1.6845472,13.007384
2025-09-23T17:12:17.167612,-3.644269,-2.3808584,13.282558
2025-09-23T17:12:17.167630,-2.7158537,-2.57707,12.562319
2025-09-23T17:12:17.167648,-1.294517,-2.751746,12.02872
2025-09-23T17:12:17.371462,-1.1796615,-3.3355947,12.437892
2025-09-23T17:12:17.492008,-2.589034,-1.7970098,11.803794
2025-09-23T17:12:17.492075,-3.615555,0.51206404,11.124232
2025-09-23T17:12:17.492113,-3.6777685,1.4237294,10.870593
2025-09-23T17:12:17.492131,-4.058227,1.9860427,11.083554
2025-09-23T17:12:17.492149,-4.0031924,2.309074,9.509077
2025-09-23T17:12:17.492165,-3.5126636,2.8905299,7.8293157
2025-09-23T17:12:17.492182,-3.5102708,3.0197423,8.1020975
2025-09-23T17:12:17.492198,-3.1633115,3.3643086,8.71466
2025-09-23T17:12:17.492215,-3.3140593,3.5389848,9.008977
2025-09-23T17:12:17.492241,-4.1276193,3.6275191,8.810373
2025-09-23T17:12:17.610588,-4.331009,3.9098723,8.549556
2025-09-23T17:12:17.650387,-4.022335,3.8404803,8.855837
2025-09-23T17:12:17.650435,-3.8787656,3.3212378,9.4229355
2025-09-23T17:12:17.650474,-3.5772698,2.3665016,9.856036
2025-09-23T17:12:17.650492,-3.290131,2.1798615,9.425328
2025-09-23T17:12:17.650509,-5.465207,4.106084,11.705688
2025-09-23T17:12:17.650526,-7.381858,3.3260236,14.799608
2025-09-23T17:12:17.650543,-6.1208405,5.386244,10.815558
2025-09-23T17:12:17.650560,-1.5194423,4.345366,8.819944
2025-09-23T17:12:17.650583,0.66041905,2.3808584,4.941179
2025-09-23T17:12:17.650602,-0.9834501,0.66041905,7.2789664
2025-09-23T17:12:17.767958,-3.0077782,1.0839486,9.942178
2025-09-23T17:12:17.785434,-5.828916,1.7802601,11.07159
2025-09-23T17:12:17.785496,-7.408179,2.1487548,11.126625
2025-09-23T17:12:17.785517,-6.6161547,2.8594232,10.504492
2025-09-23T17:12:17.785535,-4.4841495,3.3236306,9.1669035
2025-09-23T17:12:17.785553,-3.0269206,3.1752756,7.798209
2025-09-23T17:12:17.785578,-2.3641088,2.6009982,7.408179
2025-09-23T17:12:17.785595,-2.455036,2.2588246,7.6809607
2025-09-23T17:12:17.785612,-3.2709885,2.5196424,8.166703
2025-09-23T17:12:17.785630,-4.319045,2.7948167,8.573483
2025-09-23T17:12:17.985538,-5.070391,2.900101,9.013762
2025-09-23T17:12:17.993647,-5.453243,2.9048867,9.123833
2025-09-23T17:12:17.993687,-5.4723854,3.022135,8.523234
2025-09-23T17:12:17.993730,-5.0656056,3.347559,7.704889
2025-09-23T17:12:17.993750,-4.685147,3.7591243,7.429714
2025-09-23T17:12:17.993767,-4.65404,3.9768713,7.6570325
2025-09-23T17:12:17.993784,-4.9028935,4.113262,7.7814593
2025-09-23T17:12:17.993801,-5.087141,4.165904,7.4823565
2025-09-23T17:12:17.993817,-5.1206403,4.496114,7.0875406
2025-09-23T17:12:17.993833,-4.9579287,4.9028935,7.04447
2025-09-23T17:12:17.993851,-4.895715,4.962714,7.1952176
2025-09-23T17:12:18.192096,-4.725825,4.6899323,6.9535427
2025-09-23T17:12:18.255057,-4.4985065,4.5152564,6.5204415
2025-09-23T17:12:18.255116,-4.4147577,4.5487556,6.4175506
2025-09-23T17:12:18.255138,-4.5320063,4.6731825,6.960721
2025-09-23T17:12:18.255157,-4.9363933,4.6875396,7.52782
2025-09-23T17:12:18.255175,-5.1996036,4.6396832,7.23111
2025-09-23T17:12:18.255193,-4.991428,4.9531426,6.687939
2025-09-23T17:12:18.255210,-4.759324,5.245067,6.838687
2025-09-23T17:12:18.255228,-4.8239303,5.1613183,7.2095747
2025-09-23T17:12:18.255246,-4.9770713,5.0129633,7.389036
2025-09-23T17:12:18.255263,-5.123033,4.898108,7.391429
2025-09-23T17:12:18.255282,-4.9722853,5.005785,7.2502527
2025-09-23T17:12:18.386796,-4.709075,5.3886366,6.9344
2025-09-23T17:12:18.402009,-4.290331,5.828916,6.5347986
2025-09-23T17:12:18.402079,-4.098905,6.070591,6.3218374
2025-09-23T17:12:18.402118,-4.1778684,6.058627,6.3290157
2025-09-23T17:12:18.402136,-4.3908296,5.953343,6.245267
2025-09-23T17:12:18.402153,-4.4171505,5.9174504,6.2931237
2025-09-23T17:12:18.402170,-4.5128636,5.8743796,6.735796
2025-09-23T17:12:18.402187,-4.733003,5.7260246,7.085148
2025-09-23T17:12:18.402204,-4.979464,5.6590257,6.587441
2025-09-23T17:12:18.402223,-4.8598228,5.6877394,5.8193445
2025-09-23T17:12:18.585363,-4.54397,5.905486,5.723632
2025-09-23T17:12:18.604030,-4.5631127,6.0897336,6.216553
2025-09-23T17:12:18.604101,-4.5966125,6.35773,6.4965134
2025-09-23T17:12:18.604146,-4.6372905,6.640083,6.1734824
2025-09-23T17:12:18.604165,-4.699504,6.8051877,5.6614184
2025-09-23T17:12:18.604182,-4.9196434,6.9559355,5.0919266
2025-09-23T17:12:18.604199,-4.9028935,7.2358956,4.4889355
2025-09-23T17:12:18.604215,-4.496114,7.298109,4.4315076
2025-09-23T17:12:18.604231,-4.321438,6.8075805,4.6492543
2025-09-23T17:12:18.604248,-4.35733,6.800402,4.991428
2025-09-23T17:12:18.604280,-4.9268217,7.068398,4.9770713
2025-09-23T17:12:18.788613,-4.7808595,7.496713,4.668397
2025-09-23T17:12:18.815391,-4.421936,7.587641,4.682754
2025-09-23T17:12:18.815465,-4.426722,7.5182486,4.4339004
2025-09-23T17:12:18.815504,-4.436293,7.5110703,4.2592244
2025-09-23T17:12:18.815523,-4.4004006,7.6546397,4.1443686
2025-09-23T17:12:18.815549,-4.1778684,7.7790666,4.156333
2025-09-23T17:12:18.815585,-4.206582,7.6019974,4.24726
2025-09-23T17:12:18.815604,-4.520042,7.5493555,4.409972
2025-09-23T17:12:18.815622,-4.651647,7.7216387,4.132405
2025-09-23T17:12:18.815640,-4.4315076,7.999206,3.900301
2025-09-23T17:12:18.815674,-4.3070807,8.097312,3.9194436
2025-09-23T17:12:18.991320,-4.476971,8.092526,3.711268
2025-09-23T17:12:18.997032,-4.237689,8.123632,3.1752756
2025-09-23T17:12:18.997089,-3.8668015,8.238488,2.952743
2025-09-23T17:12:18.997111,-4.058227,8.305488,3.3786657
2025-09-23T17:12:18.997140,-4.3334017,8.243274,3.792624
2025-09-23T17:12:18.997158,-3.9984066,8.059027,3.7208393
2025-09-23T17:12:18.997175,-3.979264,8.068598,3.6203406
2025-09-23T17:12:18.997191,-4.23051,8.228917,3.4719856
2025-09-23T17:12:18.997208,-4.2687955,8.190632,3.2542388
2025-09-23T17:12:18.997237,-4.0510488,8.195417,3.3499517
2025-09-23T17:12:19.200656,-3.7854455,8.322237,3.4121652
2025-09-23T17:12:19.212425,-3.8668015,8.4347,3.3092737
2025-09-23T17:12:19.212469,-4.048656,8.496913,3.062813
2025-09-23T17:12:19.212492,-4.2281175,8.360522,3.1920254
2025-09-23T17:12:19.212512,-4.130012,8.233703,3.3786657
2025-09-23T17:12:19.212530,-4.022335,8.262417,3.35713
2025-09-23T17:12:19.212549,-4.0366917,8.343773,3.347559
2025-09-23T17:12:19.212574,-4.1587257,8.329415,3.4121652
2025-09-23T17:12:19.212592,-4.2017965,8.41795,3.35713
2025-09-23T17:12:19.212610,-4.0414777,8.5423765,3.3403804
2025-09-23T17:12:19.212634,-3.8524444,8.441878,3.2183464
2025-09-23T17:12:19.388970,-4.0414777,8.32463,3.103491
2025-09-23T17:12:19.403743,-4.141976,8.353344,3.2590244
2025-09-23T17:12:19.403842,-3.9864426,8.260024,3.2614172
2025-09-23T17:12:19.403892,-4.0534415,8.169097,3.2829528
2025-09-23T17:12:19.403937,-4.2424746,8.274381,3.4193435
2025-09-23T17:12:19.403981,-4.1611185,8.451449,3.199204
2025-09-23T17:12:19.404026,-4.1515474,8.496913,2.8761728
2025-09-23T17:12:19.404070,-4.1635113,8.408379,2.8307092
2025-09-23T17:12:19.404113,-4.1922255,8.338987,3.0125637
2025-09-23T17:12:19.404156,-4.261617,8.312666,3.0412776
2025-09-23T17:12:19.404212,-4.3908296,8.372486,2.9910283
2025-09-23T17:12:19.595324,-4.493721,8.415557,2.725425
2025-09-23T17:12:19.615161,-4.347759,8.362915,2.4215364
2025-09-23T17:12:19.615292,-4.453043,8.391629,2.3377876
2025-09-23T17:12:19.615355,-4.5272202,8.451449,2.225325
2025-09-23T17:12:19.615403,-4.534399,8.492127,2.0458634
2025-09-23T17:12:19.615448,-4.761717,8.472985,2.062613
2025-09-23T17:12:19.615494,-4.8095737,8.389236,1.9740787
2025-09-23T17:12:19.615537,-4.658826,8.492127,1.9190438
2025-09-23T17:12:19.615593,-4.625326,8.640483,1.875973
2025-09-23T17:12:19.615659,-4.692325,8.640483,1.5026926
2025-09-23T17:12:19.800909,-4.6205406,8.578269,1.3615161
2025-09-23T17:12:19.811067,-4.625326,8.62134,1.564906
2025-09-23T17:12:19.811166,-4.551149,8.642876,1.8496519
2025-09-23T17:12:19.811217,-4.4721856,8.539984,1.9980069
2025-09-23T17:12:19.811263,-4.4745784,8.444271,1.902294
2025-09-23T17:12:19.811307,-4.476971,8.477771,2.0003998
2025-09-23T17:12:19.811351,-4.508078,8.585447,2.213361
2025-09-23T17:12:19.811395,-4.321438,8.573483,2.2995026
2025-09-23T17:12:19.811438,-4.314259,8.652447,2.1702902
2025-09-23T17:12:19.811482,-4.2281175,8.559127,2.4646072
2025-09-23T17:12:19.811539,-4.113262,8.537591,2.5052853
2025-09-23T17:12:19.999427,-4.072584,8.508878,2.510071
2025-09-23T17:12:20.016801,-4.072584,8.549556,2.7182465
2025-09-23T17:12:20.016901,-4.125226,8.736196,2.8474588
2025-09-23T17:12:20.016952,-4.1036906,8.7673025,2.7445676
2025-09-23T17:12:20.016997,-4.0151563,8.700303,2.617748
2025-09-23T17:12:20.017041,-3.9481573,8.475378,2.4837499
2025-09-23T17:12:20.017085,-3.9290147,8.315059,2.7230322
2025-09-23T17:12:20.017128,-4.072584,8.250452,3.0532417
2025-09-23T17:12:20.017172,-4.0366917,8.257631,3.1728828
2025-09-23T17:12:20.017229,-4.058227,8.386844,3.101098
2025-09-23T17:12:20.187751,-4.0558343,8.549556,3.1680973
2025-09-23T17:12:20.218318,-4.063013,8.6141615,3.089134
2025-09-23T17:12:20.218418,-4.0390844,8.633304,3.022135
2025-09-23T17:12:20.218480,-4.0103707,8.504091,3.0029924
2025-09-23T17:12:20.218537,-4.063013,8.322237,3.0173492
2025-09-23T17:12:20.218596,-4.1347976,8.221739,3.2685957
2025-09-23T17:12:20.218642,-4.1276193,8.34138,3.330809
2025-09-23T17:12:20.218696,-4.0390844,8.446664,3.1274192
2025-09-23T17:12:20.218742,-4.0438704,8.441878,3.101098
2025-09-23T17:12:20.218785,-4.0438704,8.441878,3.0867412
2025-09-23T17:12:20.218841,-4.0031924,8.559127,3.0388846
2025-09-23T17:12:20.472324,-4.022335,8.578269,2.9096723
2025-09-23T17:12:20.478076,-4.101298,8.482556,2.833102
2025-09-23T17:12:20.478184,-4.0295134,8.441878,2.8259234
2025-09-23T17:12:20.478238,-3.9840498,8.432307,2.845066
2025-09-23T17:12:20.478285,-4.0438704,8.4682,2.9886355
2025-09-23T17:12:20.478331,-4.0295134,8.513663,2.9862428
2025-09-23T17:12:20.478375,-4.017549,8.516056,2.9336007
2025-09-23T17:12:20.478419,-4.098905,8.49452,2.9383862
2025-09-23T17:12:20.478463,-4.0773697,8.456235,2.9383862
2025-09-23T17:12:20.478507,-3.9960139,8.496913,3.0173492
2025-09-23T17:12:20.478551,-4.007978,8.482556,2.9599216
2025-09-23T17:12:20.589237,-4.0558343,8.449057,2.952743
2025-09-23T17:12:20.801304,-4.074977,8.4682,3.0125637
2025-09-23T17:12:20.801402,-4.0701914,8.504091,2.9982069
2025-09-23T17:12:20.801455,-4.048656,8.520842,2.981457
2025-09-23T17:12:20.801504,-4.0366917,8.482556,2.9862428
2025-09-23T17:12:20.801553,-4.022335,8.425129,2.9766715
2025-09-23T17:12:20.801611,-4.031906,8.429914,3.0675986
2025-09-23T17:12:20.801658,-4.031906,8.475378,3.117848
2025-09-23T17:12:20.801703,-4.058227,8.544769,3.0388846
2025-09-23T17:12:20.801747,-4.098905,8.513663,2.900101
2025-09-23T17:12:20.801791,-4.098905,8.429914,2.8522446
2025-09-23T17:12:20.801837,-4.1467614,8.422736,2.9096723
2025-09-23T17:12:20.801881,-4.1276193,8.444271,2.8642087
2025-09-23T17:12:20.801925,-4.1228333,8.49452,2.8594232
2025-09-23T17:12:20.801971,-4.1371903,8.549556,2.8642087
2025-09-23T17:12:20.802015,-4.141976,8.563912,2.821138
2025-09-23T17:12:20.802059,-4.098905,8.518449,2.7397819
2025-09-23T17:12:20.802103,-4.125226,8.463413,2.7182465
2025-09-23T17:12:20.804387,-4.168297,8.46102,2.7613173
2025-09-23T17:12:20.804458,-4.1108694,8.499306,2.7326035
2025-09-23T17:12:20.804512,-4.0845485,8.539984,2.751746
2025-09-23T17:12:20.995502,-4.1204405,8.530413,2.8259234
2025-09-23T17:12:21.040986,-4.1084766,8.583055,2.8881369
2025-09-23T17:12:21.041083,-4.0701914,8.583055,2.8881369
2025-09-23T17:12:21.041134,-4.074977,8.5016985,2.8378878
2025-09-23T17:12:21.041181,-4.091727,8.437093,2.8091738
2025-09-23T17:12:21.041226,-4.0869412,8.458628,2.8713872
2025-09-23T17:12:21.041269,-4.0941195,8.49452,2.754139
2025-09-23T17:12:21.041313,-4.072584,8.554341,2.6703901
2025-09-23T17:12:21.041356,-4.1036906,8.539984,2.6775684
2025-09-23T17:12:21.041398,-4.132405,8.49452,2.766103
2025-09-23T17:12:21.041442,-4.132405,8.487342,2.7972097
2025-09-23T17:12:21.187045,-4.1443686,8.537591,2.8163524
2025-09-23T17:12:21.190511,-4.15394,8.52802,2.8187451
2025-09-23T17:12:21.190615,-4.0869412,8.484949,2.8283165
2025-09-23T17:12:21.190668,-4.082155,8.456235,2.8785655
2025-09-23T17:12:21.190714,-4.132405,8.472985,2.940779
2025-09-23T17:12:21.190761,-4.115655,8.475378,2.9048867
2025-09-23T17:12:21.190806,-4.1084766,8.499306,2.926422
2025-09-23T17:12:21.190849,-4.101298,8.489735,2.900101
2025-09-23T17:12:21.190894,-4.091727,8.446664,2.8378878
2025-09-23T17:12:21.190947,-4.098905,8.41795,2.8977082
2025-09-23T17:12:21.386075,-4.1084766,8.444271,2.9742785
2025-09-23T17:12:21.393334,-4.1108694,8.532805,2.900101
2025-09-23T17:12:21.393427,-4.0941195,8.513663,2.861816
2025-09-23T17:12:21.393477,-4.063013,8.492127,2.9048867
2025-09-23T17:12:21.393522,-4.074977,8.484949,2.928815
2025-09-23T17:12:21.393580,-4.0701914,8.451449,2.9240294
2025-09-23T17:12:21.393866,-4.0677986,8.437093,2.9312077
2025-09-23T17:12:21.393892,-4.091727,8.4705925,2.8953154
2025-09-23T17:12:21.393912,-4.0773697,8.554341,2.8642087
2025-09-23T17:12:21.393932,-4.0366917,8.580662,2.8785655
2025-09-23T17:12:21.393951,-4.0438704,8.535198,2.9312077
2025-09-23T17:12:21.597750,-4.098905,8.420342,2.9240294
2025-09-23T17:12:21.718952,-4.0965123,8.46102,2.9216363
2025-09-23T17:12:21.719036,-4.0701914,8.508878,2.9336007
2025-09-23T17:12:21.719057,-4.0438704,8.516056,2.9192436
2025-09-23T17:12:21.719075,-4.0773697,8.532805,2.9240294
2025-09-23T17:12:21.719092,-4.0965123,8.537591,2.9168508
2025-09-23T17:12:21.719109,-4.063013,8.451449,2.8139594
2025-09-23T17:12:21.719126,-4.1084766,8.46102,2.8402805
2025-09-23T17:12:21.719144,-4.063013,8.489735,2.9072795
2025-09-23T17:12:21.719162,-4.0797625,8.506484,2.885744
2025-09-23T17:12:21.788416,-4.0965123,8.508878,2.8666015
2025-09-23T17:12:21.795855,-4.1084766,8.489735,2.87378
2025-09-23T17:12:21.795961,-4.1084766,8.5016985,2.9168508
2025-09-23T17:12:21.796014,-4.063013,8.518449,2.8402805
2025-09-23T17:12:21.796061,-4.115655,8.504091,2.778067
2025-09-23T17:12:21.796105,-4.1084766,8.487342,2.78046
2025-09-23T17:12:21.796149,-4.113262,8.487342,2.7876384
2025-09-23T17:12:21.796193,-4.0965123,8.530413,2.7900312
2025-09-23T17:12:21.796236,-4.1371903,8.549556,2.8019953
2025-09-23T17:12:21.796279,-4.1084766,8.506484,2.766103
2025-09-23T17:12:21.796324,-4.1180477,8.49452,2.7565317
2025-09-23T17:12:21.998827,-4.1180477,8.5016985,2.7900312
2025-09-23T17:12:22.012257,-4.1108694,8.489735,2.7828526
2025-09-23T17:12:22.012356,-4.0845485,8.489735,2.7900312
2025-09-23T17:12:22.012407,-4.0941195,8.5112705,2.8283165
2025-09-23T17:12:22.012453,-4.130012,8.496913,2.8498518
2025-09-23T17:12:22.012500,-4.1491547,8.492127,2.8307092
2025-09-23T17:12:22.012544,-4.168297,8.477771,2.8259234
2025-09-23T17:12:22.012600,-4.165904,8.516056,2.8259234
2025-09-23T17:12:22.012647,-4.15394,8.513663,2.7756743
2025-09-23T17:12:22.012709,-4.1276193,8.508878,2.6416762
2025-09-23T17:12:22.191208,-4.1515474,8.508878,2.684747
2025-09-23T17:12:22.304763,-4.1467614,8.52802,2.6775684
2025-09-23T17:12:22.304864,-4.1084766,8.520842,2.629712
2025-09-23T17:12:22.304915,-4.1108694,8.530413,2.7062824
2025-09-23T17:12:22.304961,-4.130012,8.5112705,2.8259234
2025-09-23T17:12:22.305006,-4.115655,8.508878,2.7876384
2025-09-23T17:12:22.305050,-4.1371903,8.52802,2.7038896
2025-09-23T17:12:22.305094,-4.1443686,8.52802,2.672783
2025-09-23T17:12:22.305138,-4.1180477,8.530413,2.6871397
2025-09-23T17:12:22.305182,-4.1443686,8.5112705,2.7493532
2025-09-23T17:12:22.305244,-4.1922255,8.508878,2.7589245
2025-09-23T17:12:22.338150,-4.1635113,8.453842,2.7565317
2025-09-23T17:12:22.343229,-4.1778684,8.475378,2.8115666
2025-09-23T17:12:22.343325,-4.1850467,8.487342,2.8761728
2025-09-23T17:12:22.343375,-4.1922255,8.482556,2.8546374
2025-09-23T17:12:22.343420,-4.197011,8.475378,2.806781
2025-09-23T17:12:22.343464,-4.197011,8.492127,2.7852457
2025-09-23T17:12:22.343508,-4.1611185,8.480164,2.7062824
2025-09-23T17:12:22.343704,-4.0965123,8.506484,2.6536403
2025-09-23T17:12:22.542983,-4.0941195,8.551949,2.684747
2025-09-23T17:12:22.547961,-4.1635113,8.516056,2.7828526
2025-09-23T17:12:22.548016,-4.156333,8.506484,2.8163524
2025-09-23T17:12:22.548039,-4.15394,8.49452,2.8259234
2025-09-23T17:12:22.548059,-4.1515474,8.480164,2.8522446
2025-09-23T17:12:22.548078,-4.115655,8.499306,2.7852457
2025-09-23T17:12:22.548096,-4.1108694,8.513663,2.6871397
2025-09-23T17:12:22.548113,-4.1371903,8.532805,2.6751757
2025-09-23T17:12:22.548131,-4.17069,8.516056,2.737389
2025-09-23T17:12:22.548149,-4.1922255,8.554341,2.7014968
2025-09-23T17:12:22.548172,-4.2017965,8.496913,2.6656044
2025-09-23T17:12:22.751868,-4.24726,8.489735,2.605784
2025-09-23T17:12:22.787650,-4.2257247,8.504091,2.5387847
2025-09-23T17:12:22.787716,-4.2281175,8.496913,2.5698915
2025-09-23T17:12:22.787750,-4.2448673,8.449057,2.6703901
2025-09-23T17:12:22.787769,-4.223332,8.422736,2.78046
2025-09-23T17:12:22.787788,-4.141976,8.437093,2.8953154
2025-09-23T17:12:22.787806,-4.101298,8.537591,2.9431717
2025-09-23T17:12:22.787824,-4.0510488,8.56152,2.9479575
2025-09-23T17:12:22.787842,-4.034299,8.583055,2.9838498
2025-09-23T17:12:22.787860,-4.017549,8.513663,2.9790642
2025-09-23T17:12:22.787900,-4.007978,8.415557,2.9623144
2025-09-23T17:12:22.944324,-4.034299,8.391629,2.9336007
2025-09-23T17:12:22.995029,-4.065406,8.444271,2.9575288
2025-09-23T17:12:22.995082,-4.0558343,8.532805,3.0245278
2025-09-23T17:12:22.995107,-4.058227,8.484949,3.022135
2025-09-23T17:12:22.995145,-4.1036906,8.441878,3.034099
2025-09-23T17:12:22.995163,-4.1611185,8.391629,3.0723844
2025-09-23T17:12:22.995180,-4.1443686,8.403593,2.9886355
2025-09-23T17:12:22.995198,-4.0797625,8.437093,2.9072795
2025-09-23T17:12:22.995216,-4.1228333,8.52802,2.914458
2025-09-23T17:12:22.995240,-4.125226,8.523234,2.9336007
2025-09-23T17:12:23.145936,-4.197011,8.482556,2.9431717
2025-09-23T17:12:23.297951,-4.2185464,8.432307,2.9479575
2025-09-23T17:12:23.298036,-4.180261,8.425129,2.8594232
2025-09-23T17:12:23.298057,-4.165904,8.408379,2.8881369
2025-09-23T17:12:23.298076,-4.1443686,8.444271,2.9455647
2025-09-23T17:12:23.298094,-4.0534415,8.453842,2.9240294
2025-09-23T17:12:23.298112,-4.007978,8.458628,2.9240294
2025-09-23T17:12:23.298130,-4.06062,8.427522,3.0053852
2025-09-23T17:12:23.298147,-4.0558343,8.413164,3.1393833
2025-09-23T17:12:23.298165,-4.0151563,8.444271,3.1609187
2025-09-23T17:12:23.298198,-3.9457645,8.49452,3.1633115
2025-09-23T17:12:23.341430,-3.9625144,8.475378,3.1728828
2025-09-23T17:12:23.344478,-3.9816568,8.506484,3.1561332
2025-09-23T17:12:23.344550,-3.9768713,8.518449,3.1106694
2025-09-23T17:12:23.344609,-3.993621,8.458628,3.1513474
2025-09-23T17:12:23.344658,-3.9960139,8.422736,3.1872396
2025-09-23T17:12:23.344705,-3.952943,8.446664,3.1848469
2025-09-23T17:12:23.344749,-3.9840498,8.439486,3.199204
2025-09-23T17:12:23.344792,-4.0414777,8.422736,3.2087753
2025-09-23T17:12:23.344836,-4.0103707,8.420342,3.1513474
2025-09-23T17:12:23.344898,-3.993621,8.384451,3.1776686
2025-09-23T17:12:23.552138,-4.0127635,8.413164,3.2542388
2025-09-23T17:12:23.562990,-3.9984066,8.422736,3.2470603
2025-09-23T17:12:23.563068,-4.005585,8.441878,3.2398818
2025-09-23T17:12:23.563089,-4.0007997,8.427522,3.2542388
2025-09-23T17:12:23.563107,-3.9984066,8.4012,3.2350962
2025-09-23T17:12:23.563125,-4.007978,8.382058,3.2446675
2025-09-23T17:12:23.563142,-4.019942,8.41795,3.2327034
2025-09-23T17:12:23.563158,-3.9625144,8.451449,3.1848469
2025-09-23T17:12:23.563175,-3.9720855,8.451449,3.1728828
2025-09-23T17:12:23.563191,-4.0127635,8.446664,3.2279177
2025-09-23T17:12:23.563216,-4.0151563,8.422736,3.1800613
2025-09-23T17:12:23.752943,-4.022335,8.382058,3.1944182
2025-09-23T17:12:23.774671,-4.0510488,8.370093,3.2135608
2025-09-23T17:12:23.774755,-4.005585,8.4682,3.1441689
2025-09-23T17:12:23.774778,-3.952943,8.482556,3.1250265
2025-09-23T17:12:23.774798,-3.9744785,8.463413,3.1609187
2025-09-23T17:12:23.774816,-3.9864426,8.437093,3.17049
2025-09-23T17:12:23.774832,-3.9816568,8.425129,3.1537402
2025-09-23T17:12:23.774849,-4.0031924,8.449057,3.1513474
2025-09-23T17:12:23.774866,-4.0103707,8.4347,3.141776
2025-09-23T17:12:23.774883,-3.9744785,8.4705925,3.1465619
2025-09-23T17:12:23.774915,-3.9720855,8.487342,3.1250265
2025-09-23T17:12:23.944381,-4.022335,8.477771,3.1202407
2025-09-23T17:12:24.058478,-4.065406,8.408379,3.1226335
2025-09-23T17:12:24.058546,-4.034299,8.408379,3.0963125
2025-09-23T17:12:24.058608,-3.9816568,8.394022,3.089134
2025-09-23T17:12:24.058627,-4.0271206,8.449057,3.1537402
2025-09-23T17:12:24.058646,-4.0366917,8.482556,3.1250265
2025-09-23T17:12:24.058663,-4.019942,8.504091,3.1322048
2025-09-23T17:12:24.058681,-4.0390844,8.465807,3.089134
2025-09-23T17:12:24.058698,-4.034299,8.427522,3.0939198
2025-09-23T17:12:24.058735,-4.058227,8.496913,3.0293136
2025-09-23T17:12:24.141377,-4.0965123,8.52802,2.9168508
2025-09-23T17:12:24.149755,-4.1371903,8.496913,2.8689942
2025-09-23T17:12:24.149821,-4.1778684,8.516056,2.8259234
2025-09-23T17:12:24.149842,-4.17069,8.5423765,2.792424
2025-09-23T17:12:24.149861,-4.0941195,8.508878,2.6105695
2025-09-23T17:12:24.149879,-4.182654,8.463413,2.5339992
2025-09-23T17:12:24.149897,-4.287938,8.4705925,2.5555346
2025-09-23T17:12:24.149921,-4.304688,8.5423765,2.7086751
2025-09-23T17:12:24.149945,-4.2257247,8.5112705,2.6679974
2025-09-23T17:12:24.149963,-4.156333,8.465807,2.5962126
2025-09-23T17:12:24.149991,-4.1276193,8.425129,2.6129622
2025-09-23T17:12:24.353950,-4.1371903,8.465807,2.7326035
2025-09-23T17:12:24.524353,-4.1587257,8.482556,2.9096723
2025-09-23T17:12:24.524452,-4.1611185,8.41795,2.885744
2025-09-23T17:12:24.524503,-4.1778684,8.46102,2.658426
2025-09-23T17:12:24.524549,-4.058227,8.539984,2.629712
2025-09-23T17:12:24.524610,-4.031906,8.523234,2.78046
2025-09-23T17:12:24.524658,-4.0510488,8.439486,2.8977082
2025-09-23T17:12:24.524877,-4.0271206,8.338987,2.9359934
2025-09-23T17:12:24.524973,-3.9673,8.243274,3.0412776
2025-09-23T17:12:24.524997,-3.8835511,8.188239,3.2087753
2025-09-23T17:12:24.525031,-3.7136607,8.157132,3.2805598
2025-09-23T17:12:24.661271,-3.6059837,8.183454,3.4887354
2025-09-23T17:12:24.661338,-3.644269,8.130812,3.7304106
2025-09-23T17:12:24.661382,-3.5270207,7.975278,3.9074793
2025-09-23T17:12:24.661400,-3.3260236,7.8484583,4.091727
2025-09-23T17:12:24.661417,-3.1872396,7.7503524,4.316652
2025-09-23T17:12:24.661434,-3.0723844,7.5517483,4.558327
2025-09-23T17:12:24.661451,-2.9718857,7.3627152,4.7688956
2025-09-23T17:12:24.661468,-2.9240294,7.4344997,4.87418
2025-09-23T17:12:24.661485,-2.6943183,7.389036,4.7688956
2025-09-23T17:12:24.661517,-2.4598217,7.3100734,4.895715
2025-09-23T17:12:24.750001,-2.4239295,7.2502527,5.0177493
2025-09-23T17:12:24.761521,-2.3904297,7.085148,5.15414
2025-09-23T17:12:24.761561,-2.3569303,6.903293,5.608776
2025-09-23T17:12:24.761589,-2.1918256,6.7381887,5.994021
2025-09-23T17:12:24.761609,-1.9046868,6.573084,6.1328044
2025-09-23T17:12:24.761628,-1.8831514,6.4701924,6.3074803
2025-09-23T17:12:24.761646,-1.7946169,6.2548385,6.652047
2025-09-23T17:12:24.761663,-1.6247265,6.13759,7.092326
2025-09-23T17:12:24.761682,-1.2634103,6.094519,7.04447
2025-09-23T17:12:24.761701,-0.6771688,5.804988,6.960721
2025-09-23T17:12:24.761725,-0.32063824,5.278567,7.2957163
2025-09-23T17:12:24.978403,-0.1794617,4.900501,7.8484583
2025-09-23T17:12:25.018464,-0.07178468,4.658826,8.193025
2025-09-23T17:12:25.018535,0.27517462,4.5822554,8.312666
2025-09-23T17:12:25.018556,0.5886344,4.3238306,8.571091
2025-09-23T17:12:25.018583,1.012164,3.9433718,9.174082
2025-09-23T17:12:25.018601,1.605584,3.5198421,9.982856
2025-09-23T17:12:25.018619,1.9884356,2.9455647,10.51167
2025-09-23T17:12:25.018637,1.9549361,2.498107,10.820344
2025-09-23T17:12:25.018655,1.6175481,2.3928227,10.872986
2025-09-23T17:12:25.018674,1.2562319,2.3545375,10.9352
2025-09-23T17:12:25.018704,0.971486,2.4335005,11.0811615
2025-09-23T17:12:25.183196,0.74177504,2.440679,10.796415
2025-09-23T17:12:25.218000,0.47377887,2.3306093,10.0881405
2025-09-23T17:12:25.218067,0.016749758,2.1535404,9.580862
2025-09-23T17:12:25.218108,-0.40917268,1.9597218,9.533006
2025-09-23T17:12:25.218127,-0.6628119,1.672583,10.023534
2025-09-23T17:12:25.218145,-0.82313097,1.4644074,10.320244
2025-09-23T17:12:25.218162,-0.8350951,1.2777673,10.097712
2025-09-23T17:12:25.218179,-0.83030945,1.0001999,9.635897
2025-09-23T17:12:25.218195,-0.8542377,0.7322037,9.47797
2025-09-23T17:12:25.218230,-1.2921243,0.64845496,9.698111
2025-09-23T17:12:25.344289,-1.6677973,0.59581286,10.387243
2025-09-23T17:12:25.379798,-1.9477576,0.52163535,10.80838
2025-09-23T17:12:25.379853,-1.7587247,0.32303107,11.021341
2025-09-23T17:12:25.379895,-1.6103697,0.021535404,10.803595
2025-09-23T17:12:25.379914,-1.7706888,0.04546363,10.487741
2025-09-23T17:12:25.379932,-2.359323,0.79441714,9.844072
2025-09-23T17:12:25.379951,-2.1822543,0.18664017,9.437292
2025-09-23T17:12:25.379969,-1.4859428,-0.014356935,9.946963
2025-09-23T17:12:25.379988,-0.4139583,-1.0480564,10.21496
2025-09-23T17:12:25.380006,-0.7585248,-2.754139,10.492527
2025-09-23T17:12:25.380035,-1.3016955,-2.1104696,10.358529
2025-09-23T17:12:25.544957,-1.5744773,0.059820566,10.657632
2025-09-23T17:12:25.568671,-2.0841484,0.83748794,10.506885
2025-09-23T17:12:25.568712,-2.1822543,0.35413775,10.325029
2025-09-23T17:12:25.568741,-1.4141582,-0.27038896,9.97807
2025-09-23T17:12:25.568773,-0.78723866,-0.5096712,9.829716
2025-09-23T17:12:25.568792,-0.80877405,-0.4235296,9.84168
2025-09-23T17:12:25.568810,-1.1533405,-0.22253251,9.844072
2025-09-23T17:12:25.568828,-1.0145568,-0.09332009,9.927821
2025-09-23T17:12:25.568847,-1.0600204,-0.05742774,10.059426
2025-09-23T17:12:25.568866,-1.119841,-0.09571291,10.162318
2025-09-23T17:12:25.568889,-1.0719845,-0.07178468,10.174282
2025-09-23T17:12:25.748884,-1.0193424,0.043070808,9.97807
2025-09-23T17:12:25.780362,-1.0576276,0.040677983,9.643075
2025-09-23T17:12:25.780428,-1.1126626,-0.0023928226,9.578469
2025-09-23T17:12:25.780471,-1.1988041,-0.07178468,9.705289
2025-09-23T17:12:25.780489,-1.3351951,-0.16271193,9.970892
2025-09-23T17:12:25.780507,-1.4045869,-0.30867413,10.04507
2025-09-23T17:12:25.780524,-1.416551,-0.25124636,10.049855
2025-09-23T17:12:25.780542,-1.457229,-0.15792629,10.035499
2025-09-23T17:12:25.780559,-1.3256238,-0.18424734,9.891929
2025-09-23T17:12:25.780603,-1.18684,-0.148355,9.79143
2025-09-23T17:12:25.947267,-1.1270195,-0.086141616,9.755538
2025-09-23T17:12:25.985641,-1.2849457,-0.11724831,9.765109
2025-09-23T17:12:25.985711,-1.2897314,-0.1052842,9.858429
2025-09-23T17:12:25.985733,-1.2801601,0.038285162,9.899107
2025-09-23T17:12:25.985752,-1.3591232,-0.13160525,9.925428
2025-09-23T17:12:25.985770,-1.1270195,-0.26799613,9.868001
2025-09-23T17:12:25.985787,-1.1485549,-0.29192436,9.942178
2025-09-23T17:12:25.985804,-1.1820544,-0.36370903,10.054641
2025-09-23T17:12:25.985822,-1.2346965,-0.26799613,10.018748
2025-09-23T17:12:25.985840,-1.2251252,-0.0741775,9.846465
2025-09-23T17:12:25.985876,-1.253839,0.040677983,9.743574
2025-09-23T17:12:26.150005,-1.2227324,0.0071784677,9.796216
2025-09-23T17:12:26.157212,-1.1796615,-0.13878371,9.930214
2025-09-23T17:12:26.157289,-1.1581261,-0.26081768,10.023534
2025-09-23T17:12:26.157311,-1.1485549,-0.28235307,9.95175
2025-09-23T17:12:26.157329,-1.1365907,-0.17228323,9.786645
2025-09-23T17:12:26.157348,-1.1916257,-0.062213387,9.662218
2025-09-23T17:12:26.157367,-1.2394822,-0.047856454,9.678967
2025-09-23T17:12:26.157385,-1.2705889,-0.10767702,9.860822
2025-09-23T17:12:26.157403,-1.416551,-0.17467605,10.01157
2025-09-23T17:12:26.157422,-1.3950156,-0.17467605,10.076176
2025-09-23T17:12:26.157450,-1.2729816,-0.1698904,9.91825
2025-09-23T17:12:26.345143,-1.1820544,-0.13878371,9.753145
2025-09-23T17:12:26.350813,-1.1940185,-0.11246266,9.686146
2025-09-23T17:12:26.350855,-1.268196,-0.1698904,9.767502
2025-09-23T17:12:26.350897,-1.2921243,-0.2847459,9.899107
2025-09-23T17:12:26.350916,-1.3304094,-0.32063824,10.021141
2025-09-23T17:12:26.350934,-1.3854443,-0.23928227,9.927821
2025-09-23T17:12:26.350952,-1.282553,-0.16749759,9.870394
2025-09-23T17:12:26.350970,-1.1318051,-0.23928227,9.906285
2025-09-23T17:12:26.350989,-1.1485549,-0.30867413,9.875179
2025-09-23T17:12:26.351016,-1.2753744,-0.22253251,9.846465
2025-09-23T17:12:26.554275,-1.3112668,-0.12203395,9.822537
2025-09-23T17:12:26.602129,-1.2610176,-0.047856454,9.812965
2025-09-23T17:12:26.602202,-1.2059826,-0.11485548,9.899107
2025-09-23T17:12:26.602224,-1.2155539,-0.2416751,9.973285
2025-09-23T17:12:26.602242,-1.2107682,-0.25603202,9.963714
2025-09-23T17:12:26.602260,-1.1629118,-0.17706887,9.915857
2025-09-23T17:12:26.602278,-1.1796615,-0.069391854,9.834501
2025-09-23T17:12:26.602297,-1.1796615,-0.02871387,9.767502
2025-09-23T17:12:26.602315,-1.1700903,-0.08135597,9.8321085
2025-09-23T17:12:26.602335,-1.294517,-0.17706887,9.932607
2025-09-23T17:12:26.602364,-1.3734802,-0.15314065,9.879965
2025-09-23T17:12:26.745829,-1.2993027,-0.11246266,9.889536
2025-09-23T17:12:26.884185,-1.2011969,-0.09571291,9.9015
2025-09-23T17:12:26.884256,-1.0959128,-0.17228323,9.894321
2025-09-23T17:12:26.884278,-1.0839486,-0.124426775,9.879965
2025-09-23T17:12:26.884297,-1.1533405,-0.05503492,9.84168
2025-09-23T17:12:26.884316,-1.2155539,-0.02632105,9.82493
2025-09-23T17:12:26.884333,-1.1653047,-0.05742774,9.91825
2025-09-23T17:12:26.884357,-1.174876,-0.050249275,10.006784
2025-09-23T17:12:26.884382,-1.2323036,-0.124426775,10.021141
2025-09-23T17:12:26.884420,-1.174876,-0.16749759,10.01157
2025-09-23T17:12:26.943447,-1.0648061,-0.19381863,9.994821
2025-09-23T17:12:26.959788,-1.0313065,-0.12203395,9.966106
2025-09-23T17:12:26.959851,-1.0241281,-0.03589234,9.973285
2025-09-23T17:12:26.959873,-1.012164,0.043070808,10.073783
2025-09-23T17:12:26.959892,-0.95712906,0.05742774,10.119247
2025-09-23T17:12:26.959911,-0.90448695,-0.050249275,10.049855
2025-09-23T17:12:26.959930,-0.85902333,-0.06460621,9.9756775
2025-09-23T17:12:26.959948,-0.8446664,-0.05742774,9.963714
2025-09-23T17:12:26.959968,-0.87338024,0.09810573,9.958928
2025-09-23T17:12:26.959986,-0.95712906,0.2632105,10.009177
2025-09-23T17:12:26.960012,-0.8925229,0.17706887,10.025927
2025-09-23T17:12:27.143023,-0.93559366,0.06699903,10.064212
2025-09-23T17:12:27.148241,-0.91884387,0.10289137,10.243673
2025-09-23T17:12:27.148282,-0.8470592,0.1698904,10.430314
2025-09-23T17:12:27.148319,-0.66041905,0.2632105,10.487741
2025-09-23T17:12:27.148338,-0.55034924,0.3469593,10.427921
2025-09-23T17:12:27.148355,-0.4881358,0.42592242,10.382458
2025-09-23T17:12:27.148373,-0.55034924,0.5407779,10.662417
2025-09-23T17:12:27.148391,-0.4331009,-0.14596218,11.251052
2025-09-23T17:12:27.148409,-0.23688944,-0.20817557,11.492727
2025-09-23T17:12:27.148428,0.15074782,0.3589234,11.487942
2025-09-23T17:12:27.148453,0.43070808,0.6843473,11.397015
2025-09-23T17:12:27.360411,0.05503492,0.34456646,10.691132
2025-09-23T17:12:27.470476,0.2440679,0.31106696,10.51167
2025-09-23T17:12:27.470545,0.22492532,0.7537391,11.038091
2025-09-23T17:12:27.470577,-0.05503492,1.3998013,11.480763
2025-09-23T17:12:27.470596,0.18664017,1.6606189,11.2343025
2025-09-23T17:12:27.470614,0.60777694,1.9549361,10.358529
2025-09-23T17:12:27.470632,0.76331043,2.4837499,9.396614
2025-09-23T17:12:27.470649,0.85902333,3.1345978,9.111869
2025-09-23T17:12:27.470669,0.7680961,3.7567315,9.114262
2025-09-23T17:12:27.470700,0.6556334,4.046263,8.796016
2025-09-23T17:12:27.632351,0.35413775,4.1850467,8.673982
2025-09-23T17:12:27.637073,-0.13399807,4.2999024,8.882157
2025-09-23T17:12:27.637117,-0.36131623,4.409972,8.903693
2025-09-23T17:12:27.637145,-0.44745782,4.56072,8.585447
2025-09-23T17:12:27.743532,-0.6269195,4.9698925,8.274381
2025-09-23T17:12:27.754450,-0.7920243,5.4580283,7.769495
2025-09-23T17:12:27.754496,-0.7298109,5.5537415,7.281359
2025-09-23T17:12:27.754540,-0.53359944,5.613562,7.1138616
2025-09-23T17:12:27.754558,-0.55034924,5.76431,7.1377897
2025-09-23T17:12:27.754584,-0.83030945,5.9581285,7.0803623
2025-09-23T17:12:27.754602,-1.2873386,6.0514483,7.0899334
2025-09-23T17:12:27.754620,-1.2801601,6.0634127,6.876972
2025-09-23T17:12:27.754638,-1.294517,6.1184473,6.9009004
2025-09-23T17:12:27.754657,-1.6677973,6.3720865,6.9320073
2025-09-23T17:12:27.754675,-2.091327,6.5922265,6.5922265
2025-09-23T17:12:27.754693,-2.0961127,6.65444,6.161518
2025-09-23T17:12:27.754711,-2.0291135,6.6281185,5.680561
2025-09-23T17:12:27.754729,-2.361716,6.7836523,5.491528
2025-09-23T17:12:27.754747,-2.8833513,7.2765737,5.204389
2025-09-23T17:12:27.754765,-3.0412776,7.6402826,4.831109
2025-09-23T17:12:27.754790,-3.1226335,7.661818,4.613362
2025-09-23T17:12:27.966145,-2.9982069,7.4943204,4.4243293
2025-09-23T17:12:27.980490,-3.0293136,7.5182486,4.57747
2025-09-23T17:12:27.980544,-3.2063823,7.752745,4.651647
2025-09-23T17:12:27.980593,-3.3523445,7.9106717,4.26401
2025-09-23T17:12:27.980611,-3.3116665,7.8053875,3.9673
2025-09-23T17:12:27.980629,-3.562913,7.853244,3.8117664
2025-09-23T17:12:27.980646,-3.8620157,8.12124,3.6490545
2025-09-23T17:12:27.980663,-3.8739798,8.331808,3.2997024
2025-09-23T17:12:27.980680,-3.8548372,8.504091,3.101098
2025-09-23T17:12:27.980697,-3.790231,8.391629,2.6153553
2025-09-23T17:12:27.980726,-3.735196,8.274381,2.7828526
2025-09-23T17:12:28.142394,-3.8787656,8.300702,3.0005996
2025-09-23T17:12:28.149345,-4.173083,8.250452,3.0005996
2025-09-23T17:12:28.149386,-4.1084766,8.252846,2.5292134
2025-09-23T17:12:28.149412,-4.165904,8.382058,2.251646
2025-09-23T17:12:28.149461,-4.2257247,8.472985,2.2205393
2025-09-23T17:12:28.149479,-4.1611185,8.563912,2.1391835
2025-09-23T17:12:28.149497,-4.1180477,8.58784,2.1774685
2025-09-23T17:12:28.149515,-4.113262,8.717052,1.8496519
2025-09-23T17:12:28.149533,-4.331009,8.695518,1.8113668
2025-09-23T17:12:28.149552,-4.3238306,8.652447,1.6630118
2025-09-23T17:12:28.149585,-4.2855453,8.647661,1.6366907
2025-09-23T17:12:28.349309,-4.287938,8.645268,1.7395821
2025-09-23T17:12:28.464022,-4.3094735,8.595019,1.4691931
2025-09-23T17:12:28.464119,-4.314259,8.705089,1.4524434
2025-09-23T17:12:28.464174,-4.314259,8.750552,1.5050855
2025-09-23T17:12:28.464220,-4.3525443,8.69791,1.2801601
2025-09-23T17:12:28.464265,-4.398008,8.700303,1.3543376
2025-09-23T17:12:28.464309,-4.2855453,8.736196,1.3064811
2025-09-23T17:12:28.464352,-4.3645086,8.724232,1.4715859
2025-09-23T17:12:28.464396,-4.409972,8.733803,1.2466606
2025-09-23T17:12:28.464453,-4.5631127,8.712267,1.1389836
2025-09-23T17:12:28.554001,-4.5655055,8.740981,1.1557333
2025-09-23T17:12:28.667429,-4.5942197,8.874979,1.2059826
2025-09-23T17:12:28.667501,-4.462614,8.819944,1.012164
2025-09-23T17:12:28.667552,-4.342973,8.760123,0.60059845
2025-09-23T17:12:28.667612,-4.4147577,8.733803,0.6269195
2025-09-23T17:12:28.667659,-4.412365,8.69791,0.64606214
2025-09-23T17:12:28.667707,-4.388437,8.688339,0.57188463
2025-09-23T17:12:28.667876,-4.436293,8.812766,0.86141616
2025-09-23T17:12:28.667924,-4.386044,8.819944,0.8781659
2025-09-23T17:12:28.667945,-4.3740797,8.831908,0.849452
2025-09-23T17:12:28.667974,-4.3764725,8.908479,0.8255238
2025-09-23T17:12:28.747962,-4.328616,8.961121,0.8255238
2025-09-23T17:12:28.763690,-4.3262234,8.810373,0.6580262
2025-09-23T17:12:28.763764,-4.371687,8.712267,0.6364908
2025-09-23T17:12:28.763809,-4.426722,8.664411,0.82313097
2025-09-23T17:12:28.763828,-4.496114,8.738588,1.0289137
2025-09-23T17:12:28.763846,-4.5320063,8.762517,1.0815558
2025-09-23T17:12:28.763864,-4.517649,8.781659,1.0600204
2025-09-23T17:12:28.763881,-4.5128636,8.671589,0.9499506
2025-09-23T17:12:28.763898,-4.5487556,8.606983,0.8925229
2025-09-23T17:12:28.763915,-4.570291,8.71466,1.0959128
2025-09-23T17:12:28.763948,-4.5655055,8.805588,1.1724831
2025-09-23T17:12:28.950174,-4.476971,8.719446,0.88295156
2025-09-23T17:12:28.960354,-4.3908296,8.662018,0.8422736
2025-09-23T17:12:28.960441,-4.462614,8.685946,1.0743774
2025-09-23T17:12:28.960463,-4.469793,8.769695,1.2083755
2025-09-23T17:12:28.960481,-4.3908296,8.774481,1.0360922
2025-09-23T17:12:28.960499,-4.321438,8.752945,1.0743774
2025-09-23T17:12:28.960517,-4.426722,8.7266245,1.0456635
2025-09-23T17:12:28.960534,-4.4554358,8.724232,1.0648061
2025-09-23T17:12:28.960550,-4.421936,8.705089,1.0336994
2025-09-23T17:12:28.960596,-4.429115,8.740981,1.1318051
2025-09-23T17:12:29.143227,-4.493721,8.717052,1.0145568
2025-09-23T17:12:29.148150,-4.4195433,8.647661,0.91405827
2025-09-23T17:12:29.148249,-4.388437,8.645268,0.9212367
2025-09-23T17:12:29.148301,-4.45065,8.673982,1.0983056
2025-09-23T17:12:29.148347,-4.462614,8.748159,1.1437693
2025-09-23T17:12:29.148393,-4.4482574,8.796016,1.1030912
2025-09-23T17:12:29.148437,-4.4243293,8.76491,1.0719845
2025-09-23T17:12:29.148481,-4.534399,8.681161,1.0863415
2025-09-23T17:12:29.148525,-4.534399,8.630911,1.0504491
2025-09-23T17:12:29.148581,-4.520042,8.539984,1.0432707
2025-09-23T17:12:29.148642,-4.6061835,8.568698,1.1270195
2025-09-23T17:12:29.343906,-4.625326,8.633304,1.0097711
2025-09-23T17:12:29.369451,-4.469793,8.7266245,1.0408778
2025-09-23T17:12:29.369540,-4.5152564,8.762517,0.9236295
2025-09-23T17:12:29.369604,-4.517649,8.736196,0.8781659
2025-09-23T17:12:29.369661,-4.4195433,8.779266,0.9020941
2025-09-23T17:12:29.369706,-4.4578285,8.788837,1.0025927
2025-09-23T17:12:29.369750,-4.4841495,8.659625,0.9068798
2025-09-23T17:12:29.369794,-4.4243293,8.599805,0.8542377
2025-09-23T17:12:29.369837,-4.429115,8.678768,0.9164511
2025-09-23T17:12:29.369880,-4.462614,8.7673025,0.9954142
2025-09-23T17:12:29.369946,-4.4195433,8.853444,0.8877372
2025-09-23T17:12:29.536463,-4.371687,8.800801,0.8470592
2025-09-23T17:12:29.545580,-4.3788652,8.740981,0.85902333
2025-09-23T17:12:29.545680,-4.4195433,8.743374,1.0217353
2025-09-23T17:12:29.545731,-4.398008,8.779266,1.0456635
2025-09-23T17:12:29.545784,-4.4410787,8.745767,1.0767702
2025-09-23T17:12:29.545830,-4.493721,8.707481,1.1653047
2025-09-23T17:12:29.545874,-4.436293,8.673982,1.1222339
2025-09-23T17:12:29.545920,-4.386044,8.657232,1.0289137
2025-09-23T17:12:29.545963,-4.5224347,8.676374,1.0983056
2025-09-23T17:12:29.546020,-4.54397,8.700303,1.0719845
2025-09-23T17:12:29.737302,-4.429115,8.690732,0.94755775
2025-09-23T17:12:29.787436,-4.4195433,8.685946,0.94755775
2025-09-23T17:12:29.787535,-4.546363,8.724232,1.0313065
2025-09-23T17:12:29.787606,-4.5296135,8.729017,1.0313065
2025-09-23T17:12:29.787654,-4.3908296,8.743374,0.9451649
2025-09-23T17:12:29.787700,-4.3645086,8.702696,0.89491564
2025-09-23T17:12:29.787746,-4.316652,8.659625,0.83030945
2025-09-23T17:12:29.787790,-4.3094735,8.693125,0.90448695
2025-09-23T17:12:29.787834,-4.3645086,8.721839,1.0552348
2025-09-23T17:12:29.787878,-4.421936,8.807981,1.1294123
2025-09-23T17:12:29.787934,-4.409972,8.815159,1.026521
2025-09-23T17:12:29.941862,-4.395615,8.733803,1.0313065
2025-09-23T17:12:30.030116,-4.4339004,8.69791,1.1030912
2025-09-23T17:12:30.030214,-4.438686,8.695518,1.1126626
2025-09-23T17:12:30.030266,-4.4171505,8.748159,1.1246266
2025-09-23T17:12:30.030312,-4.462614,8.7673025,1.227518
2025-09-23T17:12:30.030357,-4.4674,8.73141,1.0767702
2025-09-23T17:12:30.030401,-4.4195433,8.738588,0.9164511
2025-09-23T17:12:30.030446,-4.3908296,8.817552,0.9667004
2025-09-23T17:12:30.030490,-4.345366,8.817552,1.0432707
2025-09-23T17:12:30.030534,-4.345366,8.733803,0.9954142
2025-09-23T17:12:30.030600,-4.359723,8.740981,1.0025927
2025-09-23T17:12:30.140832,-4.3932223,8.769695,1.012164
2025-09-23T17:12:30.189727,-4.4004006,8.793623,1.0193424
2025-09-23T17:12:30.189822,-4.395615,8.82473,1.012164
2025-09-23T17:12:30.189872,-4.369294,8.784052,1.012164
2025-09-23T17:12:30.189917,-4.412365,8.719446,1.119841
2025-09-23T17:12:30.189960,-4.421936,8.666803,1.1246266
2025-09-23T17:12:30.190004,-4.438686,8.688339,1.0073783
2025-09-23T17:12:30.190046,-4.469793,8.71466,0.9882358
2025-09-23T17:12:30.190090,-4.4721856,8.702696,0.9906286
2025-09-23T17:12:30.190146,-4.3932223,8.683554,0.9906286
2025-09-23T17:12:30.342454,-4.3334017,8.73141,1.0552348
2025-09-23T17:12:30.345676,-4.3645086,8.807981,1.146162
2025-09-23T17:12:30.345772,-4.354937,8.855837,1.1174482
2025-09-23T17:12:30.345823,-4.2975097,8.800801,1.0169497
2025-09-23T17:12:30.345868,-4.273581,8.7577305,0.9954142
2025-09-23T17:12:30.345914,-4.287938,8.7577305,1.1006985
2025-09-23T17:12:30.345957,-4.28076,8.796016,1.160519
2025-09-23T17:12:30.346001,-4.304688,8.805588,1.1533405
2025-09-23T17:12:30.346044,-4.345366,8.781659,1.1318051
2025-09-23T17:12:30.346088,-4.331009,8.752945,1.1389836
2025-09-23T17:12:30.346145,-4.3740797,8.733803,1.1246266
2025-09-23T17:12:30.551435,-4.3669014,8.748159,1.1365907
2025-09-23T17:12:30.606394,-4.3788652,8.745767,1.1988041
2025-09-23T17:12:30.606478,-4.3334017,8.748159,1.1916257
2025-09-23T17:12:30.606532,-4.345366,8.76491,1.2059826
2025-09-23T17:12:30.606591,-4.4554358,8.762517,1.227518
2025-09-23T17:12:30.606637,-4.398008,8.736196,1.1940185
2025-09-23T17:12:30.606682,-4.2592244,8.712267,1.1557333
2025-09-23T17:12:30.606726,-4.2975097,8.709874,1.2514462
2025-09-23T17:12:30.606769,-4.3812585,8.736196,1.3375878
2025-09-23T17:12:30.606823,-4.4075794,8.736196,1.2753744
2025-09-23T17:12:30.738911,-4.3836513,8.760123,1.2155539
2025-09-23T17:12:30.742453,-4.386044,8.729017,1.1246266
2025-09-23T17:12:30.742548,-4.3094735,8.695518,1.0600204
2025-09-23T17:12:30.742610,-4.2448673,8.659625,1.146162
2025-09-23T17:12:30.742657,-4.354937,8.709874,1.3351951
2025-09-23T17:12:30.742703,-4.2999024,8.707481,1.3926228
2025-09-23T17:12:30.742747,-4.273581,8.685946,1.4117653
2025-09-23T17:12:30.742790,-4.354937,8.683554,1.6701902
2025-09-23T17:12:30.742842,-4.4602213,8.702696,1.8496519
2025-09-23T17:12:30.742896,-4.4339004,8.752945,1.6893328
2025-09-23T17:12:30.742956,-4.345366,8.752945,1.4739788
2025-09-23T17:12:30.946837,-4.347759,8.7266245,1.3519448
2025-09-23T17:12:31.020247,-4.290331,8.657232,1.2849457
2025-09-23T17:12:31.020340,-4.2448673,8.664411,1.2658032
2025-09-23T17:12:31.020391,-4.2664027,8.681161,1.3328022
2025-09-23T17:12:31.020436,-4.3812585,8.69791,1.4596218
2025-09-23T17:12:31.020481,-4.421936,8.740981,1.5194423
2025-09-23T17:12:31.020525,-4.4458647,8.7673025,1.550549
2025-09-23T17:12:31.020582,-4.469793,8.729017,1.4644074
2025-09-23T17:12:31.020781,-4.5415773,8.71466,1.3256238
2025-09-23T17:12:31.020828,-4.5415773,8.717052,1.2083755
2025-09-23T17:12:31.138813,-4.5248275,8.736196,0.91166544
2025-09-23T17:12:31.146234,-4.5798626,8.79123,0.5694918
2025-09-23T17:12:31.146278,-4.570291,8.817552,0.36610186
2025-09-23T17:12:31.146299,-4.575077,8.781659,0.33738798
2025-09-23T17:12:31.146317,-4.601398,8.7577305,0.26799613
2025-09-23T17:12:31.146336,-4.644469,8.688339,0.25124636
2025-09-23T17:12:31.146354,-4.625326,8.707481,0.2416751
2025-09-23T17:12:31.146372,-4.5655055,8.855837,0.28235307
2025-09-23T17:12:31.146390,-4.5678983,8.9013,0.43070808
2025-09-23T17:12:31.146407,-4.5487556,8.851051,0.49292147
2025-09-23T17:12:31.146430,-4.4889355,8.79123,0.5383851
2025-09-23T17:12:31.348696,-4.4434714,8.815159,0.71306115
2025-09-23T17:12:31.358626,-4.4602213,8.843872,0.9667004
2025-09-23T17:12:31.358688,-4.398008,8.937193,1.0552348
2025-09-23T17:12:31.358724,-4.316652,8.949157,1.0360922
2025-09-23T17:12:31.358744,-4.3070807,8.85823,1.079163
2025-09-23T17:12:31.358762,-4.4171505,8.664411,1.3950156
2025-09-23T17:12:31.358781,-4.436293,8.559127,1.698904
2025-09-23T17:12:31.358798,-4.211368,8.449057,1.7443677
2025-09-23T17:12:31.358816,-4.1084766,8.415557,1.995614
2025-09-23T17:12:31.358834,-4.106084,8.427522,2.347359
2025-09-23T17:12:31.358866,-3.9649072,8.41795,2.4933212
2025-09-23T17:12:31.549980,-3.8739798,8.34138,2.4717858
2025-09-23T17:12:31.662999,-3.9338005,8.126026,2.7302105
2025-09-23T17:12:31.663077,-3.9194436,8.01117,3.2685957
2025-09-23T17:12:31.663129,-3.8237305,8.02792,3.7328033
2025-09-23T17:12:31.663176,-3.6681972,8.092526,3.8117664
2025-09-23T17:12:31.663220,-3.5581272,8.042277,3.792624
2025-09-23T17:12:31.663264,-3.4624143,8.023134,3.8644085
2025-09-23T17:12:31.663307,-3.414558,8.092526,3.8907297
2025-09-23T17:12:31.663353,-3.3786657,8.1738825,3.9074793
2025-09-23T17:12:31.663420,-3.050849,8.090134,3.979264
2025-09-23T17:12:31.770943,-2.8498518,8.116454,3.8093736
2025-09-23T17:12:31.778222,-3.1082766,8.092526,4.101298
2025-09-23T17:12:31.778330,-3.199204,7.704889,4.5224347
2025-09-23T17:12:31.778382,-2.9958138,7.1473613,4.321438
2025-09-23T17:12:31.778432,-2.7972097,6.814759,3.9338005
2025-09-23T17:12:31.778479,-2.589034,6.946364,4.302295
2025-09-23T17:12:31.778528,-2.3353949,7.176075,5.058427
2025-09-23T17:12:31.778583,-2.0817556,7.02772,5.2498527
2025-09-23T17:12:31.778630,-2.0554347,6.74776,5.355137
2025-09-23T17:12:31.778674,-1.7898313,6.3720865,5.879165
2025-09-23T17:12:31.778819,-1.3208381,6.013163,6.587441
2025-09-23T17:12:31.778907,-1.1126626,5.788238,7.3842506
2025-09-23T17:12:31.978770,-1.038485,5.4412785,8.154739
2025-09-23T17:12:32.146401,-0.80877405,5.127819,8.243274
2025-09-23T17:12:32.146463,-0.54317075,4.9866424,7.6546397
2025-09-23T17:12:32.146485,-0.16749759,4.883751,7.3698936
2025-09-23T17:12:32.146504,0.38524446,4.9531426,7.5086775
2025-09-23T17:12:32.146522,1.1389836,4.8191447,7.982456
2025-09-23T17:12:32.146539,1.847259,4.3932223,8.681161
2025-09-23T17:12:32.146556,2.0961127,3.7686956,9.659825
2025-09-23T17:12:32.146579,1.8329022,3.2183464,10.447063
2025-09-23T17:12:32.146608,1.4883357,3.0412776,10.803595
2025-09-23T17:12:32.186899,1.4811572,3.0652058,10.992627
2025-09-23T17:12:32.186950,1.5696917,3.141776,11.279766
2025-09-23T17:12:32.186971,1.5457634,3.1106694,11.4018
2025-09-23T17:12:32.186990,1.1150553,3.0149565,10.853844
2025-09-23T17:12:32.187014,0.91884387,2.754139,10.1288185
2025-09-23T17:12:32.187037,0.8039884,2.3952155,9.755538
2025-09-23T17:12:32.187055,0.45224348,2.1774685,9.678967
2025-09-23T17:12:32.187073,0.15792629,1.8903298,9.803394
2025-09-23T17:12:32.187090,-0.033499517,1.402194,9.961321
2025-09-23T17:12:32.187107,-0.09332009,1.0313065,10.054641
2025-09-23T17:12:32.187132,-0.19621146,0.85902333,9.937392
2025-09-23T17:12:32.354205,-0.45224348,0.9379865,9.899107
2025-09-23T17:12:32.357347,-1.0145568,1.0671989,10.054641
2025-09-23T17:12:32.357442,-1.5337993,1.1533405,10.313066
2025-09-23T17:12:32.357495,-1.672583,1.0648061,10.420743
2025-09-23T17:12:32.357541,-2.0027926,1.0025927,10.334601
2025-09-23T17:12:32.357599,-1.7012969,0.87338024,10.298709
2025-09-23T17:12:32.357647,-1.4907285,0.9619147,10.2317095
2025-09-23T17:12:32.357692,-1.5194423,1.375873,10.286744
2025-09-23T17:12:32.357736,-1.18684,1.1318051,9.8632145
2025-09-23T17:12:32.357780,-0.83030945,0.5240282,9.753145
2025-09-23T17:12:32.357844,-0.33499518,-0.062213387,9.942178
2025-09-23T17:12:32.567968,-0.13878371,-1.2227324,9.700503
2025-09-23T17:12:32.680937,-0.4761717,-2.4071796,10.124033
2025-09-23T17:12:32.681038,-1.3136597,-1.7706888,10.987842
2025-09-23T17:12:32.681091,-1.442872,-0.33020952,11.327622
2025-09-23T17:12:32.681138,-1.605584,0.2656033,10.949556
2025-09-23T17:12:32.681184,-2.1966112,0.32303107,10.444671
2025-09-23T17:12:32.681230,-1.7347964,0.11964113,9.887143
2025-09-23T17:12:32.681279,-1.2394822,0.023928227,9.446864
2025-09-23T17:12:32.681323,-1.1270195,-0.12203395,9.406186
2025-09-23T17:12:32.681390,-1.0719845,-0.3469593,9.674182
2025-09-23T17:12:32.764247,-1.0360922,-0.49292147,10.025927
2025-09-23T17:12:32.881034,-1.119841,-0.5599205,10.19821
2025-09-23T17:12:32.881134,-1.4452649,-0.49052864,10.124033
2025-09-23T17:12:32.881187,-1.6414764,-0.19381863,9.97807
2025-09-23T17:12:32.881234,-1.591227,0.14117654,10.100104
2025-09-23T17:12:32.881279,-1.416551,0.16271193,10.07139
2025-09-23T17:12:32.881325,-1.2227324,-0.031106694,9.817751
2025-09-23T17:12:32.881370,-0.9810573,-0.18185452,9.683753
2025-09-23T17:12:32.881416,-0.8135597,-0.29192436,9.817751
2025-09-23T17:12:32.881460,-1.0624132,-0.2321038,9.911072
2025-09-23T17:12:32.881506,-1.2634103,-0.0047856453,9.944571
2025-09-23T17:12:32.881551,-1.1724831,-0.04546363,9.958928
2025-09-23T17:12:32.881606,-1.0767702,-0.15553348,9.88475
2025-09-23T17:12:32.881677,-1.1365907,-0.2440679,9.997213
2025-09-23T17:12:33.017380,-1.3160524,-0.21296121,10.064212
2025-09-23T17:12:33.026679,-1.3615161,-0.12203395,10.04507
2025-09-23T17:12:33.026779,-1.2514462,-0.06699903,9.798609
2025-09-23T17:12:33.026831,-1.1844472,-0.07178468,9.573684
2025-09-23T17:12:33.026877,-1.1006985,-0.35653058,9.836894
2025-09-23T17:12:33.026924,-1.1413764,-0.5072784,9.882358
2025-09-23T17:12:33.026970,-1.3304094,-0.55752766,9.8321085
2025-09-23T17:12:33.027015,-1.550549,-0.45942193,9.817751
2025-09-23T17:12:33.027059,-1.550549,-0.21296121,9.9015
2025-09-23T17:12:33.027104,-1.6007984,-0.040677983,9.937392
2025-09-23T17:12:33.027169,-1.6271194,0.0741775,9.865608
2025-09-23T17:12:33.223991,-1.4668003,0.09332009,9.781859
2025-09-23T17:12:33.276985,-1.2849457,0.021535404,9.781859
2025-09-23T17:12:33.277080,-1.3328022,-0.062213387,9.834501
2025-09-23T17:12:33.277132,-1.3782659,-0.15074782,9.822537
2025-09-23T17:12:33.277179,-1.3830515,-0.15074782,9.84168
2025-09-23T17:12:33.277225,-1.3782659,-0.14117654,9.889536
2025-09-23T17:12:33.277271,-1.3328022,-0.09332009,9.894321
2025-09-23T17:12:33.277316,-1.3351951,-0.09571291,9.889536
2025-09-23T17:12:33.277361,-1.308874,-0.12203395,9.844072
2025-09-23T17:12:33.277406,-1.3016955,-0.11006984,9.8632145
2025-09-23T17:12:33.277464,-1.3974084,-0.1268196,9.906285
2025-09-23T17:12:33.476436,-1.5122639,-0.13399807,9.891929
2025-09-23T17:12:33.483709,-1.5170496,-0.11724831,9.853643
2025-09-23T17:12:33.483806,-1.4931214,-0.086141616,9.834501
2025-09-23T17:12:33.483858,-1.4931214,-0.076570325,9.777073
2025-09-23T17:12:33.483905,-1.4476577,-0.06699903,9.805787
2025-09-23T17:12:33.483962,-1.4380864,-0.047856454,9.805787
2025-09-23T17:12:33.484021,-1.442872,-0.06460621,9.801002
2025-09-23T17:12:33.484065,-1.4907285,-0.0741775,9.815358
2025-09-23T17:12:33.484110,-1.5026926,-0.09810573,9.851251
2025-09-23T17:12:33.484174,-1.4907285,-0.11485548,9.877572
2025-09-23T17:12:33.616913,-1.4141582,-0.16749759,9.834501
2025-09-23T17:12:33.632505,-1.3782659,-0.1794617,9.812965
2025-09-23T17:12:33.632622,-1.3830515,-0.13878371,9.820144
2025-09-23T17:12:33.632676,-1.3854443,-0.12921242,9.868001
2025-09-23T17:12:33.632723,-1.457229,-0.1268196,9.858429
2025-09-23T17:12:33.632769,-1.4596218,-0.08135597,9.815358
2025-09-23T17:12:33.632816,-1.442872,-0.062213387,9.786645
2025-09-23T17:12:33.632862,-1.4261223,-0.09092726,9.8632145
2025-09-23T17:12:33.632910,-1.4380864,-0.14596218,9.891929
2025-09-23T17:12:33.632955,-1.4356936,-0.14356937,9.856036
2025-09-23T17:12:33.633018,-1.3950156,-0.14117654,9.8321085
2025-09-23T17:12:33.838677,-1.3447664,-0.15074782,9.80818
2025-09-23T17:12:33.958891,-1.3998013,-0.17467605,9.829716
2025-09-23T17:12:33.959006,-1.4524434,-0.19142582,9.95175
2025-09-23T17:12:33.959058,-1.6175481,-0.21535404,10.097712
2025-09-23T17:12:33.959106,-1.6199409,-0.24885355,10.025927
2025-09-23T17:12:33.959151,-1.4739788,-0.18185452,9.779466
2025-09-23T17:12:33.959196,-1.2753744,-0.07178468,9.516255
2025-09-23T17:12:33.959241,-1.3040884,-0.0071784677,9.68136
2025-09-23T17:12:33.959286,-1.3974084,-0.09092726,10.001999
2025-09-23T17:12:33.959330,-1.4835501,-0.19621146,10.07139
2025-09-23T17:12:33.959393,-1.3615161,-0.14596218,9.772287
2025-09-23T17:12:34.017186,-1.1246266,0.011964113,9.678967
2025-09-23T17:12:34.024983,-1.0815558,-0.02871387,9.856036
2025-09-23T17:12:34.025083,-1.1772687,-0.12203395,9.9756775
2025-09-23T17:12:34.025136,-1.2897314,-0.1794617,9.956535
2025-09-23T17:12:34.025185,-1.2801601,-0.10049855,9.91825
2025-09-23T17:12:34.025233,-1.2059826,-0.059820566,9.990034
2025-09-23T17:12:34.025279,-1.160519,-0.076570325,10.059426
2025-09-23T17:12:34.025324,-1.2059826,-0.069391854,9.97807
2025-09-23T17:12:34.025370,-1.1365907,-0.043070808,9.803394
2025-09-23T17:12:34.025435,-1.0408778,-0.0071784677,9.753145
2025-09-23T17:12:34.241650,-1.1030912,-0.019142581,9.817751
2025-09-23T17:12:34.350777,-1.2370893,-0.09571291,9.865608
2025-09-23T17:12:34.350850,-1.3208381,-0.13160525,9.889536
2025-09-23T17:12:34.350902,-1.3543376,-0.13160525,10.01157
2025-09-23T17:12:34.350949,-1.3782659,-0.0741775,10.054641
2025-09-23T17:12:34.350994,-1.3639089,0.014356935,9.8727865
2025-09-23T17:12:34.351040,-1.2586247,0.031106694,9.688539
2025-09-23T17:12:34.351085,-1.1700903,-0.0071784677,9.645468
2025-09-23T17:12:34.351130,-1.1988041,-0.04546363,9.801002
2025-09-23T17:12:34.351174,-1.2969099,-0.05503492,9.911072
2025-09-23T17:12:34.351232,-1.3351951,-0.083748795,9.944571
2025-09-23T17:12:34.425585,-1.3064811,-0.0741775,9.966106
2025-09-23T17:12:34.571035,-1.2921243,-0.062213387,9.973285
2025-09-23T17:12:34.571138,-1.2323036,-0.0071784677,9.939785
2025-09-23T17:12:34.571191,-1.1700903,0.07178468,9.9038925
2025-09-23T17:12:34.571239,-1.2155539,0.20578274,9.851251
2025-09-23T17:12:34.571285,-1.227518,0.21535404,9.798609
2025-09-23T17:12:34.571331,-1.2035898,0.09092726,9.793823
2025-09-23T17:12:34.571376,-1.2323036,-0.031106694,9.786645
2025-09-23T17:12:34.571423,-1.2873386,0.078963146,9.736395
2025-09-23T17:12:34.571469,-1.3639089,0.19621146,9.769895
2025-09-23T17:12:34.571532,-1.4548361,0.2009971,9.942178
2025-09-23T17:12:34.647716,-1.4787644,0.07178468,10.047462
2025-09-23T17:12:34.726525,-1.3926228,-0.04546363,9.949356
2025-09-23T17:12:34.726631,-1.1796615,-0.038285162,9.810573
2025-09-23T17:12:34.726683,-1.052842,0.02871387,9.726824
2025-09-23T17:12:34.726729,-1.0719845,0.10049855,9.868001
2025-09-23T17:12:34.726774,-1.2370893,0.10767702,9.88475
2025-09-23T17:12:34.726823,-1.2299109,0.10289137,9.877572
2025-09-23T17:12:34.726868,-1.2155539,0.06699903,10.018748
2025-09-23T17:12:34.726912,-1.2107682,0.04546363,10.090533
2025-09-23T17:12:34.726983,-1.308874,0.11724831,10.083355
2025-09-23T17:12:34.830692,-1.2658032,0.1698904,9.848858
2025-09-23T17:12:34.848234,-1.146162,0.20338993,9.635897
2025-09-23T17:12:34.848328,-1.038485,0.18664017,9.700503
2025-09-23T17:12:34.848380,-1.1150553,0.20578274,9.949356
2025-09-23T17:12:34.848429,-1.3591232,0.2009971,9.899107
2025-09-23T17:12:34.848473,-1.3998013,0.2536392,9.738789
2025-09-23T17:12:34.848519,-1.2801601,0.2416751,9.724431
2025-09-23T17:12:34.848563,-1.1820544,0.18185452,9.894321
2025-09-23T17:12:34.848687,-1.2299109,0.16510476,9.9756775
2025-09-23T17:12:34.848716,-1.294517,0.2009971,9.908679
2025-09-23T17:12:34.848752,-1.294517,0.28953153,9.726824
2025-09-23T17:12:35.049643,-1.1485549,0.31345975,9.667004
2025-09-23T17:12:35.107833,-1.1102697,0.29671,9.827323
2025-09-23T17:12:35.107875,-1.1724831,0.21296121,9.987641
2025-09-23T17:12:35.107897,-1.2801601,0.16271193,10.047462
2025-09-23T17:12:35.107915,-1.3351951,0.20578274,9.934999
2025-09-23T17:12:35.107933,-1.2729816,0.30867413,9.781859
2025-09-23T17:12:35.107952,-1.1581261,0.3469593,9.827323
2025-09-23T17:12:35.107970,-1.1581261,0.29910284,9.899107
2025-09-23T17:12:35.107986,-1.2083755,0.21535404,9.846465
2025-09-23T17:12:35.108012,-1.2634103,0.21296121,9.877572
2025-09-23T17:12:35.248200,-1.3184453,0.23688944,9.879965
2025-09-23T17:12:35.269727,-1.2394822,0.2536392,9.786645
2025-09-23T17:12:35.269787,-1.1844472,0.23449662,9.801002
2025-09-23T17:12:35.269809,-1.2323036,0.19142582,9.844072
2025-09-23T17:12:35.269828,-1.3112668,0.2321038,9.803394
2025-09-23T17:12:35.269846,-1.3304094,0.31585258,9.695718
2025-09-23T17:12:35.269862,-1.2107682,0.3804588,9.638289
2025-09-23T17:12:35.269879,-1.1246266,0.37806597,9.79143
2025-09-23T17:12:35.269896,-1.174876,0.2943172,10.049855
2025-09-23T17:12:35.269913,-1.282553,0.22971097,10.097712
2025-09-23T17:12:35.269945,-1.1509477,0.2656033,9.944571
2025-09-23T17:12:35.428587,-1.0408778,0.34217364,9.796216
2025-09-23T17:12:35.537208,-1.0025927,0.38285163,9.760324
2025-09-23T17:12:35.537296,-1.012164,0.34217364,9.858429
2025-09-23T17:12:35.537318,-1.1365907,0.28953153,9.91825
2025-09-23T17:12:35.537337,-1.2514462,0.28713873,9.920643
2025-09-23T17:12:35.537354,-1.3184453,0.3182454,9.899107
2025-09-23T17:12:35.537372,-1.2610176,0.31585258,9.865608
2025-09-23T17:12:35.537389,-1.160519,0.30149564,9.82493
2025-09-23T17:12:35.537405,-1.0887343,0.22971097,9.836894
2025-09-23T17:12:35.537439,-1.1150553,0.18185452,9.868001
2025-09-23T17:12:35.617068,-1.2227324,0.19860429,9.882358
2025-09-23T17:12:35.639697,-1.2442678,0.20817557,9.923036
2025-09-23T17:12:35.639776,-1.2586247,0.1794617,9.944571
2025-09-23T17:12:35.639798,-1.2514462,0.18185452,9.95175
2025-09-23T17:12:35.639816,-1.2299109,0.18424734,9.858429
2025-09-23T17:12:35.639834,-1.1844472,0.25603202,9.856036
2025-09-23T17:12:35.639851,-1.2059826,0.22013968,9.879965
2025-09-23T17:12:35.639868,-1.2490535,0.1794617,9.887143
2025-09-23T17:12:35.639886,-1.2873386,0.20338993,9.913465
2025-09-23T17:12:35.639904,-1.2801601,0.2009971,9.868001
2025-09-23T17:12:35.639937,-1.2179468,0.22731815,9.875179
2025-09-23T17:12:35.832081,-1.160519,0.20338993,9.906285
2025-09-23T17:12:35.844240,-1.1700903,0.21535404,9.911072
2025-09-23T17:12:35.844338,-1.2179468,0.2321038,9.848858
2025-09-23T17:12:35.844390,-1.1844472,0.2727818,9.786645
2025-09-23T17:12:35.844438,-1.1581261,0.28235307,9.8321085
2025-09-23T17:12:35.844482,-1.1676974,0.30149564,9.879965
2025-09-23T17:12:35.844529,-1.1892328,0.2632105,9.868001
2025-09-23T17:12:35.844586,-1.1724831,0.23928227,9.8632145
2025-09-23T17:12:35.844635,-1.1940185,0.21774685,9.834501
2025-09-23T17:12:35.844680,-1.1988041,0.21774685,9.82493
2025-09-23T17:12:35.844743,-1.1820544,0.21296121,9.817751
2025-09-23T17:12:36.016113,-1.146162,0.19860429,9.915857
2025-09-23T17:12:36.055496,-1.2394822,0.15553348,9.946963
2025-09-23T17:12:36.055602,-1.3064811,0.11246266,9.920643
2025-09-23T17:12:36.055655,-1.2729816,0.1363909,9.915857
2025-09-23T17:12:36.055703,-1.2705889,0.20338993,9.894321
2025-09-23T17:12:36.055759,-1.2227324,0.20578274,9.805787
2025-09-23T17:12:36.055820,-1.2035898,0.23928227,9.79143
2025-09-23T17:12:36.055864,-1.18684,0.19381863,9.891929
2025-09-23T17:12:36.055908,-1.253839,0.17228323,9.954143
2025-09-23T17:12:36.055983,-1.2801601,0.17706887,9.937392
2025-09-23T17:12:36.218203,-1.2466606,0.2009971,9.82493
2025-09-23T17:12:36.256949,-1.1509477,0.22013968,9.79143
2025-09-23T17:12:36.257041,-1.1413764,0.22492532,9.812965
2025-09-23T17:12:36.257093,-1.1988041,0.19142582,9.80818
2025-09-23T17:12:36.257141,-1.2251252,0.16510476,9.879965
2025-09-23T17:12:36.257186,-1.2131611,0.15314065,9.946963
2025-09-23T17:12:36.257231,-1.2323036,0.14356937,9.970892
2025-09-23T17:12:36.257276,-1.1964114,0.15553348,9.970892
2025-09-23T17:12:36.257321,-1.134198,0.10767702,9.889536
2025-09-23T17:12:36.257366,-1.1246266,0.08853444,9.848858
2025-09-23T17:12:36.257433,-1.227518,0.09332009,9.887143
2025-09-23T17:12:36.427981,-1.3040884,0.11724831,9.856036
2025-09-23T17:12:36.463902,-1.3160524,0.09810573,9.856036
2025-09-23T17:12:36.464001,-1.2705889,0.11964113,9.9038925
2025-09-23T17:12:36.464052,-1.2418749,0.13399807,9.899107
2025-09-23T17:12:36.464103,-1.2514462,0.148355,9.839287
2025-09-23T17:12:36.464149,-1.2610176,0.16031912,9.803394
2025-09-23T17:12:36.464194,-1.2394822,0.17706887,9.805787
2025-09-23T17:12:36.464238,-1.253839,0.15792629,9.846465
2025-09-23T17:12:36.464285,-1.2131611,0.14356937,9.906285
2025-09-23T17:12:36.464329,-1.227518,0.1052842,9.899107
2025-09-23T17:12:36.464393,-1.2418749,0.11246266,9.899107
2025-09-23T17:12:36.618711,-1.2418749,0.16749759,9.889536
2025-09-23T17:12:36.623012,-1.2370893,0.15314065,9.891929
2025-09-23T17:12:36.623113,-1.2131611,0.148355,9.856036
2025-09-23T17:12:36.623165,-1.2418749,0.14596218,9.875179
2025-09-23T17:12:36.623213,-1.2346965,0.14117654,9.865608
2025-09-23T17:12:36.623266,-1.2299109,0.12921242,9.882358
2025-09-23T17:12:36.623314,-1.2083755,0.13160525,9.920643
2025-09-23T17:12:36.623359,-1.227518,0.11485548,9.9015
2025-09-23T17:12:36.623404,-1.227518,0.078963146,9.891929
2025-09-23T17:12:36.623479,-1.2490535,0.09092726,9.920643
2025-09-23T17:12:36.816811,-1.2873386,0.11485548,9.891929
2025-09-23T17:12:36.872590,-1.2466606,0.15314065,9.812965
2025-09-23T17:12:36.872661,-1.1988041,0.13160525,9.839287
2025-09-23T17:12:36.872696,-1.227518,0.12921242,9.882358
2025-09-23T17:12:36.872716,-1.2777673,0.14356937,9.894321
2025-09-23T17:12:36.872735,-1.2586247,0.148355,9.899107
2025-09-23T17:12:36.872753,-1.2131611,0.11485548,9.851251
2025-09-23T17:12:36.872771,-1.1940185,0.11246266,9.846465
2025-09-23T17:12:36.872789,-1.2083755,0.17706887,9.894321
2025-09-23T17:12:36.872807,-1.2227324,0.17228323,9.860822
2025-09-23T17:12:36.872841,-1.2179468,0.16749759,9.846465
2025-09-23T17:12:37.016232,-1.2155539,0.15074782,9.848858
2025-09-23T17:12:37.022048,-1.1940185,0.124426775,9.870394
2025-09-23T17:12:37.022102,-1.2035898,0.11246266,9.882358
2025-09-23T17:12:37.022125,-1.2179468,0.10289137,9.889536
2025-09-23T17:12:37.022145,-1.2490535,0.12203395,9.865608
2025-09-23T17:12:37.022164,-1.2442678,0.11485548,9.856036
2025-09-23T17:12:37.022182,-1.2514462,0.11964113,9.88475
2025-09-23T17:12:37.022201,-1.2155539,0.13160525,9.860822
2025-09-23T17:12:37.022219,-1.2514462,0.13160525,9.858429
2025-09-23T17:12:37.022244,-1.227518,0.11485548,9.856036
2025-09-23T17:12:37.216880,-1.2203395,0.11964113,9.875179
2025-09-23T17:12:37.219389,-1.2610176,0.11485548,9.875179
2025-09-23T17:12:37.219483,-1.2203395,0.12203395,9.88475
2025-09-23T17:12:37.219534,-1.2155539,0.10767702,9.9015
2025-09-23T17:12:37.219590,-1.2370893,0.11964113,9.877572
2025-09-23T17:12:37.219674,-1.2299109,0.13878371,9.853643
2025-09-23T17:12:37.219762,-1.2203395,0.16031912,9.858429
2025-09-23T17:12:37.219787,-1.2203395,0.15792629,9.870394
2025-09-23T17:12:37.219807,-1.2155539,0.148355,9.848858
2025-09-23T17:12:37.219826,-1.2251252,0.13160525,9.860822
2025-09-23T17:12:37.219861,-1.2083755,0.11724831,9.8632145
2025-09-23T17:12:37.420399,-1.2179468,0.11246266,9.856036
2025-09-23T17:12:37.424057,-1.227518,0.10289137,9.899107
2025-09-23T17:12:37.424125,-1.253839,0.09571291,9.913465
2025-09-23T17:12:37.424147,-1.2203395,0.10767702,9.925428
2025-09-23T17:12:37.424165,-1.2155539,0.11724831,9.846465
2025-09-23T17:12:37.424183,-1.2107682,0.15553348,9.839287
2025-09-23T17:12:37.424200,-1.2179468,0.14356937,9.870394
2025-09-23T17:12:37.424217,-1.2131611,0.13160525,9.8727865
2025-09-23T17:12:37.424234,-1.2323036,0.11006984,9.877572
2025-09-23T17:12:37.424251,-1.2370893,0.13878371,9.844072
2025-09-23T17:12:37.424275,-1.227518,0.16510476,9.82493
2025-09-23T17:12:37.619421,-1.2083755,0.16031912,9.848858
2025-09-23T17:12:37.748746,-1.2083755,0.15314065,9.882358
2025-09-23T17:12:37.748834,-1.227518,0.10289137,9.889536
2025-09-23T17:12:37.748857,-1.2466606,0.1052842,9.82493
2025-09-23T17:12:37.748877,-1.2083755,0.13160525,9.8727865
2025-09-23T17:12:37.748895,-1.2227324,0.1052842,9.899107
2025-09-23T17:12:37.748913,-1.2107682,0.12203395,9.913465
2025-09-23T17:12:37.748931,-1.2203395,0.09092726,9.896714
2025-09-23T17:12:37.748949,-1.2442678,0.09810573,9.879965
2025-09-23T17:12:37.748982,-1.253839,0.1268196,9.851251
